ISO-10303-21;
HEADER;
/* Generated by software containing ST-Developer
 * from STEP Tools, Inc. (www.steptools.com) 
 */

FILE_DESCRIPTION(
/* description */ (''),
/* implementation_level */ '2;1');

FILE_NAME(
/* name */ 'SEWCP-300_HEATER_PLATE.step',
/* time_stamp */ '2026-08-11T19:09:47+05:30',
/* author */ (''),
/* organization */ (''),
/* preprocessor_version */ 'ST-DEVELOPER v20.1',
/* originating_system */ 'Autodesk Translation Framework v15.8.0.0',
/* authorisation */ '');

FILE_SCHEMA (('AUTOMOTIVE_DESIGN { 1 0 10303 214 3 1 1 }'));
ENDSEC;

DATA;
#10=MECHANICAL_DESIGN_GEOMETRIC_PRESENTATION_REPRESENTATION('',(#13),#6332);
#11=SHAPE_REPRESENTATION_RELATIONSHIP('SRR','None',#6339,#12);
#12=ADVANCED_BREP_SHAPE_REPRESENTATION('',(#14),#6331);
#13=STYLED_ITEM('',(#6348),#14);
#14=MANIFOLD_SOLID_BREP('HP_BODY',#3534);
#15=FACE_BOUND('',#315,.T.);
#16=FACE_BOUND('',#332,.T.);
#17=FACE_BOUND('',#333,.T.);
#18=FACE_BOUND('',#334,.T.);
#19=FACE_BOUND('',#335,.T.);
#20=FACE_BOUND('',#336,.T.);
#21=FACE_BOUND('',#337,.T.);
#22=FACE_BOUND('',#338,.T.);
#23=FACE_BOUND('',#339,.T.);
#24=FACE_BOUND('',#523,.T.);
#25=FACE_BOUND('',#524,.T.);
#26=FACE_BOUND('',#525,.T.);
#27=FACE_BOUND('',#526,.T.);
#28=FACE_BOUND('',#527,.T.);
#29=FACE_BOUND('',#528,.T.);
#30=FACE_BOUND('',#530,.T.);
#31=FACE_BOUND('',#531,.T.);
#32=FACE_BOUND('',#532,.T.);
#33=FACE_BOUND('',#533,.T.);
#34=FACE_BOUND('',#534,.T.);
#35=FACE_BOUND('',#535,.T.);
#36=FACE_BOUND('',#536,.T.);
#37=FACE_BOUND('',#537,.T.);
#38=FACE_BOUND('',#538,.T.);
#39=FACE_BOUND('',#539,.T.);
#40=FACE_BOUND('',#540,.T.);
#41=FACE_BOUND('',#541,.T.);
#42=FACE_BOUND('',#542,.T.);
#43=FACE_BOUND('',#543,.T.);
#44=FACE_BOUND('',#544,.T.);
#45=FACE_BOUND('',#545,.T.);
#46=FACE_BOUND('',#546,.T.);
#47=FACE_BOUND('',#547,.T.);
#48=FACE_BOUND('',#548,.T.);
#49=FACE_BOUND('',#549,.T.);
#50=FACE_BOUND('',#550,.T.);
#51=PLANE('',#3551);
#52=PLANE('',#3556);
#53=PLANE('',#3607);
#54=PLANE('',#3650);
#55=PLANE('',#3702);
#56=PLANE('',#3705);
#57=PLANE('',#3749);
#58=PLANE('',#3752);
#59=PLANE('',#3756);
#60=PLANE('',#3760);
#61=PLANE('',#3764);
#62=PLANE('',#3768);
#63=PLANE('',#3772);
#64=PLANE('',#3776);
#65=PLANE('',#3780);
#66=PLANE('',#3784);
#67=PLANE('',#3788);
#68=PLANE('',#3792);
#69=PLANE('',#3796);
#70=PLANE('',#3800);
#71=PLANE('',#3803);
#72=PLANE('',#3806);
#73=PLANE('',#3807);
#74=PLANE('',#3811);
#75=PLANE('',#3815);
#76=PLANE('',#3816);
#77=PLANE('',#3820);
#78=PLANE('',#3824);
#79=PLANE('',#3825);
#80=PLANE('',#3829);
#81=PLANE('',#3833);
#82=PLANE('',#3840);
#83=PLANE('',#3847);
#84=PLANE('',#3904);
#85=PLANE('',#3905);
#86=PLANE('',#3918);
#87=PLANE('',#3923);
#88=PLANE('',#3924);
#89=PLANE('',#3925);
#90=PLANE('',#3928);
#91=PLANE('',#3931);
#92=PLANE('',#3932);
#93=PLANE('',#3933);
#94=PLANE('',#3934);
#95=PLANE('',#3939);
#96=PLANE('',#3940);
#97=PLANE('',#3941);
#98=PLANE('',#4012);
#99=PLANE('',#4013);
#100=PLANE('',#4017);
#101=PLANE('',#4018);
#102=PLANE('',#4022);
#103=PLANE('',#4026);
#104=PLANE('',#4027);
#105=PLANE('',#4028);
#106=PLANE('',#4029);
#107=PLANE('',#4033);
#108=PLANE('',#4040);
#109=PLANE('',#4044);
#110=PLANE('',#4045);
#111=FACE_OUTER_BOUND('',#313,.T.);
#112=FACE_OUTER_BOUND('',#314,.T.);
#113=FACE_OUTER_BOUND('',#316,.T.);
#114=FACE_OUTER_BOUND('',#317,.T.);
#115=FACE_OUTER_BOUND('',#318,.T.);
#116=FACE_OUTER_BOUND('',#319,.T.);
#117=FACE_OUTER_BOUND('',#320,.T.);
#118=FACE_OUTER_BOUND('',#321,.T.);
#119=FACE_OUTER_BOUND('',#322,.T.);
#120=FACE_OUTER_BOUND('',#323,.T.);
#121=FACE_OUTER_BOUND('',#324,.T.);
#122=FACE_OUTER_BOUND('',#325,.T.);
#123=FACE_OUTER_BOUND('',#326,.T.);
#124=FACE_OUTER_BOUND('',#327,.T.);
#125=FACE_OUTER_BOUND('',#328,.T.);
#126=FACE_OUTER_BOUND('',#329,.T.);
#127=FACE_OUTER_BOUND('',#330,.T.);
#128=FACE_OUTER_BOUND('',#331,.T.);
#129=FACE_OUTER_BOUND('',#340,.T.);
#130=FACE_OUTER_BOUND('',#341,.T.);
#131=FACE_OUTER_BOUND('',#342,.T.);
#132=FACE_OUTER_BOUND('',#343,.T.);
#133=FACE_OUTER_BOUND('',#344,.T.);
#134=FACE_OUTER_BOUND('',#345,.T.);
#135=FACE_OUTER_BOUND('',#346,.T.);
#136=FACE_OUTER_BOUND('',#347,.T.);
#137=FACE_OUTER_BOUND('',#348,.T.);
#138=FACE_OUTER_BOUND('',#349,.T.);
#139=FACE_OUTER_BOUND('',#350,.T.);
#140=FACE_OUTER_BOUND('',#351,.T.);
#141=FACE_OUTER_BOUND('',#352,.T.);
#142=FACE_OUTER_BOUND('',#353,.T.);
#143=FACE_OUTER_BOUND('',#354,.T.);
#144=FACE_OUTER_BOUND('',#355,.T.);
#145=FACE_OUTER_BOUND('',#356,.T.);
#146=FACE_OUTER_BOUND('',#357,.T.);
#147=FACE_OUTER_BOUND('',#358,.T.);
#148=FACE_OUTER_BOUND('',#359,.T.);
#149=FACE_OUTER_BOUND('',#360,.T.);
#150=FACE_OUTER_BOUND('',#361,.T.);
#151=FACE_OUTER_BOUND('',#362,.T.);
#152=FACE_OUTER_BOUND('',#363,.T.);
#153=FACE_OUTER_BOUND('',#364,.T.);
#154=FACE_OUTER_BOUND('',#365,.T.);
#155=FACE_OUTER_BOUND('',#366,.T.);
#156=FACE_OUTER_BOUND('',#367,.T.);
#157=FACE_OUTER_BOUND('',#368,.T.);
#158=FACE_OUTER_BOUND('',#369,.T.);
#159=FACE_OUTER_BOUND('',#370,.T.);
#160=FACE_OUTER_BOUND('',#371,.T.);
#161=FACE_OUTER_BOUND('',#372,.T.);
#162=FACE_OUTER_BOUND('',#373,.T.);
#163=FACE_OUTER_BOUND('',#374,.T.);
#164=FACE_OUTER_BOUND('',#375,.T.);
#165=FACE_OUTER_BOUND('',#376,.T.);
#166=FACE_OUTER_BOUND('',#377,.T.);
#167=FACE_OUTER_BOUND('',#378,.T.);
#168=FACE_OUTER_BOUND('',#379,.T.);
#169=FACE_OUTER_BOUND('',#380,.T.);
#170=FACE_OUTER_BOUND('',#381,.T.);
#171=FACE_OUTER_BOUND('',#382,.T.);
#172=FACE_OUTER_BOUND('',#383,.T.);
#173=FACE_OUTER_BOUND('',#384,.T.);
#174=FACE_OUTER_BOUND('',#385,.T.);
#175=FACE_OUTER_BOUND('',#386,.T.);
#176=FACE_OUTER_BOUND('',#387,.T.);
#177=FACE_OUTER_BOUND('',#388,.T.);
#178=FACE_OUTER_BOUND('',#389,.T.);
#179=FACE_OUTER_BOUND('',#390,.T.);
#180=FACE_OUTER_BOUND('',#391,.T.);
#181=FACE_OUTER_BOUND('',#392,.T.);
#182=FACE_OUTER_BOUND('',#393,.T.);
#183=FACE_OUTER_BOUND('',#394,.T.);
#184=FACE_OUTER_BOUND('',#395,.T.);
#185=FACE_OUTER_BOUND('',#396,.T.);
#186=FACE_OUTER_BOUND('',#397,.T.);
#187=FACE_OUTER_BOUND('',#398,.T.);
#188=FACE_OUTER_BOUND('',#399,.T.);
#189=FACE_OUTER_BOUND('',#400,.T.);
#190=FACE_OUTER_BOUND('',#401,.T.);
#191=FACE_OUTER_BOUND('',#402,.T.);
#192=FACE_OUTER_BOUND('',#403,.T.);
#193=FACE_OUTER_BOUND('',#404,.T.);
#194=FACE_OUTER_BOUND('',#405,.T.);
#195=FACE_OUTER_BOUND('',#406,.T.);
#196=FACE_OUTER_BOUND('',#407,.T.);
#197=FACE_OUTER_BOUND('',#408,.T.);
#198=FACE_OUTER_BOUND('',#409,.T.);
#199=FACE_OUTER_BOUND('',#410,.T.);
#200=FACE_OUTER_BOUND('',#411,.T.);
#201=FACE_OUTER_BOUND('',#412,.T.);
#202=FACE_OUTER_BOUND('',#413,.T.);
#203=FACE_OUTER_BOUND('',#414,.T.);
#204=FACE_OUTER_BOUND('',#415,.T.);
#205=FACE_OUTER_BOUND('',#416,.T.);
#206=FACE_OUTER_BOUND('',#417,.T.);
#207=FACE_OUTER_BOUND('',#418,.T.);
#208=FACE_OUTER_BOUND('',#419,.T.);
#209=FACE_OUTER_BOUND('',#420,.T.);
#210=FACE_OUTER_BOUND('',#421,.T.);
#211=FACE_OUTER_BOUND('',#422,.T.);
#212=FACE_OUTER_BOUND('',#423,.T.);
#213=FACE_OUTER_BOUND('',#424,.T.);
#214=FACE_OUTER_BOUND('',#425,.T.);
#215=FACE_OUTER_BOUND('',#426,.T.);
#216=FACE_OUTER_BOUND('',#427,.T.);
#217=FACE_OUTER_BOUND('',#428,.T.);
#218=FACE_OUTER_BOUND('',#429,.T.);
#219=FACE_OUTER_BOUND('',#430,.T.);
#220=FACE_OUTER_BOUND('',#431,.T.);
#221=FACE_OUTER_BOUND('',#432,.T.);
#222=FACE_OUTER_BOUND('',#433,.T.);
#223=FACE_OUTER_BOUND('',#434,.T.);
#224=FACE_OUTER_BOUND('',#435,.T.);
#225=FACE_OUTER_BOUND('',#436,.T.);
#226=FACE_OUTER_BOUND('',#437,.T.);
#227=FACE_OUTER_BOUND('',#438,.T.);
#228=FACE_OUTER_BOUND('',#439,.T.);
#229=FACE_OUTER_BOUND('',#440,.T.);
#230=FACE_OUTER_BOUND('',#441,.T.);
#231=FACE_OUTER_BOUND('',#442,.T.);
#232=FACE_OUTER_BOUND('',#443,.T.);
#233=FACE_OUTER_BOUND('',#444,.T.);
#234=FACE_OUTER_BOUND('',#445,.T.);
#235=FACE_OUTER_BOUND('',#446,.T.);
#236=FACE_OUTER_BOUND('',#447,.T.);
#237=FACE_OUTER_BOUND('',#448,.T.);
#238=FACE_OUTER_BOUND('',#449,.T.);
#239=FACE_OUTER_BOUND('',#450,.T.);
#240=FACE_OUTER_BOUND('',#451,.T.);
#241=FACE_OUTER_BOUND('',#452,.T.);
#242=FACE_OUTER_BOUND('',#453,.T.);
#243=FACE_OUTER_BOUND('',#454,.T.);
#244=FACE_OUTER_BOUND('',#455,.T.);
#245=FACE_OUTER_BOUND('',#456,.T.);
#246=FACE_OUTER_BOUND('',#457,.T.);
#247=FACE_OUTER_BOUND('',#458,.T.);
#248=FACE_OUTER_BOUND('',#459,.T.);
#249=FACE_OUTER_BOUND('',#460,.T.);
#250=FACE_OUTER_BOUND('',#461,.T.);
#251=FACE_OUTER_BOUND('',#462,.T.);
#252=FACE_OUTER_BOUND('',#463,.T.);
#253=FACE_OUTER_BOUND('',#464,.T.);
#254=FACE_OUTER_BOUND('',#465,.T.);
#255=FACE_OUTER_BOUND('',#466,.T.);
#256=FACE_OUTER_BOUND('',#467,.T.);
#257=FACE_OUTER_BOUND('',#468,.T.);
#258=FACE_OUTER_BOUND('',#469,.T.);
#259=FACE_OUTER_BOUND('',#470,.T.);
#260=FACE_OUTER_BOUND('',#471,.T.);
#261=FACE_OUTER_BOUND('',#472,.T.);
#262=FACE_OUTER_BOUND('',#473,.T.);
#263=FACE_OUTER_BOUND('',#474,.T.);
#264=FACE_OUTER_BOUND('',#475,.T.);
#265=FACE_OUTER_BOUND('',#476,.T.);
#266=FACE_OUTER_BOUND('',#477,.T.);
#267=FACE_OUTER_BOUND('',#478,.T.);
#268=FACE_OUTER_BOUND('',#479,.T.);
#269=FACE_OUTER_BOUND('',#480,.T.);
#270=FACE_OUTER_BOUND('',#481,.T.);
#271=FACE_OUTER_BOUND('',#482,.T.);
#272=FACE_OUTER_BOUND('',#483,.T.);
#273=FACE_OUTER_BOUND('',#484,.T.);
#274=FACE_OUTER_BOUND('',#485,.T.);
#275=FACE_OUTER_BOUND('',#486,.T.);
#276=FACE_OUTER_BOUND('',#487,.T.);
#277=FACE_OUTER_BOUND('',#488,.T.);
#278=FACE_OUTER_BOUND('',#489,.T.);
#279=FACE_OUTER_BOUND('',#490,.T.);
#280=FACE_OUTER_BOUND('',#491,.T.);
#281=FACE_OUTER_BOUND('',#492,.T.);
#282=FACE_OUTER_BOUND('',#493,.T.);
#283=FACE_OUTER_BOUND('',#494,.T.);
#284=FACE_OUTER_BOUND('',#495,.T.);
#285=FACE_OUTER_BOUND('',#496,.T.);
#286=FACE_OUTER_BOUND('',#497,.T.);
#287=FACE_OUTER_BOUND('',#498,.T.);
#288=FACE_OUTER_BOUND('',#499,.T.);
#289=FACE_OUTER_BOUND('',#500,.T.);
#290=FACE_OUTER_BOUND('',#501,.T.);
#291=FACE_OUTER_BOUND('',#502,.T.);
#292=FACE_OUTER_BOUND('',#503,.T.);
#293=FACE_OUTER_BOUND('',#504,.T.);
#294=FACE_OUTER_BOUND('',#505,.T.);
#295=FACE_OUTER_BOUND('',#506,.T.);
#296=FACE_OUTER_BOUND('',#507,.T.);
#297=FACE_OUTER_BOUND('',#508,.T.);
#298=FACE_OUTER_BOUND('',#509,.T.);
#299=FACE_OUTER_BOUND('',#510,.T.);
#300=FACE_OUTER_BOUND('',#511,.T.);
#301=FACE_OUTER_BOUND('',#512,.T.);
#302=FACE_OUTER_BOUND('',#513,.T.);
#303=FACE_OUTER_BOUND('',#514,.T.);
#304=FACE_OUTER_BOUND('',#515,.T.);
#305=FACE_OUTER_BOUND('',#516,.T.);
#306=FACE_OUTER_BOUND('',#517,.T.);
#307=FACE_OUTER_BOUND('',#518,.T.);
#308=FACE_OUTER_BOUND('',#519,.T.);
#309=FACE_OUTER_BOUND('',#520,.T.);
#310=FACE_OUTER_BOUND('',#521,.T.);
#311=FACE_OUTER_BOUND('',#522,.T.);
#312=FACE_OUTER_BOUND('',#529,.T.);
#313=EDGE_LOOP('',(#2152,#2153,#2154,#2155));
#314=EDGE_LOOP('',(#2156));
#315=EDGE_LOOP('',(#2157));
#316=EDGE_LOOP('',(#2158,#2159,#2160,#2161));
#317=EDGE_LOOP('',(#2162));
#318=EDGE_LOOP('',(#2163,#2164,#2165,#2166));
#319=EDGE_LOOP('',(#2167,#2168,#2169,#2170));
#320=EDGE_LOOP('',(#2171,#2172,#2173,#2174));
#321=EDGE_LOOP('',(#2175,#2176,#2177,#2178,#2179,#2180,#2181,#2182,#2183,
#2184,#2185,#2186));
#322=EDGE_LOOP('',(#2187,#2188,#2189,#2190,#2191,#2192,#2193,#2194,#2195,
#2196,#2197,#2198));
#323=EDGE_LOOP('',(#2199,#2200,#2201,#2202,#2203,#2204,#2205,#2206,#2207,
#2208,#2209,#2210));
#324=EDGE_LOOP('',(#2211,#2212,#2213,#2214));
#325=EDGE_LOOP('',(#2215,#2216,#2217,#2218));
#326=EDGE_LOOP('',(#2219,#2220,#2221,#2222));
#327=EDGE_LOOP('',(#2223,#2224,#2225,#2226));
#328=EDGE_LOOP('',(#2227,#2228,#2229,#2230));
#329=EDGE_LOOP('',(#2231,#2232,#2233,#2234));
#330=EDGE_LOOP('',(#2235,#2236,#2237,#2238));
#331=EDGE_LOOP('',(#2239,#2240,#2241,#2242,#2243,#2244,#2245,#2246,#2247,
#2248,#2249,#2250,#2251,#2252,#2253,#2254,#2255,#2256,#2257,#2258,#2259,
#2260,#2261,#2262,#2263,#2264,#2265,#2266,#2267,#2268,#2269,#2270,#2271,
#2272,#2273,#2274,#2275,#2276,#2277,#2278,#2279,#2280));
#332=EDGE_LOOP('',(#2281));
#333=EDGE_LOOP('',(#2282));
#334=EDGE_LOOP('',(#2283));
#335=EDGE_LOOP('',(#2284));
#336=EDGE_LOOP('',(#2285));
#337=EDGE_LOOP('',(#2286));
#338=EDGE_LOOP('',(#2287));
#339=EDGE_LOOP('',(#2288));
#340=EDGE_LOOP('',(#2289,#2290,#2291,#2292,#2293,#2294,#2295,#2296,#2297,
#2298,#2299,#2300,#2301,#2302,#2303,#2304,#2305,#2306,#2307,#2308,#2309,
#2310,#2311,#2312,#2313,#2314,#2315,#2316,#2317,#2318,#2319,#2320,#2321,
#2322,#2323,#2324,#2325,#2326,#2327,#2328,#2329,#2330,#2331,#2332,#2333,
#2334,#2335,#2336,#2337,#2338,#2339,#2340,#2341,#2342,#2343,#2344,#2345,
#2346,#2347,#2348,#2349,#2350,#2351,#2352,#2353,#2354,#2355,#2356,#2357,
#2358));
#341=EDGE_LOOP('',(#2359,#2360,#2361,#2362,#2363,#2364,#2365));
#342=EDGE_LOOP('',(#2366,#2367,#2368,#2369,#2370,#2371,#2372,#2373,#2374,
#2375,#2376,#2377,#2378,#2379,#2380,#2381,#2382,#2383,#2384,#2385,#2386,
#2387,#2388,#2389,#2390,#2391,#2392,#2393,#2394,#2395,#2396,#2397,#2398,
#2399,#2400,#2401,#2402,#2403,#2404,#2405,#2406,#2407,#2408,#2409,#2410,
#2411,#2412,#2413));
#343=EDGE_LOOP('',(#2414,#2415,#2416,#2417));
#344=EDGE_LOOP('',(#2418,#2419,#2420,#2421));
#345=EDGE_LOOP('',(#2422));
#346=EDGE_LOOP('',(#2423,#2424,#2425,#2426));
#347=EDGE_LOOP('',(#2427));
#348=EDGE_LOOP('',(#2428,#2429,#2430,#2431));
#349=EDGE_LOOP('',(#2432));
#350=EDGE_LOOP('',(#2433,#2434,#2435,#2436));
#351=EDGE_LOOP('',(#2437));
#352=EDGE_LOOP('',(#2438,#2439,#2440,#2441));
#353=EDGE_LOOP('',(#2442));
#354=EDGE_LOOP('',(#2443,#2444,#2445,#2446));
#355=EDGE_LOOP('',(#2447));
#356=EDGE_LOOP('',(#2448,#2449,#2450,#2451));
#357=EDGE_LOOP('',(#2452));
#358=EDGE_LOOP('',(#2453,#2454,#2455,#2456));
#359=EDGE_LOOP('',(#2457));
#360=EDGE_LOOP('',(#2458,#2459,#2460,#2461));
#361=EDGE_LOOP('',(#2462));
#362=EDGE_LOOP('',(#2463,#2464,#2465,#2466));
#363=EDGE_LOOP('',(#2467));
#364=EDGE_LOOP('',(#2468,#2469,#2470,#2471));
#365=EDGE_LOOP('',(#2472));
#366=EDGE_LOOP('',(#2473,#2474,#2475,#2476));
#367=EDGE_LOOP('',(#2477));
#368=EDGE_LOOP('',(#2478,#2479,#2480,#2481));
#369=EDGE_LOOP('',(#2482));
#370=EDGE_LOOP('',(#2483,#2484,#2485,#2486));
#371=EDGE_LOOP('',(#2487));
#372=EDGE_LOOP('',(#2488,#2489,#2490,#2491));
#373=EDGE_LOOP('',(#2492));
#374=EDGE_LOOP('',(#2493,#2494,#2495,#2496));
#375=EDGE_LOOP('',(#2497));
#376=EDGE_LOOP('',(#2498,#2499,#2500,#2501));
#377=EDGE_LOOP('',(#2502,#2503,#2504,#2505));
#378=EDGE_LOOP('',(#2506,#2507,#2508,#2509));
#379=EDGE_LOOP('',(#2510,#2511,#2512,#2513));
#380=EDGE_LOOP('',(#2514,#2515,#2516,#2517));
#381=EDGE_LOOP('',(#2518,#2519,#2520,#2521));
#382=EDGE_LOOP('',(#2522,#2523,#2524,#2525));
#383=EDGE_LOOP('',(#2526,#2527,#2528,#2529));
#384=EDGE_LOOP('',(#2530,#2531,#2532,#2533));
#385=EDGE_LOOP('',(#2534,#2535,#2536,#2537));
#386=EDGE_LOOP('',(#2538,#2539,#2540,#2541));
#387=EDGE_LOOP('',(#2542,#2543,#2544,#2545));
#388=EDGE_LOOP('',(#2546,#2547,#2548,#2549));
#389=EDGE_LOOP('',(#2550,#2551,#2552,#2553));
#390=EDGE_LOOP('',(#2554,#2555,#2556,#2557));
#391=EDGE_LOOP('',(#2558,#2559,#2560,#2561));
#392=EDGE_LOOP('',(#2562,#2563,#2564,#2565));
#393=EDGE_LOOP('',(#2566,#2567));
#394=EDGE_LOOP('',(#2568,#2569,#2570,#2571));
#395=EDGE_LOOP('',(#2572,#2573,#2574,#2575));
#396=EDGE_LOOP('',(#2576,#2577));
#397=EDGE_LOOP('',(#2578,#2579,#2580,#2581));
#398=EDGE_LOOP('',(#2582,#2583,#2584,#2585));
#399=EDGE_LOOP('',(#2586,#2587,#2588,#2589));
#400=EDGE_LOOP('',(#2590,#2591,#2592,#2593));
#401=EDGE_LOOP('',(#2594,#2595,#2596,#2597));
#402=EDGE_LOOP('',(#2598,#2599,#2600,#2601));
#403=EDGE_LOOP('',(#2602,#2603,#2604,#2605));
#404=EDGE_LOOP('',(#2606,#2607,#2608,#2609));
#405=EDGE_LOOP('',(#2610,#2611,#2612,#2613));
#406=EDGE_LOOP('',(#2614,#2615,#2616,#2617));
#407=EDGE_LOOP('',(#2618,#2619,#2620,#2621));
#408=EDGE_LOOP('',(#2622,#2623,#2624,#2625));
#409=EDGE_LOOP('',(#2626,#2627,#2628,#2629));
#410=EDGE_LOOP('',(#2630,#2631,#2632,#2633));
#411=EDGE_LOOP('',(#2634,#2635,#2636,#2637));
#412=EDGE_LOOP('',(#2638,#2639,#2640,#2641));
#413=EDGE_LOOP('',(#2642,#2643,#2644,#2645));
#414=EDGE_LOOP('',(#2646,#2647,#2648,#2649));
#415=EDGE_LOOP('',(#2650,#2651,#2652,#2653));
#416=EDGE_LOOP('',(#2654,#2655,#2656,#2657));
#417=EDGE_LOOP('',(#2658,#2659,#2660,#2661));
#418=EDGE_LOOP('',(#2662,#2663,#2664,#2665));
#419=EDGE_LOOP('',(#2666,#2667,#2668,#2669));
#420=EDGE_LOOP('',(#2670,#2671,#2672,#2673));
#421=EDGE_LOOP('',(#2674,#2675,#2676,#2677));
#422=EDGE_LOOP('',(#2678,#2679,#2680,#2681));
#423=EDGE_LOOP('',(#2682,#2683,#2684,#2685));
#424=EDGE_LOOP('',(#2686,#2687,#2688,#2689));
#425=EDGE_LOOP('',(#2690,#2691,#2692,#2693));
#426=EDGE_LOOP('',(#2694,#2695,#2696,#2697));
#427=EDGE_LOOP('',(#2698,#2699,#2700,#2701));
#428=EDGE_LOOP('',(#2702,#2703,#2704,#2705));
#429=EDGE_LOOP('',(#2706,#2707,#2708,#2709));
#430=EDGE_LOOP('',(#2710,#2711,#2712,#2713));
#431=EDGE_LOOP('',(#2714,#2715,#2716,#2717));
#432=EDGE_LOOP('',(#2718,#2719,#2720,#2721));
#433=EDGE_LOOP('',(#2722,#2723,#2724,#2725));
#434=EDGE_LOOP('',(#2726,#2727,#2728,#2729));
#435=EDGE_LOOP('',(#2730,#2731,#2732,#2733));
#436=EDGE_LOOP('',(#2734,#2735,#2736,#2737));
#437=EDGE_LOOP('',(#2738,#2739,#2740,#2741));
#438=EDGE_LOOP('',(#2742,#2743,#2744,#2745));
#439=EDGE_LOOP('',(#2746,#2747,#2748,#2749));
#440=EDGE_LOOP('',(#2750,#2751,#2752,#2753));
#441=EDGE_LOOP('',(#2754,#2755,#2756,#2757));
#442=EDGE_LOOP('',(#2758,#2759,#2760,#2761));
#443=EDGE_LOOP('',(#2762,#2763,#2764,#2765));
#444=EDGE_LOOP('',(#2766,#2767,#2768,#2769));
#445=EDGE_LOOP('',(#2770,#2771,#2772,#2773));
#446=EDGE_LOOP('',(#2774,#2775,#2776,#2777));
#447=EDGE_LOOP('',(#2778,#2779,#2780,#2781));
#448=EDGE_LOOP('',(#2782,#2783,#2784,#2785));
#449=EDGE_LOOP('',(#2786,#2787,#2788,#2789));
#450=EDGE_LOOP('',(#2790,#2791,#2792,#2793));
#451=EDGE_LOOP('',(#2794,#2795,#2796,#2797));
#452=EDGE_LOOP('',(#2798,#2799,#2800,#2801));
#453=EDGE_LOOP('',(#2802,#2803,#2804,#2805));
#454=EDGE_LOOP('',(#2806,#2807,#2808,#2809));
#455=EDGE_LOOP('',(#2810,#2811,#2812,#2813));
#456=EDGE_LOOP('',(#2814,#2815,#2816,#2817));
#457=EDGE_LOOP('',(#2818,#2819,#2820,#2821));
#458=EDGE_LOOP('',(#2822,#2823,#2824,#2825));
#459=EDGE_LOOP('',(#2826,#2827,#2828,#2829));
#460=EDGE_LOOP('',(#2830,#2831,#2832,#2833));
#461=EDGE_LOOP('',(#2834,#2835,#2836,#2837));
#462=EDGE_LOOP('',(#2838,#2839,#2840,#2841));
#463=EDGE_LOOP('',(#2842,#2843,#2844,#2845));
#464=EDGE_LOOP('',(#2846,#2847,#2848,#2849));
#465=EDGE_LOOP('',(#2850,#2851,#2852,#2853));
#466=EDGE_LOOP('',(#2854,#2855,#2856,#2857));
#467=EDGE_LOOP('',(#2858,#2859,#2860,#2861));
#468=EDGE_LOOP('',(#2862,#2863,#2864,#2865));
#469=EDGE_LOOP('',(#2866,#2867,#2868,#2869));
#470=EDGE_LOOP('',(#2870,#2871,#2872,#2873));
#471=EDGE_LOOP('',(#2874,#2875,#2876,#2877));
#472=EDGE_LOOP('',(#2878,#2879,#2880,#2881));
#473=EDGE_LOOP('',(#2882,#2883,#2884,#2885));
#474=EDGE_LOOP('',(#2886,#2887,#2888,#2889));
#475=EDGE_LOOP('',(#2890,#2891,#2892,#2893));
#476=EDGE_LOOP('',(#2894,#2895,#2896,#2897));
#477=EDGE_LOOP('',(#2898,#2899,#2900,#2901));
#478=EDGE_LOOP('',(#2902,#2903,#2904,#2905));
#479=EDGE_LOOP('',(#2906,#2907,#2908,#2909));
#480=EDGE_LOOP('',(#2910,#2911,#2912,#2913));
#481=EDGE_LOOP('',(#2914,#2915,#2916,#2917));
#482=EDGE_LOOP('',(#2918,#2919,#2920,#2921));
#483=EDGE_LOOP('',(#2922,#2923,#2924,#2925));
#484=EDGE_LOOP('',(#2926,#2927,#2928,#2929));
#485=EDGE_LOOP('',(#2930,#2931,#2932,#2933));
#486=EDGE_LOOP('',(#2934,#2935,#2936,#2937));
#487=EDGE_LOOP('',(#2938,#2939,#2940,#2941));
#488=EDGE_LOOP('',(#2942,#2943,#2944,#2945));
#489=EDGE_LOOP('',(#2946,#2947,#2948,#2949));
#490=EDGE_LOOP('',(#2950,#2951,#2952,#2953));
#491=EDGE_LOOP('',(#2954,#2955,#2956,#2957));
#492=EDGE_LOOP('',(#2958,#2959,#2960,#2961));
#493=EDGE_LOOP('',(#2962,#2963,#2964,#2965));
#494=EDGE_LOOP('',(#2966,#2967,#2968,#2969));
#495=EDGE_LOOP('',(#2970,#2971,#2972,#2973));
#496=EDGE_LOOP('',(#2974,#2975,#2976,#2977));
#497=EDGE_LOOP('',(#2978,#2979,#2980,#2981));
#498=EDGE_LOOP('',(#2982,#2983,#2984,#2985));
#499=EDGE_LOOP('',(#2986,#2987,#2988,#2989));
#500=EDGE_LOOP('',(#2990,#2991,#2992,#2993));
#501=EDGE_LOOP('',(#2994,#2995,#2996,#2997));
#502=EDGE_LOOP('',(#2998,#2999,#3000,#3001));
#503=EDGE_LOOP('',(#3002,#3003,#3004,#3005));
#504=EDGE_LOOP('',(#3006,#3007,#3008));
#505=EDGE_LOOP('',(#3009,#3010,#3011,#3012));
#506=EDGE_LOOP('',(#3013,#3014,#3015,#3016));
#507=EDGE_LOOP('',(#3017,#3018));
#508=EDGE_LOOP('',(#3019,#3020,#3021,#3022));
#509=EDGE_LOOP('',(#3023,#3024,#3025,#3026));
#510=EDGE_LOOP('',(#3027,#3028));
#511=EDGE_LOOP('',(#3029,#3030,#3031,#3032));
#512=EDGE_LOOP('',(#3033,#3034,#3035,#3036));
#513=EDGE_LOOP('',(#3037,#3038,#3039,#3040));
#514=EDGE_LOOP('',(#3041,#3042,#3043));
#515=EDGE_LOOP('',(#3044,#3045,#3046,#3047));
#516=EDGE_LOOP('',(#3048,#3049,#3050,#3051));
#517=EDGE_LOOP('',(#3052,#3053));
#518=EDGE_LOOP('',(#3054,#3055,#3056,#3057));
#519=EDGE_LOOP('',(#3058,#3059,#3060,#3061));
#520=EDGE_LOOP('',(#3062,#3063));
#521=EDGE_LOOP('',(#3064,#3065,#3066,#3067));
#522=EDGE_LOOP('',(#3068));
#523=EDGE_LOOP('',(#3069));
#524=EDGE_LOOP('',(#3070));
#525=EDGE_LOOP('',(#3071));
#526=EDGE_LOOP('',(#3072));
#527=EDGE_LOOP('',(#3073));
#528=EDGE_LOOP('',(#3074));
#529=EDGE_LOOP('',(#3075));
#530=EDGE_LOOP('',(#3076));
#531=EDGE_LOOP('',(#3077));
#532=EDGE_LOOP('',(#3078));
#533=EDGE_LOOP('',(#3079));
#534=EDGE_LOOP('',(#3080));
#535=EDGE_LOOP('',(#3081));
#536=EDGE_LOOP('',(#3082));
#537=EDGE_LOOP('',(#3083));
#538=EDGE_LOOP('',(#3084));
#539=EDGE_LOOP('',(#3085));
#540=EDGE_LOOP('',(#3086));
#541=EDGE_LOOP('',(#3087));
#542=EDGE_LOOP('',(#3088,#3089));
#543=EDGE_LOOP('',(#3090,#3091));
#544=EDGE_LOOP('',(#3092,#3093));
#545=EDGE_LOOP('',(#3094,#3095,#3096,#3097,#3098,#3099,#3100));
#546=EDGE_LOOP('',(#3101,#3102));
#547=EDGE_LOOP('',(#3103,#3104,#3105,#3106));
#548=EDGE_LOOP('',(#3107,#3108,#3109,#3110));
#549=EDGE_LOOP('',(#3111,#3112,#3113,#3114));
#550=EDGE_LOOP('',(#3115,#3116,#3117,#3118,#3119,#3120,#3121,#3122,#3123,
#3124,#3125,#3126,#3127,#3128,#3129,#3130,#3131,#3132,#3133,#3134,#3135,
#3136,#3137,#3138,#3139,#3140,#3141,#3142,#3143,#3144,#3145,#3146,#3147,
#3148,#3149,#3150,#3151,#3152,#3153,#3154,#3155,#3156,#3157,#3158,#3159,
#3160,#3161,#3162,#3163,#3164,#3165,#3166,#3167,#3168,#3169,#3170,#3171,
#3172,#3173,#3174,#3175,#3176,#3177,#3178,#3179,#3180,#3181,#3182,#3183,
#3184,#3185,#3186,#3187,#3188,#3189));
#551=LINE('',#5272,#774);
#552=LINE('',#5281,#775);
#553=LINE('',#5288,#776);
#554=LINE('',#5294,#777);
#555=LINE('',#5299,#778);
#556=LINE('',#5303,#779);
#557=LINE('',#5307,#780);
#558=LINE('',#5311,#781);
#559=LINE('',#5315,#782);
#560=LINE('',#5319,#783);
#561=LINE('',#5325,#784);
#562=LINE('',#5329,#785);
#563=LINE('',#5334,#786);
#564=LINE('',#5338,#787);
#565=LINE('',#5342,#788);
#566=LINE('',#5347,#789);
#567=LINE('',#5351,#790);
#568=LINE('',#5356,#791);
#569=LINE('',#5360,#792);
#570=LINE('',#5364,#793);
#571=LINE('',#5370,#794);
#572=LINE('',#5376,#795);
#573=LINE('',#5382,#796);
#574=LINE('',#5391,#797);
#575=LINE('',#5397,#798);
#576=LINE('',#5403,#799);
#577=LINE('',#5529,#800);
#578=LINE('',#5531,#801);
#579=LINE('',#5545,#802);
#580=LINE('',#5551,#803);
#581=LINE('',#5553,#804);
#582=LINE('',#5555,#805);
#583=LINE('',#5559,#806);
#584=LINE('',#5563,#807);
#585=LINE('',#5565,#808);
#586=LINE('',#5567,#809);
#587=LINE('',#5569,#810);
#588=LINE('',#5575,#811);
#589=LINE('',#5577,#812);
#590=LINE('',#5579,#813);
#591=LINE('',#5702,#814);
#592=LINE('',#5707,#815);
#593=LINE('',#5714,#816);
#594=LINE('',#5721,#817);
#595=LINE('',#5728,#818);
#596=LINE('',#5735,#819);
#597=LINE('',#5742,#820);
#598=LINE('',#5749,#821);
#599=LINE('',#5756,#822);
#600=LINE('',#5763,#823);
#601=LINE('',#5770,#824);
#602=LINE('',#5777,#825);
#603=LINE('',#5784,#826);
#604=LINE('',#5791,#827);
#605=LINE('',#5796,#828);
#606=LINE('',#5801,#829);
#607=LINE('',#5807,#830);
#608=LINE('',#5809,#831);
#609=LINE('',#5811,#832);
#610=LINE('',#5812,#833);
#611=LINE('',#5817,#834);
#612=LINE('',#5821,#835);
#613=LINE('',#5823,#836);
#614=LINE('',#5824,#837);
#615=LINE('',#5832,#838);
#616=LINE('',#5834,#839);
#617=LINE('',#5836,#840);
#618=LINE('',#5837,#841);
#619=LINE('',#5842,#842);
#620=LINE('',#5846,#843);
#621=LINE('',#5848,#844);
#622=LINE('',#5849,#845);
#623=LINE('',#5857,#846);
#624=LINE('',#5859,#847);
#625=LINE('',#5861,#848);
#626=LINE('',#5862,#849);
#627=LINE('',#5867,#850);
#628=LINE('',#5871,#851);
#629=LINE('',#5873,#852);
#630=LINE('',#5874,#853);
#631=LINE('',#5884,#854);
#632=LINE('',#5887,#855);
#633=LINE('',#5897,#856);
#634=LINE('',#5900,#857);
#635=LINE('',#5906,#858);
#636=LINE('',#5907,#859);
#637=LINE('',#5909,#860);
#638=LINE('',#5911,#861);
#639=LINE('',#5913,#862);
#640=LINE('',#5915,#863);
#641=LINE('',#5917,#864);
#642=LINE('',#5919,#865);
#643=LINE('',#5921,#866);
#644=LINE('',#5923,#867);
#645=LINE('',#5925,#868);
#646=LINE('',#5927,#869);
#647=LINE('',#5929,#870);
#648=LINE('',#5931,#871);
#649=LINE('',#5933,#872);
#650=LINE('',#5935,#873);
#651=LINE('',#5937,#874);
#652=LINE('',#5939,#875);
#653=LINE('',#5942,#876);
#654=LINE('',#5947,#877);
#655=LINE('',#5951,#878);
#656=LINE('',#5955,#879);
#657=LINE('',#5959,#880);
#658=LINE('',#5963,#881);
#659=LINE('',#5967,#882);
#660=LINE('',#5971,#883);
#661=LINE('',#5975,#884);
#662=LINE('',#5979,#885);
#663=LINE('',#5983,#886);
#664=LINE('',#5987,#887);
#665=LINE('',#5991,#888);
#666=LINE('',#5995,#889);
#667=LINE('',#5999,#890);
#668=LINE('',#6003,#891);
#669=LINE('',#6007,#892);
#670=LINE('',#6011,#893);
#671=LINE('',#6015,#894);
#672=LINE('',#6016,#895);
#673=LINE('',#6019,#896);
#674=LINE('',#6020,#897);
#675=LINE('',#6023,#898);
#676=LINE('',#6024,#899);
#677=LINE('',#6028,#900);
#678=LINE('',#6032,#901);
#679=LINE('',#6036,#902);
#680=LINE('',#6040,#903);
#681=LINE('',#6044,#904);
#682=LINE('',#6048,#905);
#683=LINE('',#6051,#906);
#684=LINE('',#6052,#907);
#685=LINE('',#6056,#908);
#686=LINE('',#6060,#909);
#687=LINE('',#6063,#910);
#688=LINE('',#6064,#911);
#689=LINE('',#6067,#912);
#690=LINE('',#6068,#913);
#691=LINE('',#6071,#914);
#692=LINE('',#6072,#915);
#693=LINE('',#6076,#916);
#694=LINE('',#6079,#917);
#695=LINE('',#6080,#918);
#696=LINE('',#6084,#919);
#697=LINE('',#6087,#920);
#698=LINE('',#6088,#921);
#699=LINE('',#6091,#922);
#700=LINE('',#6092,#923);
#701=LINE('',#6095,#924);
#702=LINE('',#6096,#925);
#703=LINE('',#6099,#926);
#704=LINE('',#6100,#927);
#705=LINE('',#6104,#928);
#706=LINE('',#6108,#929);
#707=LINE('',#6111,#930);
#708=LINE('',#6112,#931);
#709=LINE('',#6115,#932);
#710=LINE('',#6116,#933);
#711=LINE('',#6119,#934);
#712=LINE('',#6120,#935);
#713=LINE('',#6124,#936);
#714=LINE('',#6128,#937);
#715=LINE('',#6132,#938);
#716=LINE('',#6136,#939);
#717=LINE('',#6140,#940);
#718=LINE('',#6144,#941);
#719=LINE('',#6148,#942);
#720=LINE('',#6152,#943);
#721=LINE('',#6156,#944);
#722=LINE('',#6160,#945);
#723=LINE('',#6164,#946);
#724=LINE('',#6168,#947);
#725=LINE('',#6172,#948);
#726=LINE('',#6176,#949);
#727=LINE('',#6180,#950);
#728=LINE('',#6184,#951);
#729=LINE('',#6188,#952);
#730=LINE('',#6192,#953);
#731=LINE('',#6198,#954);
#732=LINE('',#6202,#955);
#733=LINE('',#6204,#956);
#734=LINE('',#6206,#957);
#735=LINE('',#6208,#958);
#736=LINE('',#6210,#959);
#737=LINE('',#6212,#960);
#738=LINE('',#6214,#961);
#739=LINE('',#6216,#962);
#740=LINE('',#6218,#963);
#741=LINE('',#6220,#964);
#742=LINE('',#6222,#965);
#743=LINE('',#6224,#966);
#744=LINE('',#6226,#967);
#745=LINE('',#6228,#968);
#746=LINE('',#6230,#969);
#747=LINE('',#6232,#970);
#748=LINE('',#6234,#971);
#749=LINE('',#6236,#972);
#750=LINE('',#6243,#973);
#751=LINE('',#6246,#974);
#752=LINE('',#6257,#975);
#753=LINE('',#6259,#976);
#754=LINE('',#6261,#977);
#755=LINE('',#6262,#978);
#756=LINE('',#6270,#979);
#757=LINE('',#6272,#980);
#758=LINE('',#6274,#981);
#759=LINE('',#6275,#982);
#760=LINE('',#6278,#983);
#761=LINE('',#6286,#984);
#762=LINE('',#6289,#985);
#763=LINE('',#6291,#986);
#764=LINE('',#6292,#987);
#765=LINE('',#6294,#988);
#766=LINE('',#6295,#989);
#767=LINE('',#6296,#990);
#768=LINE('',#6300,#991);
#769=LINE('',#6302,#992);
#770=LINE('',#6303,#993);
#771=LINE('',#6313,#994);
#772=LINE('',#6316,#995);
#773=LINE('',#6325,#996);
#774=VECTOR('',#4052,0.305);
#775=VECTOR('',#4063,0.085);
#776=VECTOR('',#4072,0.4);
#777=VECTOR('',#4079,0.4);
#778=VECTOR('',#4086,0.3);
#779=VECTOR('',#4089,1.);
#780=VECTOR('',#4092,1.);
#781=VECTOR('',#4095,1.);
#782=VECTOR('',#4098,1.);
#783=VECTOR('',#4101,0.300000000000001);
#784=VECTOR('',#4108,1.);
#785=VECTOR('',#4111,0.300000000000001);
#786=VECTOR('',#4116,1.);
#787=VECTOR('',#4119,1.);
#788=VECTOR('',#4122,1.);
#789=VECTOR('',#4127,1.);
#790=VECTOR('',#4130,0.3);
#791=VECTOR('',#4135,1.);
#792=VECTOR('',#4138,1.);
#793=VECTOR('',#4141,1.);
#794=VECTOR('',#4148,1.);
#795=VECTOR('',#4155,1.);
#796=VECTOR('',#4162,1.);
#797=VECTOR('',#4175,1.);
#798=VECTOR('',#4182,1.);
#799=VECTOR('',#4189,1.);
#800=VECTOR('',#4320,1.);
#801=VECTOR('',#4321,1.);
#802=VECTOR('',#4334,1.);
#803=VECTOR('',#4339,1.);
#804=VECTOR('',#4340,1.);
#805=VECTOR('',#4341,1.);
#806=VECTOR('',#4344,1.);
#807=VECTOR('',#4347,1.);
#808=VECTOR('',#4348,1.);
#809=VECTOR('',#4349,1.);
#810=VECTOR('',#4350,1.);
#811=VECTOR('',#4355,1.);
#812=VECTOR('',#4356,1.);
#813=VECTOR('',#4357,1.);
#814=VECTOR('',#4488,0.25);
#815=VECTOR('',#4495,0.25);
#816=VECTOR('',#4504,0.25);
#817=VECTOR('',#4513,0.25);
#818=VECTOR('',#4522,0.25);
#819=VECTOR('',#4531,0.25);
#820=VECTOR('',#4540,0.25);
#821=VECTOR('',#4549,0.25);
#822=VECTOR('',#4558,0.25);
#823=VECTOR('',#4567,0.25);
#824=VECTOR('',#4576,0.25);
#825=VECTOR('',#4585,0.25);
#826=VECTOR('',#4594,0.25);
#827=VECTOR('',#4603,0.25);
#828=VECTOR('',#4610,0.25);
#829=VECTOR('',#4617,0.25);
#830=VECTOR('',#4624,1.);
#831=VECTOR('',#4625,1.);
#832=VECTOR('',#4626,1.);
#833=VECTOR('',#4627,1.);
#834=VECTOR('',#4632,1.);
#835=VECTOR('',#4637,1.);
#836=VECTOR('',#4638,1.);
#837=VECTOR('',#4639,1.);
#838=VECTOR('',#4650,1.);
#839=VECTOR('',#4651,1.);
#840=VECTOR('',#4652,1.);
#841=VECTOR('',#4653,1.);
#842=VECTOR('',#4658,1.);
#843=VECTOR('',#4663,1.);
#844=VECTOR('',#4664,1.);
#845=VECTOR('',#4665,1.);
#846=VECTOR('',#4676,1.);
#847=VECTOR('',#4677,1.);
#848=VECTOR('',#4678,1.);
#849=VECTOR('',#4679,1.);
#850=VECTOR('',#4684,1.);
#851=VECTOR('',#4689,1.);
#852=VECTOR('',#4690,1.);
#853=VECTOR('',#4691,1.);
#854=VECTOR('',#4704,1.);
#855=VECTOR('',#4707,1.);
#856=VECTOR('',#4720,1.);
#857=VECTOR('',#4723,1.);
#858=VECTOR('',#4734,1.);
#859=VECTOR('',#4735,1.);
#860=VECTOR('',#4738,1.);
#861=VECTOR('',#4741,1.);
#862=VECTOR('',#4744,1.);
#863=VECTOR('',#4747,1.);
#864=VECTOR('',#4750,1.);
#865=VECTOR('',#4753,1.);
#866=VECTOR('',#4756,1.);
#867=VECTOR('',#4759,1.);
#868=VECTOR('',#4762,1.);
#869=VECTOR('',#4765,1.);
#870=VECTOR('',#4768,1.);
#871=VECTOR('',#4771,1.);
#872=VECTOR('',#4774,1.);
#873=VECTOR('',#4777,1.);
#874=VECTOR('',#4780,1.);
#875=VECTOR('',#4783,1.);
#876=VECTOR('',#4788,1.);
#877=VECTOR('',#4795,1.);
#878=VECTOR('',#4800,1.);
#879=VECTOR('',#4805,1.);
#880=VECTOR('',#4810,1.);
#881=VECTOR('',#4815,1.);
#882=VECTOR('',#4820,1.);
#883=VECTOR('',#4825,1.);
#884=VECTOR('',#4830,1.);
#885=VECTOR('',#4835,1.);
#886=VECTOR('',#4840,1.);
#887=VECTOR('',#4845,1.);
#888=VECTOR('',#4850,1.);
#889=VECTOR('',#4855,1.);
#890=VECTOR('',#4860,1.);
#891=VECTOR('',#4865,1.);
#892=VECTOR('',#4870,1.);
#893=VECTOR('',#4875,1.);
#894=VECTOR('',#4880,1.);
#895=VECTOR('',#4881,1.);
#896=VECTOR('',#4884,1.);
#897=VECTOR('',#4885,1.);
#898=VECTOR('',#4888,1.);
#899=VECTOR('',#4889,1.);
#900=VECTOR('',#4894,1.);
#901=VECTOR('',#4899,1.);
#902=VECTOR('',#4904,1.);
#903=VECTOR('',#4909,1.);
#904=VECTOR('',#4914,1.);
#905=VECTOR('',#4919,1.);
#906=VECTOR('',#4922,1.);
#907=VECTOR('',#4923,1.);
#908=VECTOR('',#4928,1.);
#909=VECTOR('',#4933,1.);
#910=VECTOR('',#4936,1.);
#911=VECTOR('',#4937,1.);
#912=VECTOR('',#4940,1.);
#913=VECTOR('',#4941,1.);
#914=VECTOR('',#4944,1.);
#915=VECTOR('',#4945,1.);
#916=VECTOR('',#4950,1.);
#917=VECTOR('',#4953,1.);
#918=VECTOR('',#4954,1.);
#919=VECTOR('',#4959,1.);
#920=VECTOR('',#4962,1.);
#921=VECTOR('',#4963,1.);
#922=VECTOR('',#4966,1.);
#923=VECTOR('',#4967,1.);
#924=VECTOR('',#4970,1.);
#925=VECTOR('',#4971,1.);
#926=VECTOR('',#4974,1.);
#927=VECTOR('',#4975,1.);
#928=VECTOR('',#4980,1.);
#929=VECTOR('',#4985,1.);
#930=VECTOR('',#4988,1.);
#931=VECTOR('',#4989,1.);
#932=VECTOR('',#4992,1.);
#933=VECTOR('',#4993,1.);
#934=VECTOR('',#4996,1.);
#935=VECTOR('',#4997,1.);
#936=VECTOR('',#5002,1.);
#937=VECTOR('',#5007,1.);
#938=VECTOR('',#5012,1.);
#939=VECTOR('',#5017,1.);
#940=VECTOR('',#5022,1.);
#941=VECTOR('',#5027,1.);
#942=VECTOR('',#5032,1.);
#943=VECTOR('',#5037,1.);
#944=VECTOR('',#5042,1.);
#945=VECTOR('',#5047,1.);
#946=VECTOR('',#5052,1.);
#947=VECTOR('',#5057,1.);
#948=VECTOR('',#5062,1.);
#949=VECTOR('',#5067,1.);
#950=VECTOR('',#5072,1.);
#951=VECTOR('',#5077,1.);
#952=VECTOR('',#5082,1.);
#953=VECTOR('',#5087,1.);
#954=VECTOR('',#5096,1.);
#955=VECTOR('',#5103,1.);
#956=VECTOR('',#5106,1.);
#957=VECTOR('',#5109,1.);
#958=VECTOR('',#5112,1.);
#959=VECTOR('',#5115,1.);
#960=VECTOR('',#5118,1.);
#961=VECTOR('',#5121,1.);
#962=VECTOR('',#5124,1.);
#963=VECTOR('',#5127,1.);
#964=VECTOR('',#5130,1.);
#965=VECTOR('',#5133,1.);
#966=VECTOR('',#5136,1.);
#967=VECTOR('',#5139,1.);
#968=VECTOR('',#5142,1.);
#969=VECTOR('',#5145,1.);
#970=VECTOR('',#5148,1.);
#971=VECTOR('',#5151,1.);
#972=VECTOR('',#5154,1.);
#973=VECTOR('',#5161,1.);
#974=VECTOR('',#5164,1.);
#975=VECTOR('',#5181,1.);
#976=VECTOR('',#5182,1.);
#977=VECTOR('',#5183,1.);
#978=VECTOR('',#5184,1.);
#979=VECTOR('',#5195,1.);
#980=VECTOR('',#5196,1.);
#981=VECTOR('',#5197,1.);
#982=VECTOR('',#5198,1.);
#983=VECTOR('',#5203,1.);
#984=VECTOR('',#5214,1.);
#985=VECTOR('',#5217,1.);
#986=VECTOR('',#5218,1.);
#987=VECTOR('',#5219,1.);
#988=VECTOR('',#5222,1.);
#989=VECTOR('',#5223,1.);
#990=VECTOR('',#5224,1.);
#991=VECTOR('',#5229,1.);
#992=VECTOR('',#5230,1.);
#993=VECTOR('',#5231,1.);
#994=VECTOR('',#5244,1.);
#995=VECTOR('',#5247,1.);
#996=VECTOR('',#5260,15.);
#997=CIRCLE('',#3549,0.305);
#998=CIRCLE('',#3550,0.305);
#999=CIRCLE('',#3552,0.3);
#1000=CIRCLE('',#3554,0.085);
#1001=CIRCLE('',#3555,0.085);
#1002=CIRCLE('',#3558,0.4);
#1003=CIRCLE('',#3559,0.4);
#1004=CIRCLE('',#3561,0.4);
#1005=CIRCLE('',#3562,0.4);
#1006=CIRCLE('',#3564,0.3);
#1007=CIRCLE('',#3566,0.300000000000001);
#1008=CIRCLE('',#3567,0.300000000000001);
#1009=CIRCLE('',#3568,0.300000000000001);
#1010=CIRCLE('',#3569,0.300000000000001);
#1011=CIRCLE('',#3570,0.300000000000001);
#1012=CIRCLE('',#3571,0.300000000000001);
#1013=CIRCLE('',#3573,0.300000000000001);
#1014=CIRCLE('',#3574,0.300000000000001);
#1015=CIRCLE('',#3575,0.300000000000001);
#1016=CIRCLE('',#3576,0.300000000000001);
#1017=CIRCLE('',#3577,0.300000000000001);
#1018=CIRCLE('',#3578,0.300000000000001);
#1019=CIRCLE('',#3580,0.3);
#1020=CIRCLE('',#3581,0.3);
#1021=CIRCLE('',#3582,0.3);
#1022=CIRCLE('',#3583,0.3);
#1023=CIRCLE('',#3584,0.3);
#1024=CIRCLE('',#3585,0.3);
#1025=CIRCLE('',#3587,9.827033416463);
#1026=CIRCLE('',#3588,9.827033416463);
#1027=CIRCLE('',#3590,9.827033416463);
#1028=CIRCLE('',#3591,9.827033416463);
#1029=CIRCLE('',#3593,10.0476211577993);
#1030=CIRCLE('',#3594,10.0476211577993);
#1031=CIRCLE('',#3596,9.96218046292423);
#1032=CIRCLE('',#3597,9.96218046292423);
#1033=CIRCLE('',#3599,9.96218046292423);
#1034=CIRCLE('',#3600,9.96218046292423);
#1035=CIRCLE('',#3602,10.3179139142763);
#1036=CIRCLE('',#3603,10.3179139142763);
#1037=CIRCLE('',#3605,10.2324740838552);
#1038=CIRCLE('',#3606,10.2324740838552);
#1039=CIRCLE('',#3608,9.91247457043055);
#1040=CIRCLE('',#3609,9.91247457043055);
#1041=CIRCLE('',#3610,9.77732783606486);
#1042=CIRCLE('',#3611,9.64218094862842);
#1043=CIRCLE('',#3612,9.50703411208238);
#1044=CIRCLE('',#3613,9.38429504133612);
#1045=CIRCLE('',#3614,9.27314060158614);
#1046=CIRCLE('',#3615,9.16066521921141);
#1047=CIRCLE('',#3616,9.04807298307409);
#1048=CIRCLE('',#3617,8.93559732804458);
#1049=CIRCLE('',#3618,8.82300481199471);
#1050=CIRCLE('',#3619,8.71052886345515);
#1051=CIRCLE('',#3620,8.59793604580405);
#1052=CIRCLE('',#3621,8.48545978071734);
#1053=CIRCLE('',#3622,8.37286663747716);
#1054=CIRCLE('',#3623,8.26039003033145);
#1055=CIRCLE('',#3624,8.14779653490234);
#1056=CIRCLE('',#3625,8.03531955736971);
#1057=CIRCLE('',#3626,7.92272568017448);
#1058=CIRCLE('',#3627,7.81024830071153);
#1059=CIRCLE('',#3628,7.69765391664252);
#1060=CIRCLE('',#3629,0.16);
#1061=CIRCLE('',#3630,8.01765391653816);
#1062=CIRCLE('',#3631,8.13024821198618);
#1063=CIRCLE('',#3632,8.24272558784403);
#1064=CIRCLE('',#3633,8.35531946845909);
#1065=CIRCLE('',#3634,8.4677964424801);
#1066=CIRCLE('',#3635,8.58038994124859);
#1067=CIRCLE('',#3636,8.69286654497157);
#1068=CIRCLE('',#3637,8.805459691474);
#1069=CIRCLE('',#3638,8.91793595322262);
#1070=CIRCLE('',#3639,9.03052877406203);
#1071=CIRCLE('',#3640,9.14300471934415);
#1072=CIRCLE('',#3641,9.25559723851141);
#1073=CIRCLE('',#3642,9.36807289036042);
#1074=CIRCLE('',#3643,9.48066512954707);
#1075=CIRCLE('',#3644,9.59314050894656);
#1076=CIRCLE('',#3645,9.70429459941024);
#1077=CIRCLE('',#3646,0.25);
#1078=CIRCLE('',#3647,0.25);
#1079=CIRCLE('',#3648,0.25);
#1080=CIRCLE('',#3649,0.25);
#1081=CIRCLE('',#3651,10.0973273499176);
#1082=CIRCLE('',#3652,10.2324740838552);
#1083=CIRCLE('',#3653,10.3676206708103);
#1084=CIRCLE('',#3654,10.502767116539);
#1085=CIRCLE('',#3655,10.6379134265006);
#1086=CIRCLE('',#3656,10.7730596058769);
#1087=CIRCLE('',#3657,10.9082056595892);
#1088=CIRCLE('',#3658,11.0433515923147);
#1089=CIRCLE('',#3659,11.1784976495458);
#1090=CIRCLE('',#3660,11.2796064566957);
#1091=CIRCLE('',#3661,11.3696096150534);
#1092=CIRCLE('',#3662,11.4596125617383);
#1093=CIRCLE('',#3663,11.5757454287828);
#1094=CIRCLE('',#3664,11.6543263050695);
#1095=CIRCLE('',#3665,11.7292021252168);
#1096=CIRCLE('',#3666,11.8040779133973);
#1097=CIRCLE('',#3667,11.8789536702233);
#1098=CIRCLE('',#3668,11.9538293962915);
#1099=CIRCLE('',#3669,12.0287050921836);
#1100=CIRCLE('',#3670,1.10600000000001);
#1101=CIRCLE('',#3671,12.5730868400171);
#1102=CIRCLE('',#3672,12.3028665532254);
#1103=CIRCLE('',#3673,12.2175099813524);
#1104=CIRCLE('',#3674,1.106);
#1105=CIRCLE('',#3675,1.11170108678217);
#1106=CIRCLE('',#3676,1.106);
#1107=CIRCLE('',#3677,12.3845972313163);
#1108=CIRCLE('',#3678,12.3448832367533);
#1109=CIRCLE('',#3679,0.785999999999995);
#1110=CIRCLE('',#3680,0.785999999999995);
#1111=CIRCLE('',#3681,12.2731238557534);
#1112=CIRCLE('',#3682,1.10600000000003);
#1113=CIRCLE('',#3683,11.9546244081579);
#1114=CIRCLE('',#3684,12.0517714501973);
#1115=CIRCLE('',#3685,11.8584566078842);
#1116=CIRCLE('',#3686,11.7835809706684);
#1117=CIRCLE('',#3687,11.7087053043967);
#1118=CIRCLE('',#3688,11.6338296085163);
#1119=CIRCLE('',#3689,11.5589538824599);
#1120=CIRCLE('',#3690,11.484078125646);
#1121=CIRCLE('',#3691,11.4092023374778);
#1122=CIRCLE('',#3692,11.3343265243122);
#1123=CIRCLE('',#3693,11.2557457062168);
#1124=CIRCLE('',#3694,11.139612723132);
#1125=CIRCLE('',#3695,11.0496096150558);
#1126=CIRCLE('',#3696,10.9596064567895);
#1127=CIRCLE('',#3697,10.8584978977051);
#1128=CIRCLE('',#3698,10.7233520811782);
#1129=CIRCLE('',#3699,10.5882061481017);
#1130=CIRCLE('',#3700,10.4530600940269);
#1131=CIRCLE('',#3701,10.3179139142763);
#1132=CIRCLE('',#3703,10.1827676039278);
#1133=CIRCLE('',#3704,10.0476211577993);
#1134=CIRCLE('',#3706,9.70429459941024);
#1135=CIRCLE('',#3707,9.59314050894656);
#1136=CIRCLE('',#3708,9.48066512954707);
#1137=CIRCLE('',#3709,9.36807289036042);
#1138=CIRCLE('',#3710,9.25559723851141);
#1139=CIRCLE('',#3711,9.14300471934415);
#1140=CIRCLE('',#3712,9.03052877406203);
#1141=CIRCLE('',#3713,8.91793595322262);
#1142=CIRCLE('',#3714,8.805459691474);
#1143=CIRCLE('',#3715,8.69286654497157);
#1144=CIRCLE('',#3716,8.58038994124859);
#1145=CIRCLE('',#3717,8.4677964424801);
#1146=CIRCLE('',#3718,8.35531946845909);
#1147=CIRCLE('',#3719,8.24272558784403);
#1148=CIRCLE('',#3720,8.13024821198618);
#1149=CIRCLE('',#3721,8.01765391653816);
#1150=CIRCLE('',#3722,0.16);
#1151=CIRCLE('',#3723,7.69765391664252);
#1152=CIRCLE('',#3724,7.81024830071153);
#1153=CIRCLE('',#3725,7.92272568017448);
#1154=CIRCLE('',#3726,8.03531955736971);
#1155=CIRCLE('',#3727,8.14779653490234);
#1156=CIRCLE('',#3728,8.26039003033145);
#1157=CIRCLE('',#3729,8.37286663747716);
#1158=CIRCLE('',#3730,8.48545978071734);
#1159=CIRCLE('',#3731,8.59793604580405);
#1160=CIRCLE('',#3732,8.71052886345515);
#1161=CIRCLE('',#3733,8.82300481199471);
#1162=CIRCLE('',#3734,8.93559732804458);
#1163=CIRCLE('',#3735,9.04807298307409);
#1164=CIRCLE('',#3736,9.16066521921141);
#1165=CIRCLE('',#3737,9.27314060158614);
#1166=CIRCLE('',#3738,9.38429504133612);
#1167=CIRCLE('',#3739,9.50703411208238);
#1168=CIRCLE('',#3740,9.64218094862842);
#1169=CIRCLE('',#3741,9.77732783606486);
#1170=CIRCLE('',#3742,9.91247457043055);
#1171=CIRCLE('',#3743,10.2324740838552);
#1172=CIRCLE('',#3744,10.0973273499176);
#1173=CIRCLE('',#3746,9.91247457043055);
#1174=CIRCLE('',#3748,0.25);
#1175=CIRCLE('',#3751,0.25);
#1176=CIRCLE('',#3754,0.25);
#1177=CIRCLE('',#3755,0.25);
#1178=CIRCLE('',#3758,0.25);
#1179=CIRCLE('',#3759,0.25);
#1180=CIRCLE('',#3762,0.25);
#1181=CIRCLE('',#3763,0.25);
#1182=CIRCLE('',#3766,0.25);
#1183=CIRCLE('',#3767,0.25);
#1184=CIRCLE('',#3770,0.25);
#1185=CIRCLE('',#3771,0.25);
#1186=CIRCLE('',#3774,0.25);
#1187=CIRCLE('',#3775,0.25);
#1188=CIRCLE('',#3778,0.25);
#1189=CIRCLE('',#3779,0.25);
#1190=CIRCLE('',#3782,0.25);
#1191=CIRCLE('',#3783,0.25);
#1192=CIRCLE('',#3786,0.25);
#1193=CIRCLE('',#3787,0.25);
#1194=CIRCLE('',#3790,0.25);
#1195=CIRCLE('',#3791,0.25);
#1196=CIRCLE('',#3794,0.25);
#1197=CIRCLE('',#3795,0.25);
#1198=CIRCLE('',#3798,0.25);
#1199=CIRCLE('',#3799,0.25);
#1200=CIRCLE('',#3802,0.25);
#1201=CIRCLE('',#3805,0.25);
#1202=CIRCLE('',#3809,0.302500046324955);
#1203=CIRCLE('',#3810,0.302500046324955);
#1204=CIRCLE('',#3813,0.302499949732376);
#1205=CIRCLE('',#3814,0.302499949732376);
#1206=CIRCLE('',#3818,0.302499923850469);
#1207=CIRCLE('',#3819,0.302499923850469);
#1208=CIRCLE('',#3822,0.302500046324955);
#1209=CIRCLE('',#3823,0.302500046324955);
#1210=CIRCLE('',#3827,0.302499998148893);
#1211=CIRCLE('',#3828,0.302499998148893);
#1212=CIRCLE('',#3831,0.302499998148893);
#1213=CIRCLE('',#3832,0.302499998148893);
#1214=CIRCLE('',#3835,70.6002257700192);
#1215=CIRCLE('',#3836,70.6002257700192);
#1216=CIRCLE('',#3838,0.785999999999996);
#1217=CIRCLE('',#3839,0.785999999999996);
#1218=CIRCLE('',#3842,0.791701195137941);
#1219=CIRCLE('',#3843,0.791701195137941);
#1220=CIRCLE('',#3845,0.785999999999999);
#1221=CIRCLE('',#3846,0.785999999999999);
#1222=CIRCLE('',#3869,10.3676206708103);
#1223=CIRCLE('',#3871,10.502767116539);
#1224=CIRCLE('',#3873,10.6379134265006);
#1225=CIRCLE('',#3875,10.7730596058769);
#1226=CIRCLE('',#3877,10.9082056595892);
#1227=CIRCLE('',#3879,11.0433515923147);
#1228=CIRCLE('',#3881,11.1784976495458);
#1229=CIRCLE('',#3883,11.2796064566957);
#1230=CIRCLE('',#3885,11.3696096150534);
#1231=CIRCLE('',#3887,11.4596125617383);
#1232=CIRCLE('',#3889,11.5757454287828);
#1233=CIRCLE('',#3891,11.6543263050695);
#1234=CIRCLE('',#3893,11.7292021252168);
#1235=CIRCLE('',#3895,11.8040779133973);
#1236=CIRCLE('',#3897,11.8789536702233);
#1237=CIRCLE('',#3899,11.9538293962915);
#1238=CIRCLE('',#3901,12.0287050921836);
#1239=CIRCLE('',#3903,1.10600000000001);
#1240=CIRCLE('',#3907,12.5730868400171);
#1241=CIRCLE('',#3909,12.3028665532254);
#1242=CIRCLE('',#3911,12.2175099813524);
#1243=CIRCLE('',#3913,1.106);
#1244=CIRCLE('',#3915,1.11170108678217);
#1245=CIRCLE('',#3917,1.106);
#1246=CIRCLE('',#3920,12.3845972313163);
#1247=CIRCLE('',#3922,12.3448832367533);
#1248=CIRCLE('',#3927,0.785999999999995);
#1249=CIRCLE('',#3930,0.785999999999995);
#1250=CIRCLE('',#3936,12.2731238557534);
#1251=CIRCLE('',#3938,1.10600000000003);
#1252=CIRCLE('',#3943,11.9546244081579);
#1253=CIRCLE('',#3945,12.0517714501973);
#1254=CIRCLE('',#3947,11.8584566078842);
#1255=CIRCLE('',#3949,11.7835809706684);
#1256=CIRCLE('',#3951,11.7087053043967);
#1257=CIRCLE('',#3953,11.6338296085163);
#1258=CIRCLE('',#3955,11.5589538824599);
#1259=CIRCLE('',#3957,11.484078125646);
#1260=CIRCLE('',#3959,11.4092023374778);
#1261=CIRCLE('',#3961,11.3343265243122);
#1262=CIRCLE('',#3963,11.2557457062168);
#1263=CIRCLE('',#3965,11.139612723132);
#1264=CIRCLE('',#3967,11.0496096150558);
#1265=CIRCLE('',#3969,10.9596064567895);
#1266=CIRCLE('',#3971,10.8584978977051);
#1267=CIRCLE('',#3973,10.7233520811782);
#1268=CIRCLE('',#3975,10.5882061481017);
#1269=CIRCLE('',#3977,10.4530600940269);
#1270=CIRCLE('',#3979,10.3179139142763);
#1271=CIRCLE('',#3981,10.1827676039278);
#1272=CIRCLE('',#3983,10.0476211577993);
#1273=CIRCLE('',#4004,12.1035807584667);
#1274=CIRCLE('',#4005,12.1035807584667);
#1275=CIRCLE('',#4007,12.0287050921836);
#1276=CIRCLE('',#4008,12.0287050921836);
#1277=CIRCLE('',#4010,1.10600000000001);
#1278=CIRCLE('',#4011,1.10600000000001);
#1279=CIRCLE('',#4015,0.785999999999999);
#1280=CIRCLE('',#4016,0.785999999999999);
#1281=CIRCLE('',#4020,0.785999999999991);
#1282=CIRCLE('',#4021,0.785999999999991);
#1283=CIRCLE('',#4024,0.785999999999991);
#1284=CIRCLE('',#4025,0.785999999999991);
#1285=CIRCLE('',#4031,0.785999999999991);
#1286=CIRCLE('',#4032,0.785999999999991);
#1287=CIRCLE('',#4035,13.9762558756761);
#1288=CIRCLE('',#4036,13.9762558756761);
#1289=CIRCLE('',#4038,1.10599999999998);
#1290=CIRCLE('',#4039,1.10599999999998);
#1291=CIRCLE('',#4042,15.);
#1292=CIRCLE('',#4043,15.);
#1293=VERTEX_POINT('',#5269);
#1294=VERTEX_POINT('',#5271);
#1295=VERTEX_POINT('',#5275);
#1296=VERTEX_POINT('',#5278);
#1297=VERTEX_POINT('',#5280);
#1298=VERTEX_POINT('',#5285);
#1299=VERTEX_POINT('',#5287);
#1300=VERTEX_POINT('',#5291);
#1301=VERTEX_POINT('',#5293);
#1302=VERTEX_POINT('',#5297);
#1303=VERTEX_POINT('',#5301);
#1304=VERTEX_POINT('',#5302);
#1305=VERTEX_POINT('',#5304);
#1306=VERTEX_POINT('',#5306);
#1307=VERTEX_POINT('',#5308);
#1308=VERTEX_POINT('',#5310);
#1309=VERTEX_POINT('',#5312);
#1310=VERTEX_POINT('',#5314);
#1311=VERTEX_POINT('',#5316);
#1312=VERTEX_POINT('',#5318);
#1313=VERTEX_POINT('',#5323);
#1314=VERTEX_POINT('',#5324);
#1315=VERTEX_POINT('',#5326);
#1316=VERTEX_POINT('',#5328);
#1317=VERTEX_POINT('',#5331);
#1318=VERTEX_POINT('',#5333);
#1319=VERTEX_POINT('',#5335);
#1320=VERTEX_POINT('',#5337);
#1321=VERTEX_POINT('',#5339);
#1322=VERTEX_POINT('',#5341);
#1323=VERTEX_POINT('',#5345);
#1324=VERTEX_POINT('',#5346);
#1325=VERTEX_POINT('',#5348);
#1326=VERTEX_POINT('',#5350);
#1327=VERTEX_POINT('',#5353);
#1328=VERTEX_POINT('',#5355);
#1329=VERTEX_POINT('',#5357);
#1330=VERTEX_POINT('',#5359);
#1331=VERTEX_POINT('',#5361);
#1332=VERTEX_POINT('',#5363);
#1333=VERTEX_POINT('',#5367);
#1334=VERTEX_POINT('',#5369);
#1335=VERTEX_POINT('',#5373);
#1336=VERTEX_POINT('',#5375);
#1337=VERTEX_POINT('',#5379);
#1338=VERTEX_POINT('',#5381);
#1339=VERTEX_POINT('',#5388);
#1340=VERTEX_POINT('',#5390);
#1341=VERTEX_POINT('',#5394);
#1342=VERTEX_POINT('',#5396);
#1343=VERTEX_POINT('',#5400);
#1344=VERTEX_POINT('',#5402);
#1345=VERTEX_POINT('',#5407);
#1346=VERTEX_POINT('',#5409);
#1347=VERTEX_POINT('',#5411);
#1348=VERTEX_POINT('',#5413);
#1349=VERTEX_POINT('',#5415);
#1350=VERTEX_POINT('',#5417);
#1351=VERTEX_POINT('',#5419);
#1352=VERTEX_POINT('',#5421);
#1353=VERTEX_POINT('',#5423);
#1354=VERTEX_POINT('',#5425);
#1355=VERTEX_POINT('',#5427);
#1356=VERTEX_POINT('',#5429);
#1357=VERTEX_POINT('',#5431);
#1358=VERTEX_POINT('',#5433);
#1359=VERTEX_POINT('',#5435);
#1360=VERTEX_POINT('',#5437);
#1361=VERTEX_POINT('',#5439);
#1362=VERTEX_POINT('',#5441);
#1363=VERTEX_POINT('',#5443);
#1364=VERTEX_POINT('',#5445);
#1365=VERTEX_POINT('',#5447);
#1366=VERTEX_POINT('',#5449);
#1367=VERTEX_POINT('',#5451);
#1368=VERTEX_POINT('',#5453);
#1369=VERTEX_POINT('',#5455);
#1370=VERTEX_POINT('',#5457);
#1371=VERTEX_POINT('',#5459);
#1372=VERTEX_POINT('',#5461);
#1373=VERTEX_POINT('',#5463);
#1374=VERTEX_POINT('',#5465);
#1375=VERTEX_POINT('',#5467);
#1376=VERTEX_POINT('',#5469);
#1377=VERTEX_POINT('',#5471);
#1378=VERTEX_POINT('',#5473);
#1379=VERTEX_POINT('',#5475);
#1380=VERTEX_POINT('',#5477);
#1381=VERTEX_POINT('',#5480);
#1382=VERTEX_POINT('',#5482);
#1383=VERTEX_POINT('',#5484);
#1384=VERTEX_POINT('',#5486);
#1385=VERTEX_POINT('',#5489);
#1386=VERTEX_POINT('',#5492);
#1387=VERTEX_POINT('',#5494);
#1388=VERTEX_POINT('',#5496);
#1389=VERTEX_POINT('',#5498);
#1390=VERTEX_POINT('',#5500);
#1391=VERTEX_POINT('',#5502);
#1392=VERTEX_POINT('',#5504);
#1393=VERTEX_POINT('',#5506);
#1394=VERTEX_POINT('',#5508);
#1395=VERTEX_POINT('',#5510);
#1396=VERTEX_POINT('',#5512);
#1397=VERTEX_POINT('',#5514);
#1398=VERTEX_POINT('',#5516);
#1399=VERTEX_POINT('',#5518);
#1400=VERTEX_POINT('',#5520);
#1401=VERTEX_POINT('',#5522);
#1402=VERTEX_POINT('',#5524);
#1403=VERTEX_POINT('',#5526);
#1404=VERTEX_POINT('',#5528);
#1405=VERTEX_POINT('',#5530);
#1406=VERTEX_POINT('',#5532);
#1407=VERTEX_POINT('',#5534);
#1408=VERTEX_POINT('',#5536);
#1409=VERTEX_POINT('',#5538);
#1410=VERTEX_POINT('',#5540);
#1411=VERTEX_POINT('',#5542);
#1412=VERTEX_POINT('',#5544);
#1413=VERTEX_POINT('',#5546);
#1414=VERTEX_POINT('',#5548);
#1415=VERTEX_POINT('',#5550);
#1416=VERTEX_POINT('',#5552);
#1417=VERTEX_POINT('',#5554);
#1418=VERTEX_POINT('',#5556);
#1419=VERTEX_POINT('',#5558);
#1420=VERTEX_POINT('',#5560);
#1421=VERTEX_POINT('',#5562);
#1422=VERTEX_POINT('',#5564);
#1423=VERTEX_POINT('',#5566);
#1424=VERTEX_POINT('',#5568);
#1425=VERTEX_POINT('',#5570);
#1426=VERTEX_POINT('',#5572);
#1427=VERTEX_POINT('',#5574);
#1428=VERTEX_POINT('',#5576);
#1429=VERTEX_POINT('',#5578);
#1430=VERTEX_POINT('',#5580);
#1431=VERTEX_POINT('',#5582);
#1432=VERTEX_POINT('',#5584);
#1433=VERTEX_POINT('',#5586);
#1434=VERTEX_POINT('',#5588);
#1435=VERTEX_POINT('',#5590);
#1436=VERTEX_POINT('',#5592);
#1437=VERTEX_POINT('',#5594);
#1438=VERTEX_POINT('',#5596);
#1439=VERTEX_POINT('',#5598);
#1440=VERTEX_POINT('',#5600);
#1441=VERTEX_POINT('',#5602);
#1442=VERTEX_POINT('',#5604);
#1443=VERTEX_POINT('',#5606);
#1444=VERTEX_POINT('',#5608);
#1445=VERTEX_POINT('',#5610);
#1446=VERTEX_POINT('',#5612);
#1447=VERTEX_POINT('',#5614);
#1448=VERTEX_POINT('',#5618);
#1449=VERTEX_POINT('',#5622);
#1450=VERTEX_POINT('',#5624);
#1451=VERTEX_POINT('',#5626);
#1452=VERTEX_POINT('',#5628);
#1453=VERTEX_POINT('',#5630);
#1454=VERTEX_POINT('',#5632);
#1455=VERTEX_POINT('',#5634);
#1456=VERTEX_POINT('',#5636);
#1457=VERTEX_POINT('',#5638);
#1458=VERTEX_POINT('',#5640);
#1459=VERTEX_POINT('',#5642);
#1460=VERTEX_POINT('',#5644);
#1461=VERTEX_POINT('',#5646);
#1462=VERTEX_POINT('',#5648);
#1463=VERTEX_POINT('',#5650);
#1464=VERTEX_POINT('',#5652);
#1465=VERTEX_POINT('',#5654);
#1466=VERTEX_POINT('',#5656);
#1467=VERTEX_POINT('',#5658);
#1468=VERTEX_POINT('',#5660);
#1469=VERTEX_POINT('',#5662);
#1470=VERTEX_POINT('',#5664);
#1471=VERTEX_POINT('',#5666);
#1472=VERTEX_POINT('',#5668);
#1473=VERTEX_POINT('',#5670);
#1474=VERTEX_POINT('',#5672);
#1475=VERTEX_POINT('',#5674);
#1476=VERTEX_POINT('',#5676);
#1477=VERTEX_POINT('',#5678);
#1478=VERTEX_POINT('',#5680);
#1479=VERTEX_POINT('',#5682);
#1480=VERTEX_POINT('',#5684);
#1481=VERTEX_POINT('',#5686);
#1482=VERTEX_POINT('',#5688);
#1483=VERTEX_POINT('',#5690);
#1484=VERTEX_POINT('',#5692);
#1485=VERTEX_POINT('',#5695);
#1486=VERTEX_POINT('',#5701);
#1487=VERTEX_POINT('',#5706);
#1488=VERTEX_POINT('',#5711);
#1489=VERTEX_POINT('',#5713);
#1490=VERTEX_POINT('',#5718);
#1491=VERTEX_POINT('',#5720);
#1492=VERTEX_POINT('',#5725);
#1493=VERTEX_POINT('',#5727);
#1494=VERTEX_POINT('',#5732);
#1495=VERTEX_POINT('',#5734);
#1496=VERTEX_POINT('',#5739);
#1497=VERTEX_POINT('',#5741);
#1498=VERTEX_POINT('',#5746);
#1499=VERTEX_POINT('',#5748);
#1500=VERTEX_POINT('',#5753);
#1501=VERTEX_POINT('',#5755);
#1502=VERTEX_POINT('',#5760);
#1503=VERTEX_POINT('',#5762);
#1504=VERTEX_POINT('',#5767);
#1505=VERTEX_POINT('',#5769);
#1506=VERTEX_POINT('',#5774);
#1507=VERTEX_POINT('',#5776);
#1508=VERTEX_POINT('',#5781);
#1509=VERTEX_POINT('',#5783);
#1510=VERTEX_POINT('',#5788);
#1511=VERTEX_POINT('',#5790);
#1512=VERTEX_POINT('',#5795);
#1513=VERTEX_POINT('',#5800);
#1514=VERTEX_POINT('',#5805);
#1515=VERTEX_POINT('',#5806);
#1516=VERTEX_POINT('',#5808);
#1517=VERTEX_POINT('',#5810);
#1518=VERTEX_POINT('',#5814);
#1519=VERTEX_POINT('',#5816);
#1520=VERTEX_POINT('',#5820);
#1521=VERTEX_POINT('',#5822);
#1522=VERTEX_POINT('',#5830);
#1523=VERTEX_POINT('',#5831);
#1524=VERTEX_POINT('',#5833);
#1525=VERTEX_POINT('',#5835);
#1526=VERTEX_POINT('',#5839);
#1527=VERTEX_POINT('',#5841);
#1528=VERTEX_POINT('',#5845);
#1529=VERTEX_POINT('',#5847);
#1530=VERTEX_POINT('',#5855);
#1531=VERTEX_POINT('',#5856);
#1532=VERTEX_POINT('',#5858);
#1533=VERTEX_POINT('',#5860);
#1534=VERTEX_POINT('',#5864);
#1535=VERTEX_POINT('',#5866);
#1536=VERTEX_POINT('',#5870);
#1537=VERTEX_POINT('',#5872);
#1538=VERTEX_POINT('',#5880);
#1539=VERTEX_POINT('',#5881);
#1540=VERTEX_POINT('',#5883);
#1541=VERTEX_POINT('',#5885);
#1542=VERTEX_POINT('',#5893);
#1543=VERTEX_POINT('',#5894);
#1544=VERTEX_POINT('',#5896);
#1545=VERTEX_POINT('',#5898);
#1546=VERTEX_POINT('',#5945);
#1547=VERTEX_POINT('',#5949);
#1548=VERTEX_POINT('',#5953);
#1549=VERTEX_POINT('',#5957);
#1550=VERTEX_POINT('',#5961);
#1551=VERTEX_POINT('',#5965);
#1552=VERTEX_POINT('',#5969);
#1553=VERTEX_POINT('',#5973);
#1554=VERTEX_POINT('',#5977);
#1555=VERTEX_POINT('',#5981);
#1556=VERTEX_POINT('',#5985);
#1557=VERTEX_POINT('',#5989);
#1558=VERTEX_POINT('',#5993);
#1559=VERTEX_POINT('',#5997);
#1560=VERTEX_POINT('',#6001);
#1561=VERTEX_POINT('',#6005);
#1562=VERTEX_POINT('',#6009);
#1563=VERTEX_POINT('',#6013);
#1564=VERTEX_POINT('',#6018);
#1565=VERTEX_POINT('',#6022);
#1566=VERTEX_POINT('',#6026);
#1567=VERTEX_POINT('',#6030);
#1568=VERTEX_POINT('',#6034);
#1569=VERTEX_POINT('',#6038);
#1570=VERTEX_POINT('',#6042);
#1571=VERTEX_POINT('',#6046);
#1572=VERTEX_POINT('',#6050);
#1573=VERTEX_POINT('',#6054);
#1574=VERTEX_POINT('',#6058);
#1575=VERTEX_POINT('',#6062);
#1576=VERTEX_POINT('',#6066);
#1577=VERTEX_POINT('',#6070);
#1578=VERTEX_POINT('',#6074);
#1579=VERTEX_POINT('',#6078);
#1580=VERTEX_POINT('',#6082);
#1581=VERTEX_POINT('',#6086);
#1582=VERTEX_POINT('',#6090);
#1583=VERTEX_POINT('',#6094);
#1584=VERTEX_POINT('',#6098);
#1585=VERTEX_POINT('',#6102);
#1586=VERTEX_POINT('',#6106);
#1587=VERTEX_POINT('',#6110);
#1588=VERTEX_POINT('',#6114);
#1589=VERTEX_POINT('',#6118);
#1590=VERTEX_POINT('',#6122);
#1591=VERTEX_POINT('',#6126);
#1592=VERTEX_POINT('',#6130);
#1593=VERTEX_POINT('',#6134);
#1594=VERTEX_POINT('',#6138);
#1595=VERTEX_POINT('',#6142);
#1596=VERTEX_POINT('',#6146);
#1597=VERTEX_POINT('',#6150);
#1598=VERTEX_POINT('',#6154);
#1599=VERTEX_POINT('',#6158);
#1600=VERTEX_POINT('',#6162);
#1601=VERTEX_POINT('',#6166);
#1602=VERTEX_POINT('',#6170);
#1603=VERTEX_POINT('',#6174);
#1604=VERTEX_POINT('',#6178);
#1605=VERTEX_POINT('',#6182);
#1606=VERTEX_POINT('',#6186);
#1607=VERTEX_POINT('',#6190);
#1608=VERTEX_POINT('',#6196);
#1609=VERTEX_POINT('',#6239);
#1610=VERTEX_POINT('',#6240);
#1611=VERTEX_POINT('',#6242);
#1612=VERTEX_POINT('',#6244);
#1613=VERTEX_POINT('',#6255);
#1614=VERTEX_POINT('',#6256);
#1615=VERTEX_POINT('',#6258);
#1616=VERTEX_POINT('',#6260);
#1617=VERTEX_POINT('',#6268);
#1618=VERTEX_POINT('',#6269);
#1619=VERTEX_POINT('',#6271);
#1620=VERTEX_POINT('',#6273);
#1621=VERTEX_POINT('',#6282);
#1622=VERTEX_POINT('',#6284);
#1623=VERTEX_POINT('',#6288);
#1624=VERTEX_POINT('',#6290);
#1625=VERTEX_POINT('',#6299);
#1626=VERTEX_POINT('',#6301);
#1627=VERTEX_POINT('',#6309);
#1628=VERTEX_POINT('',#6310);
#1629=VERTEX_POINT('',#6312);
#1630=VERTEX_POINT('',#6314);
#1631=VERTEX_POINT('',#6322);
#1632=VERTEX_POINT('',#6324);
#1633=EDGE_CURVE('',#1293,#1293,#997,.T.);
#1634=EDGE_CURVE('',#1293,#1294,#551,.T.);
#1635=EDGE_CURVE('',#1294,#1294,#998,.T.);
#1636=EDGE_CURVE('',#1295,#1295,#999,.T.);
#1637=EDGE_CURVE('',#1296,#1296,#1000,.T.);
#1638=EDGE_CURVE('',#1296,#1297,#552,.T.);
#1639=EDGE_CURVE('',#1297,#1297,#1001,.T.);
#1640=EDGE_CURVE('',#1298,#1298,#1002,.T.);
#1641=EDGE_CURVE('',#1298,#1299,#553,.T.);
#1642=EDGE_CURVE('',#1299,#1299,#1003,.T.);
#1643=EDGE_CURVE('',#1300,#1300,#1004,.T.);
#1644=EDGE_CURVE('',#1300,#1301,#554,.T.);
#1645=EDGE_CURVE('',#1301,#1301,#1005,.T.);
#1646=EDGE_CURVE('',#1302,#1302,#1006,.T.);
#1647=EDGE_CURVE('',#1302,#1295,#555,.T.);
#1648=EDGE_CURVE('',#1303,#1304,#556,.T.);
#1649=EDGE_CURVE('',#1305,#1303,#1007,.T.);
#1650=EDGE_CURVE('',#1306,#1305,#557,.T.);
#1651=EDGE_CURVE('',#1307,#1306,#1008,.T.);
#1652=EDGE_CURVE('',#1308,#1307,#558,.T.);
#1653=EDGE_CURVE('',#1309,#1308,#1009,.T.);
#1654=EDGE_CURVE('',#1310,#1309,#559,.T.);
#1655=EDGE_CURVE('',#1311,#1310,#1010,.T.);
#1656=EDGE_CURVE('',#1311,#1312,#560,.T.);
#1657=EDGE_CURVE('',#1312,#1312,#1011,.T.);
#1658=EDGE_CURVE('',#1304,#1311,#1012,.T.);
#1659=EDGE_CURVE('',#1313,#1314,#561,.T.);
#1660=EDGE_CURVE('',#1315,#1313,#1013,.T.);
#1661=EDGE_CURVE('',#1315,#1316,#562,.T.);
#1662=EDGE_CURVE('',#1316,#1316,#1014,.T.);
#1663=EDGE_CURVE('',#1317,#1315,#1015,.T.);
#1664=EDGE_CURVE('',#1318,#1317,#563,.T.);
#1665=EDGE_CURVE('',#1319,#1318,#1016,.T.);
#1666=EDGE_CURVE('',#1320,#1319,#564,.T.);
#1667=EDGE_CURVE('',#1321,#1320,#1017,.T.);
#1668=EDGE_CURVE('',#1322,#1321,#565,.T.);
#1669=EDGE_CURVE('',#1314,#1322,#1018,.T.);
#1670=EDGE_CURVE('',#1323,#1324,#566,.T.);
#1671=EDGE_CURVE('',#1325,#1323,#1019,.T.);
#1672=EDGE_CURVE('',#1325,#1326,#567,.T.);
#1673=EDGE_CURVE('',#1326,#1326,#1020,.T.);
#1674=EDGE_CURVE('',#1327,#1325,#1021,.T.);
#1675=EDGE_CURVE('',#1328,#1327,#568,.T.);
#1676=EDGE_CURVE('',#1329,#1328,#1022,.T.);
#1677=EDGE_CURVE('',#1330,#1329,#569,.T.);
#1678=EDGE_CURVE('',#1331,#1330,#1023,.T.);
#1679=EDGE_CURVE('',#1332,#1331,#570,.T.);
#1680=EDGE_CURVE('',#1324,#1332,#1024,.T.);
#1681=EDGE_CURVE('',#1309,#1333,#1025,.T.);
#1682=EDGE_CURVE('',#1334,#1333,#571,.T.);
#1683=EDGE_CURVE('',#1310,#1334,#1026,.T.);
#1684=EDGE_CURVE('',#1335,#1304,#1027,.T.);
#1685=EDGE_CURVE('',#1335,#1336,#572,.T.);
#1686=EDGE_CURVE('',#1336,#1303,#1028,.T.);
#1687=EDGE_CURVE('',#1337,#1307,#1029,.T.);
#1688=EDGE_CURVE('',#1337,#1338,#573,.T.);
#1689=EDGE_CURVE('',#1338,#1308,#1030,.T.);
#1690=EDGE_CURVE('',#1321,#1336,#1031,.T.);
#1691=EDGE_CURVE('',#1322,#1335,#1032,.T.);
#1692=EDGE_CURVE('',#1339,#1314,#1033,.T.);
#1693=EDGE_CURVE('',#1339,#1340,#574,.T.);
#1694=EDGE_CURVE('',#1340,#1313,#1034,.T.);
#1695=EDGE_CURVE('',#1341,#1319,#1035,.T.);
#1696=EDGE_CURVE('',#1341,#1342,#575,.T.);
#1697=EDGE_CURVE('',#1342,#1320,#1036,.T.);
#1698=EDGE_CURVE('',#1343,#1331,#1037,.T.);
#1699=EDGE_CURVE('',#1343,#1344,#576,.T.);
#1700=EDGE_CURVE('',#1344,#1332,#1038,.T.);
#1701=EDGE_CURVE('',#1329,#1338,#1039,.T.);
#1702=EDGE_CURVE('',#1345,#1328,#1040,.T.);
#1703=EDGE_CURVE('',#1346,#1345,#1041,.T.);
#1704=EDGE_CURVE('',#1347,#1346,#1042,.T.);
#1705=EDGE_CURVE('',#1348,#1347,#1043,.T.);
#1706=EDGE_CURVE('',#1349,#1348,#1044,.T.);
#1707=EDGE_CURVE('',#1350,#1349,#1045,.T.);
#1708=EDGE_CURVE('',#1351,#1350,#1046,.T.);
#1709=EDGE_CURVE('',#1352,#1351,#1047,.T.);
#1710=EDGE_CURVE('',#1353,#1352,#1048,.T.);
#1711=EDGE_CURVE('',#1354,#1353,#1049,.T.);
#1712=EDGE_CURVE('',#1355,#1354,#1050,.T.);
#1713=EDGE_CURVE('',#1356,#1355,#1051,.T.);
#1714=EDGE_CURVE('',#1357,#1356,#1052,.T.);
#1715=EDGE_CURVE('',#1358,#1357,#1053,.T.);
#1716=EDGE_CURVE('',#1359,#1358,#1054,.T.);
#1717=EDGE_CURVE('',#1360,#1359,#1055,.T.);
#1718=EDGE_CURVE('',#1361,#1360,#1056,.T.);
#1719=EDGE_CURVE('',#1362,#1361,#1057,.T.);
#1720=EDGE_CURVE('',#1363,#1362,#1058,.T.);
#1721=EDGE_CURVE('',#1364,#1363,#1059,.T.);
#1722=EDGE_CURVE('',#1365,#1364,#1060,.T.);
#1723=EDGE_CURVE('',#1366,#1365,#1061,.T.);
#1724=EDGE_CURVE('',#1367,#1366,#1062,.T.);
#1725=EDGE_CURVE('',#1368,#1367,#1063,.T.);
#1726=EDGE_CURVE('',#1369,#1368,#1064,.T.);
#1727=EDGE_CURVE('',#1370,#1369,#1065,.T.);
#1728=EDGE_CURVE('',#1371,#1370,#1066,.T.);
#1729=EDGE_CURVE('',#1372,#1371,#1067,.T.);
#1730=EDGE_CURVE('',#1373,#1372,#1068,.T.);
#1731=EDGE_CURVE('',#1374,#1373,#1069,.T.);
#1732=EDGE_CURVE('',#1375,#1374,#1070,.T.);
#1733=EDGE_CURVE('',#1376,#1375,#1071,.T.);
#1734=EDGE_CURVE('',#1377,#1376,#1072,.T.);
#1735=EDGE_CURVE('',#1378,#1377,#1073,.T.);
#1736=EDGE_CURVE('',#1379,#1378,#1074,.T.);
#1737=EDGE_CURVE('',#1380,#1379,#1075,.T.);
#1738=EDGE_CURVE('',#1333,#1380,#1076,.T.);
#1739=EDGE_CURVE('',#1381,#1381,#1077,.T.);
#1740=EDGE_CURVE('',#1382,#1382,#1078,.T.);
#1741=EDGE_CURVE('',#1383,#1383,#1079,.T.);
#1742=EDGE_CURVE('',#1384,#1384,#1080,.T.);
#1743=EDGE_CURVE('',#1385,#1340,#1081,.T.);
#1744=EDGE_CURVE('',#1324,#1385,#1082,.T.);
#1745=EDGE_CURVE('',#1386,#1344,#1083,.T.);
#1746=EDGE_CURVE('',#1387,#1386,#1084,.T.);
#1747=EDGE_CURVE('',#1388,#1387,#1085,.T.);
#1748=EDGE_CURVE('',#1389,#1388,#1086,.T.);
#1749=EDGE_CURVE('',#1390,#1389,#1087,.T.);
#1750=EDGE_CURVE('',#1391,#1390,#1088,.T.);
#1751=EDGE_CURVE('',#1392,#1391,#1089,.T.);
#1752=EDGE_CURVE('',#1393,#1392,#1090,.T.);
#1753=EDGE_CURVE('',#1394,#1393,#1091,.T.);
#1754=EDGE_CURVE('',#1395,#1394,#1092,.T.);
#1755=EDGE_CURVE('',#1396,#1395,#1093,.T.);
#1756=EDGE_CURVE('',#1397,#1396,#1094,.T.);
#1757=EDGE_CURVE('',#1398,#1397,#1095,.T.);
#1758=EDGE_CURVE('',#1399,#1398,#1096,.T.);
#1759=EDGE_CURVE('',#1400,#1399,#1097,.T.);
#1760=EDGE_CURVE('',#1401,#1400,#1098,.T.);
#1761=EDGE_CURVE('',#1402,#1401,#1099,.T.);
#1762=EDGE_CURVE('',#1403,#1402,#1100,.T.);
#1763=EDGE_CURVE('',#1404,#1403,#577,.T.);
#1764=EDGE_CURVE('',#1405,#1404,#578,.T.);
#1765=EDGE_CURVE('',#1406,#1405,#1101,.T.);
#1766=EDGE_CURVE('',#1407,#1406,#1102,.T.);
#1767=EDGE_CURVE('',#1408,#1407,#1103,.T.);
#1768=EDGE_CURVE('',#1409,#1408,#1104,.T.);
#1769=EDGE_CURVE('',#1410,#1409,#1105,.T.);
#1770=EDGE_CURVE('',#1411,#1410,#1106,.T.);
#1771=EDGE_CURVE('',#1412,#1411,#579,.T.);
#1772=EDGE_CURVE('',#1413,#1412,#1107,.T.);
#1773=EDGE_CURVE('',#1414,#1413,#1108,.T.);
#1774=EDGE_CURVE('',#1415,#1414,#580,.T.);
#1775=EDGE_CURVE('',#1416,#1415,#581,.T.);
#1776=EDGE_CURVE('',#1417,#1416,#582,.T.);
#1777=EDGE_CURVE('',#1418,#1417,#1109,.T.);
#1778=EDGE_CURVE('',#1419,#1418,#583,.T.);
#1779=EDGE_CURVE('',#1420,#1419,#1110,.T.);
#1780=EDGE_CURVE('',#1421,#1420,#584,.T.);
#1781=EDGE_CURVE('',#1422,#1421,#585,.T.);
#1782=EDGE_CURVE('',#1423,#1422,#586,.T.);
#1783=EDGE_CURVE('',#1424,#1423,#587,.T.);
#1784=EDGE_CURVE('',#1425,#1424,#1111,.T.);
#1785=EDGE_CURVE('',#1426,#1425,#1112,.T.);
#1786=EDGE_CURVE('',#1427,#1426,#588,.T.);
#1787=EDGE_CURVE('',#1428,#1427,#589,.T.);
#1788=EDGE_CURVE('',#1429,#1428,#590,.T.);
#1789=EDGE_CURVE('',#1430,#1429,#1113,.T.);
#1790=EDGE_CURVE('',#1431,#1430,#1114,.T.);
#1791=EDGE_CURVE('',#1432,#1431,#1115,.T.);
#1792=EDGE_CURVE('',#1433,#1432,#1116,.T.);
#1793=EDGE_CURVE('',#1434,#1433,#1117,.T.);
#1794=EDGE_CURVE('',#1435,#1434,#1118,.T.);
#1795=EDGE_CURVE('',#1436,#1435,#1119,.T.);
#1796=EDGE_CURVE('',#1437,#1436,#1120,.T.);
#1797=EDGE_CURVE('',#1438,#1437,#1121,.T.);
#1798=EDGE_CURVE('',#1439,#1438,#1122,.T.);
#1799=EDGE_CURVE('',#1440,#1439,#1123,.T.);
#1800=EDGE_CURVE('',#1441,#1440,#1124,.T.);
#1801=EDGE_CURVE('',#1442,#1441,#1125,.T.);
#1802=EDGE_CURVE('',#1443,#1442,#1126,.T.);
#1803=EDGE_CURVE('',#1444,#1443,#1127,.T.);
#1804=EDGE_CURVE('',#1445,#1444,#1128,.T.);
#1805=EDGE_CURVE('',#1446,#1445,#1129,.T.);
#1806=EDGE_CURVE('',#1447,#1446,#1130,.T.);
#1807=EDGE_CURVE('',#1317,#1447,#1131,.T.);
#1808=EDGE_CURVE('',#1448,#1342,#1132,.T.);
#1809=EDGE_CURVE('',#1305,#1448,#1133,.T.);
#1810=EDGE_CURVE('',#1334,#1449,#1134,.T.);
#1811=EDGE_CURVE('',#1449,#1450,#1135,.T.);
#1812=EDGE_CURVE('',#1450,#1451,#1136,.T.);
#1813=EDGE_CURVE('',#1451,#1452,#1137,.T.);
#1814=EDGE_CURVE('',#1452,#1453,#1138,.T.);
#1815=EDGE_CURVE('',#1453,#1454,#1139,.T.);
#1816=EDGE_CURVE('',#1454,#1455,#1140,.T.);
#1817=EDGE_CURVE('',#1455,#1456,#1141,.T.);
#1818=EDGE_CURVE('',#1456,#1457,#1142,.T.);
#1819=EDGE_CURVE('',#1457,#1458,#1143,.T.);
#1820=EDGE_CURVE('',#1458,#1459,#1144,.T.);
#1821=EDGE_CURVE('',#1459,#1460,#1145,.T.);
#1822=EDGE_CURVE('',#1460,#1461,#1146,.T.);
#1823=EDGE_CURVE('',#1461,#1462,#1147,.T.);
#1824=EDGE_CURVE('',#1462,#1463,#1148,.T.);
#1825=EDGE_CURVE('',#1463,#1464,#1149,.T.);
#1826=EDGE_CURVE('',#1464,#1465,#1150,.T.);
#1827=EDGE_CURVE('',#1465,#1466,#1151,.T.);
#1828=EDGE_CURVE('',#1466,#1467,#1152,.T.);
#1829=EDGE_CURVE('',#1467,#1468,#1153,.T.);
#1830=EDGE_CURVE('',#1468,#1469,#1154,.T.);
#1831=EDGE_CURVE('',#1469,#1470,#1155,.T.);
#1832=EDGE_CURVE('',#1470,#1471,#1156,.T.);
#1833=EDGE_CURVE('',#1471,#1472,#1157,.T.);
#1834=EDGE_CURVE('',#1472,#1473,#1158,.T.);
#1835=EDGE_CURVE('',#1473,#1474,#1159,.T.);
#1836=EDGE_CURVE('',#1474,#1475,#1160,.T.);
#1837=EDGE_CURVE('',#1475,#1476,#1161,.T.);
#1838=EDGE_CURVE('',#1476,#1477,#1162,.T.);
#1839=EDGE_CURVE('',#1477,#1478,#1163,.T.);
#1840=EDGE_CURVE('',#1478,#1479,#1164,.T.);
#1841=EDGE_CURVE('',#1479,#1480,#1165,.T.);
#1842=EDGE_CURVE('',#1480,#1481,#1166,.T.);
#1843=EDGE_CURVE('',#1481,#1482,#1167,.T.);
#1844=EDGE_CURVE('',#1482,#1483,#1168,.T.);
#1845=EDGE_CURVE('',#1483,#1484,#1169,.T.);
#1846=EDGE_CURVE('',#1484,#1327,#1170,.T.);
#1847=EDGE_CURVE('',#1323,#1485,#1171,.T.);
#1848=EDGE_CURVE('',#1485,#1339,#1172,.T.);
#1849=EDGE_CURVE('',#1330,#1337,#1173,.T.);
#1850=EDGE_CURVE('',#1384,#1486,#591,.T.);
#1851=EDGE_CURVE('',#1486,#1486,#1174,.T.);
#1852=EDGE_CURVE('',#1383,#1487,#592,.T.);
#1853=EDGE_CURVE('',#1487,#1487,#1175,.T.);
#1854=EDGE_CURVE('',#1488,#1488,#1176,.T.);
#1855=EDGE_CURVE('',#1488,#1489,#593,.T.);
#1856=EDGE_CURVE('',#1489,#1489,#1177,.T.);
#1857=EDGE_CURVE('',#1490,#1490,#1178,.T.);
#1858=EDGE_CURVE('',#1490,#1491,#594,.T.);
#1859=EDGE_CURVE('',#1491,#1491,#1179,.T.);
#1860=EDGE_CURVE('',#1492,#1492,#1180,.T.);
#1861=EDGE_CURVE('',#1492,#1493,#595,.T.);
#1862=EDGE_CURVE('',#1493,#1493,#1181,.T.);
#1863=EDGE_CURVE('',#1494,#1494,#1182,.T.);
#1864=EDGE_CURVE('',#1494,#1495,#596,.T.);
#1865=EDGE_CURVE('',#1495,#1495,#1183,.T.);
#1866=EDGE_CURVE('',#1496,#1496,#1184,.T.);
#1867=EDGE_CURVE('',#1496,#1497,#597,.T.);
#1868=EDGE_CURVE('',#1497,#1497,#1185,.T.);
#1869=EDGE_CURVE('',#1498,#1498,#1186,.T.);
#1870=EDGE_CURVE('',#1498,#1499,#598,.T.);
#1871=EDGE_CURVE('',#1499,#1499,#1187,.T.);
#1872=EDGE_CURVE('',#1500,#1500,#1188,.T.);
#1873=EDGE_CURVE('',#1500,#1501,#599,.T.);
#1874=EDGE_CURVE('',#1501,#1501,#1189,.T.);
#1875=EDGE_CURVE('',#1502,#1502,#1190,.T.);
#1876=EDGE_CURVE('',#1502,#1503,#600,.T.);
#1877=EDGE_CURVE('',#1503,#1503,#1191,.T.);
#1878=EDGE_CURVE('',#1504,#1504,#1192,.T.);
#1879=EDGE_CURVE('',#1504,#1505,#601,.T.);
#1880=EDGE_CURVE('',#1505,#1505,#1193,.T.);
#1881=EDGE_CURVE('',#1506,#1506,#1194,.T.);
#1882=EDGE_CURVE('',#1506,#1507,#602,.T.);
#1883=EDGE_CURVE('',#1507,#1507,#1195,.T.);
#1884=EDGE_CURVE('',#1508,#1508,#1196,.T.);
#1885=EDGE_CURVE('',#1508,#1509,#603,.T.);
#1886=EDGE_CURVE('',#1509,#1509,#1197,.T.);
#1887=EDGE_CURVE('',#1510,#1510,#1198,.T.);
#1888=EDGE_CURVE('',#1510,#1511,#604,.T.);
#1889=EDGE_CURVE('',#1511,#1511,#1199,.T.);
#1890=EDGE_CURVE('',#1382,#1512,#605,.T.);
#1891=EDGE_CURVE('',#1512,#1512,#1200,.T.);
#1892=EDGE_CURVE('',#1381,#1513,#606,.T.);
#1893=EDGE_CURVE('',#1513,#1513,#1201,.T.);
#1894=EDGE_CURVE('',#1514,#1515,#607,.T.);
#1895=EDGE_CURVE('',#1514,#1516,#608,.T.);
#1896=EDGE_CURVE('',#1516,#1517,#609,.T.);
#1897=EDGE_CURVE('',#1515,#1517,#610,.T.);
#1898=EDGE_CURVE('',#1518,#1514,#1202,.T.);
#1899=EDGE_CURVE('',#1518,#1519,#611,.T.);
#1900=EDGE_CURVE('',#1519,#1516,#1203,.T.);
#1901=EDGE_CURVE('',#1520,#1518,#612,.T.);
#1902=EDGE_CURVE('',#1520,#1521,#613,.T.);
#1903=EDGE_CURVE('',#1521,#1519,#614,.T.);
#1904=EDGE_CURVE('',#1515,#1520,#1204,.T.);
#1905=EDGE_CURVE('',#1517,#1521,#1205,.T.);
#1906=EDGE_CURVE('',#1522,#1523,#615,.T.);
#1907=EDGE_CURVE('',#1522,#1524,#616,.T.);
#1908=EDGE_CURVE('',#1524,#1525,#617,.T.);
#1909=EDGE_CURVE('',#1523,#1525,#618,.T.);
#1910=EDGE_CURVE('',#1526,#1522,#1206,.T.);
#1911=EDGE_CURVE('',#1526,#1527,#619,.T.);
#1912=EDGE_CURVE('',#1527,#1524,#1207,.T.);
#1913=EDGE_CURVE('',#1528,#1526,#620,.T.);
#1914=EDGE_CURVE('',#1528,#1529,#621,.T.);
#1915=EDGE_CURVE('',#1529,#1527,#622,.T.);
#1916=EDGE_CURVE('',#1523,#1528,#1208,.T.);
#1917=EDGE_CURVE('',#1525,#1529,#1209,.T.);
#1918=EDGE_CURVE('',#1530,#1531,#623,.T.);
#1919=EDGE_CURVE('',#1530,#1532,#624,.T.);
#1920=EDGE_CURVE('',#1532,#1533,#625,.T.);
#1921=EDGE_CURVE('',#1531,#1533,#626,.T.);
#1922=EDGE_CURVE('',#1534,#1530,#1210,.T.);
#1923=EDGE_CURVE('',#1534,#1535,#627,.T.);
#1924=EDGE_CURVE('',#1535,#1532,#1211,.T.);
#1925=EDGE_CURVE('',#1536,#1534,#628,.T.);
#1926=EDGE_CURVE('',#1536,#1537,#629,.T.);
#1927=EDGE_CURVE('',#1537,#1535,#630,.T.);
#1928=EDGE_CURVE('',#1531,#1536,#1212,.T.);
#1929=EDGE_CURVE('',#1533,#1537,#1213,.T.);
#1930=EDGE_CURVE('',#1538,#1539,#1214,.T.);
#1931=EDGE_CURVE('',#1538,#1540,#631,.T.);
#1932=EDGE_CURVE('',#1540,#1541,#1215,.T.);
#1933=EDGE_CURVE('',#1539,#1541,#632,.T.);
#1934=EDGE_CURVE('',#1539,#1538,#1216,.T.);
#1935=EDGE_CURVE('',#1541,#1540,#1217,.T.);
#1936=EDGE_CURVE('',#1542,#1543,#1218,.T.);
#1937=EDGE_CURVE('',#1542,#1544,#633,.T.);
#1938=EDGE_CURVE('',#1544,#1545,#1219,.T.);
#1939=EDGE_CURVE('',#1543,#1545,#634,.T.);
#1940=EDGE_CURVE('',#1543,#1542,#1220,.T.);
#1941=EDGE_CURVE('',#1545,#1544,#1221,.T.);
#1942=EDGE_CURVE('',#1465,#1364,#635,.T.);
#1943=EDGE_CURVE('',#1466,#1363,#636,.T.);
#1944=EDGE_CURVE('',#1464,#1365,#637,.T.);
#1945=EDGE_CURVE('',#1463,#1366,#638,.T.);
#1946=EDGE_CURVE('',#1462,#1367,#639,.T.);
#1947=EDGE_CURVE('',#1461,#1368,#640,.T.);
#1948=EDGE_CURVE('',#1460,#1369,#641,.T.);
#1949=EDGE_CURVE('',#1459,#1370,#642,.T.);
#1950=EDGE_CURVE('',#1458,#1371,#643,.T.);
#1951=EDGE_CURVE('',#1457,#1372,#644,.T.);
#1952=EDGE_CURVE('',#1456,#1373,#645,.T.);
#1953=EDGE_CURVE('',#1455,#1374,#646,.T.);
#1954=EDGE_CURVE('',#1454,#1375,#647,.T.);
#1955=EDGE_CURVE('',#1453,#1376,#648,.T.);
#1956=EDGE_CURVE('',#1452,#1377,#649,.T.);
#1957=EDGE_CURVE('',#1451,#1378,#650,.T.);
#1958=EDGE_CURVE('',#1450,#1379,#651,.T.);
#1959=EDGE_CURVE('',#1449,#1380,#652,.T.);
#1960=EDGE_CURVE('',#1485,#1385,#653,.T.);
#1961=EDGE_CURVE('',#1546,#1343,#1222,.T.);
#1962=EDGE_CURVE('',#1546,#1386,#654,.T.);
#1963=EDGE_CURVE('',#1547,#1546,#1223,.T.);
#1964=EDGE_CURVE('',#1547,#1387,#655,.T.);
#1965=EDGE_CURVE('',#1548,#1547,#1224,.T.);
#1966=EDGE_CURVE('',#1548,#1388,#656,.T.);
#1967=EDGE_CURVE('',#1549,#1548,#1225,.T.);
#1968=EDGE_CURVE('',#1549,#1389,#657,.T.);
#1969=EDGE_CURVE('',#1550,#1549,#1226,.T.);
#1970=EDGE_CURVE('',#1550,#1390,#658,.T.);
#1971=EDGE_CURVE('',#1551,#1550,#1227,.T.);
#1972=EDGE_CURVE('',#1551,#1391,#659,.T.);
#1973=EDGE_CURVE('',#1552,#1551,#1228,.T.);
#1974=EDGE_CURVE('',#1552,#1392,#660,.T.);
#1975=EDGE_CURVE('',#1553,#1552,#1229,.T.);
#1976=EDGE_CURVE('',#1553,#1393,#661,.T.);
#1977=EDGE_CURVE('',#1554,#1553,#1230,.T.);
#1978=EDGE_CURVE('',#1554,#1394,#662,.T.);
#1979=EDGE_CURVE('',#1555,#1554,#1231,.T.);
#1980=EDGE_CURVE('',#1555,#1395,#663,.T.);
#1981=EDGE_CURVE('',#1556,#1555,#1232,.T.);
#1982=EDGE_CURVE('',#1556,#1396,#664,.T.);
#1983=EDGE_CURVE('',#1557,#1556,#1233,.T.);
#1984=EDGE_CURVE('',#1557,#1397,#665,.T.);
#1985=EDGE_CURVE('',#1558,#1557,#1234,.T.);
#1986=EDGE_CURVE('',#1558,#1398,#666,.T.);
#1987=EDGE_CURVE('',#1559,#1558,#1235,.T.);
#1988=EDGE_CURVE('',#1559,#1399,#667,.T.);
#1989=EDGE_CURVE('',#1560,#1559,#1236,.T.);
#1990=EDGE_CURVE('',#1560,#1400,#668,.T.);
#1991=EDGE_CURVE('',#1561,#1560,#1237,.T.);
#1992=EDGE_CURVE('',#1561,#1401,#669,.T.);
#1993=EDGE_CURVE('',#1562,#1561,#1238,.T.);
#1994=EDGE_CURVE('',#1562,#1402,#670,.T.);
#1995=EDGE_CURVE('',#1563,#1562,#1239,.T.);
#1996=EDGE_CURVE('',#1563,#1403,#671,.T.);
#1997=EDGE_CURVE('',#1562,#1402,#672,.T.);
#1998=EDGE_CURVE('',#1564,#1563,#673,.T.);
#1999=EDGE_CURVE('',#1564,#1404,#674,.T.);
#2000=EDGE_CURVE('',#1565,#1564,#675,.T.);
#2001=EDGE_CURVE('',#1565,#1405,#676,.T.);
#2002=EDGE_CURVE('',#1566,#1565,#1240,.T.);
#2003=EDGE_CURVE('',#1566,#1406,#677,.T.);
#2004=EDGE_CURVE('',#1567,#1566,#1241,.T.);
#2005=EDGE_CURVE('',#1567,#1407,#678,.T.);
#2006=EDGE_CURVE('',#1568,#1567,#1242,.T.);
#2007=EDGE_CURVE('',#1568,#1408,#679,.T.);
#2008=EDGE_CURVE('',#1569,#1568,#1243,.T.);
#2009=EDGE_CURVE('',#1569,#1409,#680,.T.);
#2010=EDGE_CURVE('',#1570,#1569,#1244,.T.);
#2011=EDGE_CURVE('',#1570,#1410,#681,.T.);
#2012=EDGE_CURVE('',#1571,#1570,#1245,.T.);
#2013=EDGE_CURVE('',#1571,#1411,#682,.T.);
#2014=EDGE_CURVE('',#1572,#1571,#683,.T.);
#2015=EDGE_CURVE('',#1572,#1412,#684,.T.);
#2016=EDGE_CURVE('',#1573,#1572,#1246,.T.);
#2017=EDGE_CURVE('',#1573,#1413,#685,.T.);
#2018=EDGE_CURVE('',#1574,#1573,#1247,.T.);
#2019=EDGE_CURVE('',#1574,#1414,#686,.T.);
#2020=EDGE_CURVE('',#1575,#1574,#687,.T.);
#2021=EDGE_CURVE('',#1575,#1415,#688,.T.);
#2022=EDGE_CURVE('',#1576,#1575,#689,.T.);
#2023=EDGE_CURVE('',#1576,#1416,#690,.T.);
#2024=EDGE_CURVE('',#1577,#1576,#691,.T.);
#2025=EDGE_CURVE('',#1577,#1417,#692,.T.);
#2026=EDGE_CURVE('',#1578,#1577,#1248,.T.);
#2027=EDGE_CURVE('',#1578,#1418,#693,.T.);
#2028=EDGE_CURVE('',#1579,#1578,#694,.T.);
#2029=EDGE_CURVE('',#1579,#1419,#695,.T.);
#2030=EDGE_CURVE('',#1580,#1579,#1249,.T.);
#2031=EDGE_CURVE('',#1580,#1420,#696,.T.);
#2032=EDGE_CURVE('',#1581,#1580,#697,.T.);
#2033=EDGE_CURVE('',#1581,#1421,#698,.T.);
#2034=EDGE_CURVE('',#1582,#1581,#699,.T.);
#2035=EDGE_CURVE('',#1582,#1422,#700,.T.);
#2036=EDGE_CURVE('',#1583,#1582,#701,.T.);
#2037=EDGE_CURVE('',#1583,#1423,#702,.T.);
#2038=EDGE_CURVE('',#1584,#1583,#703,.T.);
#2039=EDGE_CURVE('',#1584,#1424,#704,.T.);
#2040=EDGE_CURVE('',#1585,#1584,#1250,.T.);
#2041=EDGE_CURVE('',#1585,#1425,#705,.T.);
#2042=EDGE_CURVE('',#1586,#1585,#1251,.T.);
#2043=EDGE_CURVE('',#1586,#1426,#706,.T.);
#2044=EDGE_CURVE('',#1587,#1586,#707,.T.);
#2045=EDGE_CURVE('',#1587,#1427,#708,.T.);
#2046=EDGE_CURVE('',#1588,#1587,#709,.T.);
#2047=EDGE_CURVE('',#1588,#1428,#710,.T.);
#2048=EDGE_CURVE('',#1589,#1588,#711,.T.);
#2049=EDGE_CURVE('',#1589,#1429,#712,.T.);
#2050=EDGE_CURVE('',#1590,#1589,#1252,.T.);
#2051=EDGE_CURVE('',#1590,#1430,#713,.T.);
#2052=EDGE_CURVE('',#1591,#1590,#1253,.T.);
#2053=EDGE_CURVE('',#1591,#1431,#714,.T.);
#2054=EDGE_CURVE('',#1592,#1591,#1254,.T.);
#2055=EDGE_CURVE('',#1592,#1432,#715,.T.);
#2056=EDGE_CURVE('',#1593,#1592,#1255,.T.);
#2057=EDGE_CURVE('',#1593,#1433,#716,.T.);
#2058=EDGE_CURVE('',#1594,#1593,#1256,.T.);
#2059=EDGE_CURVE('',#1594,#1434,#717,.T.);
#2060=EDGE_CURVE('',#1595,#1594,#1257,.T.);
#2061=EDGE_CURVE('',#1595,#1435,#718,.T.);
#2062=EDGE_CURVE('',#1596,#1595,#1258,.T.);
#2063=EDGE_CURVE('',#1596,#1436,#719,.T.);
#2064=EDGE_CURVE('',#1597,#1596,#1259,.T.);
#2065=EDGE_CURVE('',#1597,#1437,#720,.T.);
#2066=EDGE_CURVE('',#1598,#1597,#1260,.T.);
#2067=EDGE_CURVE('',#1598,#1438,#721,.T.);
#2068=EDGE_CURVE('',#1599,#1598,#1261,.T.);
#2069=EDGE_CURVE('',#1599,#1439,#722,.T.);
#2070=EDGE_CURVE('',#1600,#1599,#1262,.T.);
#2071=EDGE_CURVE('',#1600,#1440,#723,.T.);
#2072=EDGE_CURVE('',#1601,#1600,#1263,.T.);
#2073=EDGE_CURVE('',#1601,#1441,#724,.T.);
#2074=EDGE_CURVE('',#1602,#1601,#1264,.T.);
#2075=EDGE_CURVE('',#1602,#1442,#725,.T.);
#2076=EDGE_CURVE('',#1603,#1602,#1265,.T.);
#2077=EDGE_CURVE('',#1603,#1443,#726,.T.);
#2078=EDGE_CURVE('',#1604,#1603,#1266,.T.);
#2079=EDGE_CURVE('',#1604,#1444,#727,.T.);
#2080=EDGE_CURVE('',#1605,#1604,#1267,.T.);
#2081=EDGE_CURVE('',#1605,#1445,#728,.T.);
#2082=EDGE_CURVE('',#1606,#1605,#1268,.T.);
#2083=EDGE_CURVE('',#1606,#1446,#729,.T.);
#2084=EDGE_CURVE('',#1607,#1606,#1269,.T.);
#2085=EDGE_CURVE('',#1607,#1447,#730,.T.);
#2086=EDGE_CURVE('',#1318,#1607,#1270,.T.);
#2087=EDGE_CURVE('',#1608,#1341,#1271,.T.);
#2088=EDGE_CURVE('',#1608,#1448,#731,.T.);
#2089=EDGE_CURVE('',#1306,#1608,#1272,.T.);
#2090=EDGE_CURVE('',#1484,#1345,#732,.T.);
#2091=EDGE_CURVE('',#1483,#1346,#733,.T.);
#2092=EDGE_CURVE('',#1482,#1347,#734,.T.);
#2093=EDGE_CURVE('',#1481,#1348,#735,.T.);
#2094=EDGE_CURVE('',#1480,#1349,#736,.T.);
#2095=EDGE_CURVE('',#1479,#1350,#737,.T.);
#2096=EDGE_CURVE('',#1478,#1351,#738,.T.);
#2097=EDGE_CURVE('',#1477,#1352,#739,.T.);
#2098=EDGE_CURVE('',#1476,#1353,#740,.T.);
#2099=EDGE_CURVE('',#1475,#1354,#741,.T.);
#2100=EDGE_CURVE('',#1474,#1355,#742,.T.);
#2101=EDGE_CURVE('',#1473,#1356,#743,.T.);
#2102=EDGE_CURVE('',#1472,#1357,#744,.T.);
#2103=EDGE_CURVE('',#1471,#1358,#745,.T.);
#2104=EDGE_CURVE('',#1470,#1359,#746,.T.);
#2105=EDGE_CURVE('',#1469,#1360,#747,.T.);
#2106=EDGE_CURVE('',#1468,#1361,#748,.T.);
#2107=EDGE_CURVE('',#1467,#1362,#749,.T.);
#2108=EDGE_CURVE('',#1609,#1610,#1273,.T.);
#2109=EDGE_CURVE('',#1609,#1611,#750,.T.);
#2110=EDGE_CURVE('',#1611,#1612,#1274,.T.);
#2111=EDGE_CURVE('',#1610,#1612,#751,.T.);
#2112=EDGE_CURVE('',#1562,#1609,#1275,.T.);
#2113=EDGE_CURVE('',#1402,#1611,#1276,.T.);
#2114=EDGE_CURVE('',#1610,#1562,#1277,.T.);
#2115=EDGE_CURVE('',#1612,#1402,#1278,.T.);
#2116=EDGE_CURVE('',#1613,#1614,#752,.T.);
#2117=EDGE_CURVE('',#1613,#1615,#753,.T.);
#2118=EDGE_CURVE('',#1615,#1616,#754,.T.);
#2119=EDGE_CURVE('',#1614,#1616,#755,.T.);
#2120=EDGE_CURVE('',#1614,#1613,#1279,.T.);
#2121=EDGE_CURVE('',#1616,#1615,#1280,.T.);
#2122=EDGE_CURVE('',#1617,#1618,#756,.T.);
#2123=EDGE_CURVE('',#1617,#1619,#757,.T.);
#2124=EDGE_CURVE('',#1619,#1620,#758,.T.);
#2125=EDGE_CURVE('',#1618,#1620,#759,.T.);
#2126=EDGE_CURVE('',#1618,#1617,#1281,.T.);
#2127=EDGE_CURVE('',#1618,#1620,#760,.T.);
#2128=EDGE_CURVE('',#1620,#1619,#1282,.T.);
#2129=EDGE_CURVE('',#1618,#1621,#1283,.T.);
#2130=EDGE_CURVE('',#1620,#1622,#1284,.T.);
#2131=EDGE_CURVE('',#1621,#1622,#761,.T.);
#2132=EDGE_CURVE('',#1623,#1618,#762,.T.);
#2133=EDGE_CURVE('',#1623,#1624,#763,.T.);
#2134=EDGE_CURVE('',#1624,#1620,#764,.T.);
#2135=EDGE_CURVE('',#1621,#1623,#765,.T.);
#2136=EDGE_CURVE('',#1621,#1622,#766,.T.);
#2137=EDGE_CURVE('',#1622,#1624,#767,.T.);
#2138=EDGE_CURVE('',#1621,#1625,#768,.T.);
#2139=EDGE_CURVE('',#1622,#1626,#769,.T.);
#2140=EDGE_CURVE('',#1625,#1626,#770,.T.);
#2141=EDGE_CURVE('',#1625,#1621,#1285,.T.);
#2142=EDGE_CURVE('',#1626,#1622,#1286,.T.);
#2143=EDGE_CURVE('',#1627,#1628,#1287,.T.);
#2144=EDGE_CURVE('',#1627,#1629,#771,.T.);
#2145=EDGE_CURVE('',#1629,#1630,#1288,.T.);
#2146=EDGE_CURVE('',#1628,#1630,#772,.T.);
#2147=EDGE_CURVE('',#1628,#1627,#1289,.T.);
#2148=EDGE_CURVE('',#1630,#1629,#1290,.T.);
#2149=EDGE_CURVE('',#1631,#1631,#1291,.T.);
#2150=EDGE_CURVE('',#1631,#1632,#773,.T.);
#2151=EDGE_CURVE('',#1632,#1632,#1292,.T.);
#2152=ORIENTED_EDGE('',*,*,#1633,.F.);
#2153=ORIENTED_EDGE('',*,*,#1634,.T.);
#2154=ORIENTED_EDGE('',*,*,#1635,.T.);
#2155=ORIENTED_EDGE('',*,*,#1634,.F.);
#2156=ORIENTED_EDGE('',*,*,#1635,.F.);
#2157=ORIENTED_EDGE('',*,*,#1636,.F.);
#2158=ORIENTED_EDGE('',*,*,#1637,.F.);
#2159=ORIENTED_EDGE('',*,*,#1638,.T.);
#2160=ORIENTED_EDGE('',*,*,#1639,.T.);
#2161=ORIENTED_EDGE('',*,*,#1638,.F.);
#2162=ORIENTED_EDGE('',*,*,#1639,.F.);
#2163=ORIENTED_EDGE('',*,*,#1640,.F.);
#2164=ORIENTED_EDGE('',*,*,#1641,.T.);
#2165=ORIENTED_EDGE('',*,*,#1642,.F.);
#2166=ORIENTED_EDGE('',*,*,#1641,.F.);
#2167=ORIENTED_EDGE('',*,*,#1643,.F.);
#2168=ORIENTED_EDGE('',*,*,#1644,.T.);
#2169=ORIENTED_EDGE('',*,*,#1645,.F.);
#2170=ORIENTED_EDGE('',*,*,#1644,.F.);
#2171=ORIENTED_EDGE('',*,*,#1646,.F.);
#2172=ORIENTED_EDGE('',*,*,#1647,.T.);
#2173=ORIENTED_EDGE('',*,*,#1636,.T.);
#2174=ORIENTED_EDGE('',*,*,#1647,.F.);
#2175=ORIENTED_EDGE('',*,*,#1648,.F.);
#2176=ORIENTED_EDGE('',*,*,#1649,.F.);
#2177=ORIENTED_EDGE('',*,*,#1650,.F.);
#2178=ORIENTED_EDGE('',*,*,#1651,.F.);
#2179=ORIENTED_EDGE('',*,*,#1652,.F.);
#2180=ORIENTED_EDGE('',*,*,#1653,.F.);
#2181=ORIENTED_EDGE('',*,*,#1654,.F.);
#2182=ORIENTED_EDGE('',*,*,#1655,.F.);
#2183=ORIENTED_EDGE('',*,*,#1656,.T.);
#2184=ORIENTED_EDGE('',*,*,#1657,.F.);
#2185=ORIENTED_EDGE('',*,*,#1656,.F.);
#2186=ORIENTED_EDGE('',*,*,#1658,.F.);
#2187=ORIENTED_EDGE('',*,*,#1659,.F.);
#2188=ORIENTED_EDGE('',*,*,#1660,.F.);
#2189=ORIENTED_EDGE('',*,*,#1661,.T.);
#2190=ORIENTED_EDGE('',*,*,#1662,.F.);
#2191=ORIENTED_EDGE('',*,*,#1661,.F.);
#2192=ORIENTED_EDGE('',*,*,#1663,.F.);
#2193=ORIENTED_EDGE('',*,*,#1664,.F.);
#2194=ORIENTED_EDGE('',*,*,#1665,.F.);
#2195=ORIENTED_EDGE('',*,*,#1666,.F.);
#2196=ORIENTED_EDGE('',*,*,#1667,.F.);
#2197=ORIENTED_EDGE('',*,*,#1668,.F.);
#2198=ORIENTED_EDGE('',*,*,#1669,.F.);
#2199=ORIENTED_EDGE('',*,*,#1670,.F.);
#2200=ORIENTED_EDGE('',*,*,#1671,.F.);
#2201=ORIENTED_EDGE('',*,*,#1672,.T.);
#2202=ORIENTED_EDGE('',*,*,#1673,.F.);
#2203=ORIENTED_EDGE('',*,*,#1672,.F.);
#2204=ORIENTED_EDGE('',*,*,#1674,.F.);
#2205=ORIENTED_EDGE('',*,*,#1675,.F.);
#2206=ORIENTED_EDGE('',*,*,#1676,.F.);
#2207=ORIENTED_EDGE('',*,*,#1677,.F.);
#2208=ORIENTED_EDGE('',*,*,#1678,.F.);
#2209=ORIENTED_EDGE('',*,*,#1679,.F.);
#2210=ORIENTED_EDGE('',*,*,#1680,.F.);
#2211=ORIENTED_EDGE('',*,*,#1654,.T.);
#2212=ORIENTED_EDGE('',*,*,#1681,.T.);
#2213=ORIENTED_EDGE('',*,*,#1682,.F.);
#2214=ORIENTED_EDGE('',*,*,#1683,.F.);
#2215=ORIENTED_EDGE('',*,*,#1648,.T.);
#2216=ORIENTED_EDGE('',*,*,#1684,.F.);
#2217=ORIENTED_EDGE('',*,*,#1685,.T.);
#2218=ORIENTED_EDGE('',*,*,#1686,.T.);
#2219=ORIENTED_EDGE('',*,*,#1652,.T.);
#2220=ORIENTED_EDGE('',*,*,#1687,.F.);
#2221=ORIENTED_EDGE('',*,*,#1688,.T.);
#2222=ORIENTED_EDGE('',*,*,#1689,.T.);
#2223=ORIENTED_EDGE('',*,*,#1668,.T.);
#2224=ORIENTED_EDGE('',*,*,#1690,.T.);
#2225=ORIENTED_EDGE('',*,*,#1685,.F.);
#2226=ORIENTED_EDGE('',*,*,#1691,.F.);
#2227=ORIENTED_EDGE('',*,*,#1659,.T.);
#2228=ORIENTED_EDGE('',*,*,#1692,.F.);
#2229=ORIENTED_EDGE('',*,*,#1693,.T.);
#2230=ORIENTED_EDGE('',*,*,#1694,.T.);
#2231=ORIENTED_EDGE('',*,*,#1666,.T.);
#2232=ORIENTED_EDGE('',*,*,#1695,.F.);
#2233=ORIENTED_EDGE('',*,*,#1696,.T.);
#2234=ORIENTED_EDGE('',*,*,#1697,.T.);
#2235=ORIENTED_EDGE('',*,*,#1679,.T.);
#2236=ORIENTED_EDGE('',*,*,#1698,.F.);
#2237=ORIENTED_EDGE('',*,*,#1699,.T.);
#2238=ORIENTED_EDGE('',*,*,#1700,.T.);
#2239=ORIENTED_EDGE('',*,*,#1653,.T.);
#2240=ORIENTED_EDGE('',*,*,#1689,.F.);
#2241=ORIENTED_EDGE('',*,*,#1701,.F.);
#2242=ORIENTED_EDGE('',*,*,#1676,.T.);
#2243=ORIENTED_EDGE('',*,*,#1702,.F.);
#2244=ORIENTED_EDGE('',*,*,#1703,.F.);
#2245=ORIENTED_EDGE('',*,*,#1704,.F.);
#2246=ORIENTED_EDGE('',*,*,#1705,.F.);
#2247=ORIENTED_EDGE('',*,*,#1706,.F.);
#2248=ORIENTED_EDGE('',*,*,#1707,.F.);
#2249=ORIENTED_EDGE('',*,*,#1708,.F.);
#2250=ORIENTED_EDGE('',*,*,#1709,.F.);
#2251=ORIENTED_EDGE('',*,*,#1710,.F.);
#2252=ORIENTED_EDGE('',*,*,#1711,.F.);
#2253=ORIENTED_EDGE('',*,*,#1712,.F.);
#2254=ORIENTED_EDGE('',*,*,#1713,.F.);
#2255=ORIENTED_EDGE('',*,*,#1714,.F.);
#2256=ORIENTED_EDGE('',*,*,#1715,.F.);
#2257=ORIENTED_EDGE('',*,*,#1716,.F.);
#2258=ORIENTED_EDGE('',*,*,#1717,.F.);
#2259=ORIENTED_EDGE('',*,*,#1718,.F.);
#2260=ORIENTED_EDGE('',*,*,#1719,.F.);
#2261=ORIENTED_EDGE('',*,*,#1720,.F.);
#2262=ORIENTED_EDGE('',*,*,#1721,.F.);
#2263=ORIENTED_EDGE('',*,*,#1722,.F.);
#2264=ORIENTED_EDGE('',*,*,#1723,.F.);
#2265=ORIENTED_EDGE('',*,*,#1724,.F.);
#2266=ORIENTED_EDGE('',*,*,#1725,.F.);
#2267=ORIENTED_EDGE('',*,*,#1726,.F.);
#2268=ORIENTED_EDGE('',*,*,#1727,.F.);
#2269=ORIENTED_EDGE('',*,*,#1728,.F.);
#2270=ORIENTED_EDGE('',*,*,#1729,.F.);
#2271=ORIENTED_EDGE('',*,*,#1730,.F.);
#2272=ORIENTED_EDGE('',*,*,#1731,.F.);
#2273=ORIENTED_EDGE('',*,*,#1732,.F.);
#2274=ORIENTED_EDGE('',*,*,#1733,.F.);
#2275=ORIENTED_EDGE('',*,*,#1734,.F.);
#2276=ORIENTED_EDGE('',*,*,#1735,.F.);
#2277=ORIENTED_EDGE('',*,*,#1736,.F.);
#2278=ORIENTED_EDGE('',*,*,#1737,.F.);
#2279=ORIENTED_EDGE('',*,*,#1738,.F.);
#2280=ORIENTED_EDGE('',*,*,#1681,.F.);
#2281=ORIENTED_EDGE('',*,*,#1640,.T.);
#2282=ORIENTED_EDGE('',*,*,#1643,.T.);
#2283=ORIENTED_EDGE('',*,*,#1646,.T.);
#2284=ORIENTED_EDGE('',*,*,#1739,.T.);
#2285=ORIENTED_EDGE('',*,*,#1740,.T.);
#2286=ORIENTED_EDGE('',*,*,#1741,.T.);
#2287=ORIENTED_EDGE('',*,*,#1742,.T.);
#2288=ORIENTED_EDGE('',*,*,#1637,.T.);
#2289=ORIENTED_EDGE('',*,*,#1663,.T.);
#2290=ORIENTED_EDGE('',*,*,#1660,.T.);
#2291=ORIENTED_EDGE('',*,*,#1694,.F.);
#2292=ORIENTED_EDGE('',*,*,#1743,.F.);
#2293=ORIENTED_EDGE('',*,*,#1744,.F.);
#2294=ORIENTED_EDGE('',*,*,#1680,.T.);
#2295=ORIENTED_EDGE('',*,*,#1700,.F.);
#2296=ORIENTED_EDGE('',*,*,#1745,.F.);
#2297=ORIENTED_EDGE('',*,*,#1746,.F.);
#2298=ORIENTED_EDGE('',*,*,#1747,.F.);
#2299=ORIENTED_EDGE('',*,*,#1748,.F.);
#2300=ORIENTED_EDGE('',*,*,#1749,.F.);
#2301=ORIENTED_EDGE('',*,*,#1750,.F.);
#2302=ORIENTED_EDGE('',*,*,#1751,.F.);
#2303=ORIENTED_EDGE('',*,*,#1752,.F.);
#2304=ORIENTED_EDGE('',*,*,#1753,.F.);
#2305=ORIENTED_EDGE('',*,*,#1754,.F.);
#2306=ORIENTED_EDGE('',*,*,#1755,.F.);
#2307=ORIENTED_EDGE('',*,*,#1756,.F.);
#2308=ORIENTED_EDGE('',*,*,#1757,.F.);
#2309=ORIENTED_EDGE('',*,*,#1758,.F.);
#2310=ORIENTED_EDGE('',*,*,#1759,.F.);
#2311=ORIENTED_EDGE('',*,*,#1760,.F.);
#2312=ORIENTED_EDGE('',*,*,#1761,.F.);
#2313=ORIENTED_EDGE('',*,*,#1762,.F.);
#2314=ORIENTED_EDGE('',*,*,#1763,.F.);
#2315=ORIENTED_EDGE('',*,*,#1764,.F.);
#2316=ORIENTED_EDGE('',*,*,#1765,.F.);
#2317=ORIENTED_EDGE('',*,*,#1766,.F.);
#2318=ORIENTED_EDGE('',*,*,#1767,.F.);
#2319=ORIENTED_EDGE('',*,*,#1768,.F.);
#2320=ORIENTED_EDGE('',*,*,#1769,.F.);
#2321=ORIENTED_EDGE('',*,*,#1770,.F.);
#2322=ORIENTED_EDGE('',*,*,#1771,.F.);
#2323=ORIENTED_EDGE('',*,*,#1772,.F.);
#2324=ORIENTED_EDGE('',*,*,#1773,.F.);
#2325=ORIENTED_EDGE('',*,*,#1774,.F.);
#2326=ORIENTED_EDGE('',*,*,#1775,.F.);
#2327=ORIENTED_EDGE('',*,*,#1776,.F.);
#2328=ORIENTED_EDGE('',*,*,#1777,.F.);
#2329=ORIENTED_EDGE('',*,*,#1778,.F.);
#2330=ORIENTED_EDGE('',*,*,#1779,.F.);
#2331=ORIENTED_EDGE('',*,*,#1780,.F.);
#2332=ORIENTED_EDGE('',*,*,#1781,.F.);
#2333=ORIENTED_EDGE('',*,*,#1782,.F.);
#2334=ORIENTED_EDGE('',*,*,#1783,.F.);
#2335=ORIENTED_EDGE('',*,*,#1784,.F.);
#2336=ORIENTED_EDGE('',*,*,#1785,.F.);
#2337=ORIENTED_EDGE('',*,*,#1786,.F.);
#2338=ORIENTED_EDGE('',*,*,#1787,.F.);
#2339=ORIENTED_EDGE('',*,*,#1788,.F.);
#2340=ORIENTED_EDGE('',*,*,#1789,.F.);
#2341=ORIENTED_EDGE('',*,*,#1790,.F.);
#2342=ORIENTED_EDGE('',*,*,#1791,.F.);
#2343=ORIENTED_EDGE('',*,*,#1792,.F.);
#2344=ORIENTED_EDGE('',*,*,#1793,.F.);
#2345=ORIENTED_EDGE('',*,*,#1794,.F.);
#2346=ORIENTED_EDGE('',*,*,#1795,.F.);
#2347=ORIENTED_EDGE('',*,*,#1796,.F.);
#2348=ORIENTED_EDGE('',*,*,#1797,.F.);
#2349=ORIENTED_EDGE('',*,*,#1798,.F.);
#2350=ORIENTED_EDGE('',*,*,#1799,.F.);
#2351=ORIENTED_EDGE('',*,*,#1800,.F.);
#2352=ORIENTED_EDGE('',*,*,#1801,.F.);
#2353=ORIENTED_EDGE('',*,*,#1802,.F.);
#2354=ORIENTED_EDGE('',*,*,#1803,.F.);
#2355=ORIENTED_EDGE('',*,*,#1804,.F.);
#2356=ORIENTED_EDGE('',*,*,#1805,.F.);
#2357=ORIENTED_EDGE('',*,*,#1806,.F.);
#2358=ORIENTED_EDGE('',*,*,#1807,.F.);
#2359=ORIENTED_EDGE('',*,*,#1649,.T.);
#2360=ORIENTED_EDGE('',*,*,#1686,.F.);
#2361=ORIENTED_EDGE('',*,*,#1690,.F.);
#2362=ORIENTED_EDGE('',*,*,#1667,.T.);
#2363=ORIENTED_EDGE('',*,*,#1697,.F.);
#2364=ORIENTED_EDGE('',*,*,#1808,.F.);
#2365=ORIENTED_EDGE('',*,*,#1809,.F.);
#2366=ORIENTED_EDGE('',*,*,#1658,.T.);
#2367=ORIENTED_EDGE('',*,*,#1655,.T.);
#2368=ORIENTED_EDGE('',*,*,#1683,.T.);
#2369=ORIENTED_EDGE('',*,*,#1810,.T.);
#2370=ORIENTED_EDGE('',*,*,#1811,.T.);
#2371=ORIENTED_EDGE('',*,*,#1812,.T.);
#2372=ORIENTED_EDGE('',*,*,#1813,.T.);
#2373=ORIENTED_EDGE('',*,*,#1814,.T.);
#2374=ORIENTED_EDGE('',*,*,#1815,.T.);
#2375=ORIENTED_EDGE('',*,*,#1816,.T.);
#2376=ORIENTED_EDGE('',*,*,#1817,.T.);
#2377=ORIENTED_EDGE('',*,*,#1818,.T.);
#2378=ORIENTED_EDGE('',*,*,#1819,.T.);
#2379=ORIENTED_EDGE('',*,*,#1820,.T.);
#2380=ORIENTED_EDGE('',*,*,#1821,.T.);
#2381=ORIENTED_EDGE('',*,*,#1822,.T.);
#2382=ORIENTED_EDGE('',*,*,#1823,.T.);
#2383=ORIENTED_EDGE('',*,*,#1824,.T.);
#2384=ORIENTED_EDGE('',*,*,#1825,.T.);
#2385=ORIENTED_EDGE('',*,*,#1826,.T.);
#2386=ORIENTED_EDGE('',*,*,#1827,.T.);
#2387=ORIENTED_EDGE('',*,*,#1828,.T.);
#2388=ORIENTED_EDGE('',*,*,#1829,.T.);
#2389=ORIENTED_EDGE('',*,*,#1830,.T.);
#2390=ORIENTED_EDGE('',*,*,#1831,.T.);
#2391=ORIENTED_EDGE('',*,*,#1832,.T.);
#2392=ORIENTED_EDGE('',*,*,#1833,.T.);
#2393=ORIENTED_EDGE('',*,*,#1834,.T.);
#2394=ORIENTED_EDGE('',*,*,#1835,.T.);
#2395=ORIENTED_EDGE('',*,*,#1836,.T.);
#2396=ORIENTED_EDGE('',*,*,#1837,.T.);
#2397=ORIENTED_EDGE('',*,*,#1838,.T.);
#2398=ORIENTED_EDGE('',*,*,#1839,.T.);
#2399=ORIENTED_EDGE('',*,*,#1840,.T.);
#2400=ORIENTED_EDGE('',*,*,#1841,.T.);
#2401=ORIENTED_EDGE('',*,*,#1842,.T.);
#2402=ORIENTED_EDGE('',*,*,#1843,.T.);
#2403=ORIENTED_EDGE('',*,*,#1844,.T.);
#2404=ORIENTED_EDGE('',*,*,#1845,.T.);
#2405=ORIENTED_EDGE('',*,*,#1846,.T.);
#2406=ORIENTED_EDGE('',*,*,#1674,.T.);
#2407=ORIENTED_EDGE('',*,*,#1671,.T.);
#2408=ORIENTED_EDGE('',*,*,#1847,.T.);
#2409=ORIENTED_EDGE('',*,*,#1848,.T.);
#2410=ORIENTED_EDGE('',*,*,#1692,.T.);
#2411=ORIENTED_EDGE('',*,*,#1669,.T.);
#2412=ORIENTED_EDGE('',*,*,#1691,.T.);
#2413=ORIENTED_EDGE('',*,*,#1684,.T.);
#2414=ORIENTED_EDGE('',*,*,#1677,.T.);
#2415=ORIENTED_EDGE('',*,*,#1701,.T.);
#2416=ORIENTED_EDGE('',*,*,#1688,.F.);
#2417=ORIENTED_EDGE('',*,*,#1849,.F.);
#2418=ORIENTED_EDGE('',*,*,#1742,.F.);
#2419=ORIENTED_EDGE('',*,*,#1850,.T.);
#2420=ORIENTED_EDGE('',*,*,#1851,.T.);
#2421=ORIENTED_EDGE('',*,*,#1850,.F.);
#2422=ORIENTED_EDGE('',*,*,#1851,.F.);
#2423=ORIENTED_EDGE('',*,*,#1741,.F.);
#2424=ORIENTED_EDGE('',*,*,#1852,.T.);
#2425=ORIENTED_EDGE('',*,*,#1853,.T.);
#2426=ORIENTED_EDGE('',*,*,#1852,.F.);
#2427=ORIENTED_EDGE('',*,*,#1853,.F.);
#2428=ORIENTED_EDGE('',*,*,#1854,.F.);
#2429=ORIENTED_EDGE('',*,*,#1855,.T.);
#2430=ORIENTED_EDGE('',*,*,#1856,.T.);
#2431=ORIENTED_EDGE('',*,*,#1855,.F.);
#2432=ORIENTED_EDGE('',*,*,#1856,.F.);
#2433=ORIENTED_EDGE('',*,*,#1857,.F.);
#2434=ORIENTED_EDGE('',*,*,#1858,.T.);
#2435=ORIENTED_EDGE('',*,*,#1859,.T.);
#2436=ORIENTED_EDGE('',*,*,#1858,.F.);
#2437=ORIENTED_EDGE('',*,*,#1859,.F.);
#2438=ORIENTED_EDGE('',*,*,#1860,.F.);
#2439=ORIENTED_EDGE('',*,*,#1861,.T.);
#2440=ORIENTED_EDGE('',*,*,#1862,.T.);
#2441=ORIENTED_EDGE('',*,*,#1861,.F.);
#2442=ORIENTED_EDGE('',*,*,#1862,.F.);
#2443=ORIENTED_EDGE('',*,*,#1863,.F.);
#2444=ORIENTED_EDGE('',*,*,#1864,.T.);
#2445=ORIENTED_EDGE('',*,*,#1865,.T.);
#2446=ORIENTED_EDGE('',*,*,#1864,.F.);
#2447=ORIENTED_EDGE('',*,*,#1865,.F.);
#2448=ORIENTED_EDGE('',*,*,#1866,.F.);
#2449=ORIENTED_EDGE('',*,*,#1867,.T.);
#2450=ORIENTED_EDGE('',*,*,#1868,.T.);
#2451=ORIENTED_EDGE('',*,*,#1867,.F.);
#2452=ORIENTED_EDGE('',*,*,#1868,.F.);
#2453=ORIENTED_EDGE('',*,*,#1869,.F.);
#2454=ORIENTED_EDGE('',*,*,#1870,.T.);
#2455=ORIENTED_EDGE('',*,*,#1871,.T.);
#2456=ORIENTED_EDGE('',*,*,#1870,.F.);
#2457=ORIENTED_EDGE('',*,*,#1871,.F.);
#2458=ORIENTED_EDGE('',*,*,#1872,.F.);
#2459=ORIENTED_EDGE('',*,*,#1873,.T.);
#2460=ORIENTED_EDGE('',*,*,#1874,.T.);
#2461=ORIENTED_EDGE('',*,*,#1873,.F.);
#2462=ORIENTED_EDGE('',*,*,#1874,.F.);
#2463=ORIENTED_EDGE('',*,*,#1875,.F.);
#2464=ORIENTED_EDGE('',*,*,#1876,.T.);
#2465=ORIENTED_EDGE('',*,*,#1877,.T.);
#2466=ORIENTED_EDGE('',*,*,#1876,.F.);
#2467=ORIENTED_EDGE('',*,*,#1877,.F.);
#2468=ORIENTED_EDGE('',*,*,#1878,.F.);
#2469=ORIENTED_EDGE('',*,*,#1879,.T.);
#2470=ORIENTED_EDGE('',*,*,#1880,.T.);
#2471=ORIENTED_EDGE('',*,*,#1879,.F.);
#2472=ORIENTED_EDGE('',*,*,#1880,.F.);
#2473=ORIENTED_EDGE('',*,*,#1881,.F.);
#2474=ORIENTED_EDGE('',*,*,#1882,.T.);
#2475=ORIENTED_EDGE('',*,*,#1883,.T.);
#2476=ORIENTED_EDGE('',*,*,#1882,.F.);
#2477=ORIENTED_EDGE('',*,*,#1883,.F.);
#2478=ORIENTED_EDGE('',*,*,#1884,.F.);
#2479=ORIENTED_EDGE('',*,*,#1885,.T.);
#2480=ORIENTED_EDGE('',*,*,#1886,.T.);
#2481=ORIENTED_EDGE('',*,*,#1885,.F.);
#2482=ORIENTED_EDGE('',*,*,#1886,.F.);
#2483=ORIENTED_EDGE('',*,*,#1887,.F.);
#2484=ORIENTED_EDGE('',*,*,#1888,.T.);
#2485=ORIENTED_EDGE('',*,*,#1889,.T.);
#2486=ORIENTED_EDGE('',*,*,#1888,.F.);
#2487=ORIENTED_EDGE('',*,*,#1889,.F.);
#2488=ORIENTED_EDGE('',*,*,#1740,.F.);
#2489=ORIENTED_EDGE('',*,*,#1890,.T.);
#2490=ORIENTED_EDGE('',*,*,#1891,.T.);
#2491=ORIENTED_EDGE('',*,*,#1890,.F.);
#2492=ORIENTED_EDGE('',*,*,#1891,.F.);
#2493=ORIENTED_EDGE('',*,*,#1739,.F.);
#2494=ORIENTED_EDGE('',*,*,#1892,.T.);
#2495=ORIENTED_EDGE('',*,*,#1893,.T.);
#2496=ORIENTED_EDGE('',*,*,#1892,.F.);
#2497=ORIENTED_EDGE('',*,*,#1893,.F.);
#2498=ORIENTED_EDGE('',*,*,#1894,.F.);
#2499=ORIENTED_EDGE('',*,*,#1895,.T.);
#2500=ORIENTED_EDGE('',*,*,#1896,.T.);
#2501=ORIENTED_EDGE('',*,*,#1897,.F.);
#2502=ORIENTED_EDGE('',*,*,#1898,.F.);
#2503=ORIENTED_EDGE('',*,*,#1899,.T.);
#2504=ORIENTED_EDGE('',*,*,#1900,.T.);
#2505=ORIENTED_EDGE('',*,*,#1895,.F.);
#2506=ORIENTED_EDGE('',*,*,#1901,.F.);
#2507=ORIENTED_EDGE('',*,*,#1902,.T.);
#2508=ORIENTED_EDGE('',*,*,#1903,.T.);
#2509=ORIENTED_EDGE('',*,*,#1899,.F.);
#2510=ORIENTED_EDGE('',*,*,#1904,.F.);
#2511=ORIENTED_EDGE('',*,*,#1897,.T.);
#2512=ORIENTED_EDGE('',*,*,#1905,.T.);
#2513=ORIENTED_EDGE('',*,*,#1902,.F.);
#2514=ORIENTED_EDGE('',*,*,#1905,.F.);
#2515=ORIENTED_EDGE('',*,*,#1896,.F.);
#2516=ORIENTED_EDGE('',*,*,#1900,.F.);
#2517=ORIENTED_EDGE('',*,*,#1903,.F.);
#2518=ORIENTED_EDGE('',*,*,#1906,.F.);
#2519=ORIENTED_EDGE('',*,*,#1907,.T.);
#2520=ORIENTED_EDGE('',*,*,#1908,.T.);
#2521=ORIENTED_EDGE('',*,*,#1909,.F.);
#2522=ORIENTED_EDGE('',*,*,#1910,.F.);
#2523=ORIENTED_EDGE('',*,*,#1911,.T.);
#2524=ORIENTED_EDGE('',*,*,#1912,.T.);
#2525=ORIENTED_EDGE('',*,*,#1907,.F.);
#2526=ORIENTED_EDGE('',*,*,#1913,.F.);
#2527=ORIENTED_EDGE('',*,*,#1914,.T.);
#2528=ORIENTED_EDGE('',*,*,#1915,.T.);
#2529=ORIENTED_EDGE('',*,*,#1911,.F.);
#2530=ORIENTED_EDGE('',*,*,#1916,.F.);
#2531=ORIENTED_EDGE('',*,*,#1909,.T.);
#2532=ORIENTED_EDGE('',*,*,#1917,.T.);
#2533=ORIENTED_EDGE('',*,*,#1914,.F.);
#2534=ORIENTED_EDGE('',*,*,#1917,.F.);
#2535=ORIENTED_EDGE('',*,*,#1908,.F.);
#2536=ORIENTED_EDGE('',*,*,#1912,.F.);
#2537=ORIENTED_EDGE('',*,*,#1915,.F.);
#2538=ORIENTED_EDGE('',*,*,#1918,.F.);
#2539=ORIENTED_EDGE('',*,*,#1919,.T.);
#2540=ORIENTED_EDGE('',*,*,#1920,.T.);
#2541=ORIENTED_EDGE('',*,*,#1921,.F.);
#2542=ORIENTED_EDGE('',*,*,#1922,.F.);
#2543=ORIENTED_EDGE('',*,*,#1923,.T.);
#2544=ORIENTED_EDGE('',*,*,#1924,.T.);
#2545=ORIENTED_EDGE('',*,*,#1919,.F.);
#2546=ORIENTED_EDGE('',*,*,#1925,.F.);
#2547=ORIENTED_EDGE('',*,*,#1926,.T.);
#2548=ORIENTED_EDGE('',*,*,#1927,.T.);
#2549=ORIENTED_EDGE('',*,*,#1923,.F.);
#2550=ORIENTED_EDGE('',*,*,#1928,.F.);
#2551=ORIENTED_EDGE('',*,*,#1921,.T.);
#2552=ORIENTED_EDGE('',*,*,#1929,.T.);
#2553=ORIENTED_EDGE('',*,*,#1926,.F.);
#2554=ORIENTED_EDGE('',*,*,#1929,.F.);
#2555=ORIENTED_EDGE('',*,*,#1920,.F.);
#2556=ORIENTED_EDGE('',*,*,#1924,.F.);
#2557=ORIENTED_EDGE('',*,*,#1927,.F.);
#2558=ORIENTED_EDGE('',*,*,#1930,.F.);
#2559=ORIENTED_EDGE('',*,*,#1931,.T.);
#2560=ORIENTED_EDGE('',*,*,#1932,.T.);
#2561=ORIENTED_EDGE('',*,*,#1933,.F.);
#2562=ORIENTED_EDGE('',*,*,#1934,.F.);
#2563=ORIENTED_EDGE('',*,*,#1933,.T.);
#2564=ORIENTED_EDGE('',*,*,#1935,.T.);
#2565=ORIENTED_EDGE('',*,*,#1931,.F.);
#2566=ORIENTED_EDGE('',*,*,#1935,.F.);
#2567=ORIENTED_EDGE('',*,*,#1932,.F.);
#2568=ORIENTED_EDGE('',*,*,#1936,.F.);
#2569=ORIENTED_EDGE('',*,*,#1937,.T.);
#2570=ORIENTED_EDGE('',*,*,#1938,.T.);
#2571=ORIENTED_EDGE('',*,*,#1939,.F.);
#2572=ORIENTED_EDGE('',*,*,#1940,.F.);
#2573=ORIENTED_EDGE('',*,*,#1939,.T.);
#2574=ORIENTED_EDGE('',*,*,#1941,.T.);
#2575=ORIENTED_EDGE('',*,*,#1937,.F.);
#2576=ORIENTED_EDGE('',*,*,#1941,.F.);
#2577=ORIENTED_EDGE('',*,*,#1938,.F.);
#2578=ORIENTED_EDGE('',*,*,#1827,.F.);
#2579=ORIENTED_EDGE('',*,*,#1942,.T.);
#2580=ORIENTED_EDGE('',*,*,#1721,.T.);
#2581=ORIENTED_EDGE('',*,*,#1943,.F.);
#2582=ORIENTED_EDGE('',*,*,#1826,.F.);
#2583=ORIENTED_EDGE('',*,*,#1944,.T.);
#2584=ORIENTED_EDGE('',*,*,#1722,.T.);
#2585=ORIENTED_EDGE('',*,*,#1942,.F.);
#2586=ORIENTED_EDGE('',*,*,#1825,.F.);
#2587=ORIENTED_EDGE('',*,*,#1945,.T.);
#2588=ORIENTED_EDGE('',*,*,#1723,.T.);
#2589=ORIENTED_EDGE('',*,*,#1944,.F.);
#2590=ORIENTED_EDGE('',*,*,#1824,.F.);
#2591=ORIENTED_EDGE('',*,*,#1946,.T.);
#2592=ORIENTED_EDGE('',*,*,#1724,.T.);
#2593=ORIENTED_EDGE('',*,*,#1945,.F.);
#2594=ORIENTED_EDGE('',*,*,#1823,.F.);
#2595=ORIENTED_EDGE('',*,*,#1947,.T.);
#2596=ORIENTED_EDGE('',*,*,#1725,.T.);
#2597=ORIENTED_EDGE('',*,*,#1946,.F.);
#2598=ORIENTED_EDGE('',*,*,#1822,.F.);
#2599=ORIENTED_EDGE('',*,*,#1948,.T.);
#2600=ORIENTED_EDGE('',*,*,#1726,.T.);
#2601=ORIENTED_EDGE('',*,*,#1947,.F.);
#2602=ORIENTED_EDGE('',*,*,#1821,.F.);
#2603=ORIENTED_EDGE('',*,*,#1949,.T.);
#2604=ORIENTED_EDGE('',*,*,#1727,.T.);
#2605=ORIENTED_EDGE('',*,*,#1948,.F.);
#2606=ORIENTED_EDGE('',*,*,#1820,.F.);
#2607=ORIENTED_EDGE('',*,*,#1950,.T.);
#2608=ORIENTED_EDGE('',*,*,#1728,.T.);
#2609=ORIENTED_EDGE('',*,*,#1949,.F.);
#2610=ORIENTED_EDGE('',*,*,#1819,.F.);
#2611=ORIENTED_EDGE('',*,*,#1951,.T.);
#2612=ORIENTED_EDGE('',*,*,#1729,.T.);
#2613=ORIENTED_EDGE('',*,*,#1950,.F.);
#2614=ORIENTED_EDGE('',*,*,#1818,.F.);
#2615=ORIENTED_EDGE('',*,*,#1952,.T.);
#2616=ORIENTED_EDGE('',*,*,#1730,.T.);
#2617=ORIENTED_EDGE('',*,*,#1951,.F.);
#2618=ORIENTED_EDGE('',*,*,#1817,.F.);
#2619=ORIENTED_EDGE('',*,*,#1953,.T.);
#2620=ORIENTED_EDGE('',*,*,#1731,.T.);
#2621=ORIENTED_EDGE('',*,*,#1952,.F.);
#2622=ORIENTED_EDGE('',*,*,#1816,.F.);
#2623=ORIENTED_EDGE('',*,*,#1954,.T.);
#2624=ORIENTED_EDGE('',*,*,#1732,.T.);
#2625=ORIENTED_EDGE('',*,*,#1953,.F.);
#2626=ORIENTED_EDGE('',*,*,#1815,.F.);
#2627=ORIENTED_EDGE('',*,*,#1955,.T.);
#2628=ORIENTED_EDGE('',*,*,#1733,.T.);
#2629=ORIENTED_EDGE('',*,*,#1954,.F.);
#2630=ORIENTED_EDGE('',*,*,#1814,.F.);
#2631=ORIENTED_EDGE('',*,*,#1956,.T.);
#2632=ORIENTED_EDGE('',*,*,#1734,.T.);
#2633=ORIENTED_EDGE('',*,*,#1955,.F.);
#2634=ORIENTED_EDGE('',*,*,#1813,.F.);
#2635=ORIENTED_EDGE('',*,*,#1957,.T.);
#2636=ORIENTED_EDGE('',*,*,#1735,.T.);
#2637=ORIENTED_EDGE('',*,*,#1956,.F.);
#2638=ORIENTED_EDGE('',*,*,#1812,.F.);
#2639=ORIENTED_EDGE('',*,*,#1958,.T.);
#2640=ORIENTED_EDGE('',*,*,#1736,.T.);
#2641=ORIENTED_EDGE('',*,*,#1957,.F.);
#2642=ORIENTED_EDGE('',*,*,#1811,.F.);
#2643=ORIENTED_EDGE('',*,*,#1959,.T.);
#2644=ORIENTED_EDGE('',*,*,#1737,.T.);
#2645=ORIENTED_EDGE('',*,*,#1958,.F.);
#2646=ORIENTED_EDGE('',*,*,#1810,.F.);
#2647=ORIENTED_EDGE('',*,*,#1682,.T.);
#2648=ORIENTED_EDGE('',*,*,#1738,.T.);
#2649=ORIENTED_EDGE('',*,*,#1959,.F.);
#2650=ORIENTED_EDGE('',*,*,#1848,.F.);
#2651=ORIENTED_EDGE('',*,*,#1960,.T.);
#2652=ORIENTED_EDGE('',*,*,#1743,.T.);
#2653=ORIENTED_EDGE('',*,*,#1693,.F.);
#2654=ORIENTED_EDGE('',*,*,#1670,.T.);
#2655=ORIENTED_EDGE('',*,*,#1744,.T.);
#2656=ORIENTED_EDGE('',*,*,#1960,.F.);
#2657=ORIENTED_EDGE('',*,*,#1847,.F.);
#2658=ORIENTED_EDGE('',*,*,#1961,.F.);
#2659=ORIENTED_EDGE('',*,*,#1962,.T.);
#2660=ORIENTED_EDGE('',*,*,#1745,.T.);
#2661=ORIENTED_EDGE('',*,*,#1699,.F.);
#2662=ORIENTED_EDGE('',*,*,#1963,.F.);
#2663=ORIENTED_EDGE('',*,*,#1964,.T.);
#2664=ORIENTED_EDGE('',*,*,#1746,.T.);
#2665=ORIENTED_EDGE('',*,*,#1962,.F.);
#2666=ORIENTED_EDGE('',*,*,#1965,.F.);
#2667=ORIENTED_EDGE('',*,*,#1966,.T.);
#2668=ORIENTED_EDGE('',*,*,#1747,.T.);
#2669=ORIENTED_EDGE('',*,*,#1964,.F.);
#2670=ORIENTED_EDGE('',*,*,#1967,.F.);
#2671=ORIENTED_EDGE('',*,*,#1968,.T.);
#2672=ORIENTED_EDGE('',*,*,#1748,.T.);
#2673=ORIENTED_EDGE('',*,*,#1966,.F.);
#2674=ORIENTED_EDGE('',*,*,#1969,.F.);
#2675=ORIENTED_EDGE('',*,*,#1970,.T.);
#2676=ORIENTED_EDGE('',*,*,#1749,.T.);
#2677=ORIENTED_EDGE('',*,*,#1968,.F.);
#2678=ORIENTED_EDGE('',*,*,#1971,.F.);
#2679=ORIENTED_EDGE('',*,*,#1972,.T.);
#2680=ORIENTED_EDGE('',*,*,#1750,.T.);
#2681=ORIENTED_EDGE('',*,*,#1970,.F.);
#2682=ORIENTED_EDGE('',*,*,#1973,.F.);
#2683=ORIENTED_EDGE('',*,*,#1974,.T.);
#2684=ORIENTED_EDGE('',*,*,#1751,.T.);
#2685=ORIENTED_EDGE('',*,*,#1972,.F.);
#2686=ORIENTED_EDGE('',*,*,#1975,.F.);
#2687=ORIENTED_EDGE('',*,*,#1976,.T.);
#2688=ORIENTED_EDGE('',*,*,#1752,.T.);
#2689=ORIENTED_EDGE('',*,*,#1974,.F.);
#2690=ORIENTED_EDGE('',*,*,#1977,.F.);
#2691=ORIENTED_EDGE('',*,*,#1978,.T.);
#2692=ORIENTED_EDGE('',*,*,#1753,.T.);
#2693=ORIENTED_EDGE('',*,*,#1976,.F.);
#2694=ORIENTED_EDGE('',*,*,#1979,.F.);
#2695=ORIENTED_EDGE('',*,*,#1980,.T.);
#2696=ORIENTED_EDGE('',*,*,#1754,.T.);
#2697=ORIENTED_EDGE('',*,*,#1978,.F.);
#2698=ORIENTED_EDGE('',*,*,#1981,.F.);
#2699=ORIENTED_EDGE('',*,*,#1982,.T.);
#2700=ORIENTED_EDGE('',*,*,#1755,.T.);
#2701=ORIENTED_EDGE('',*,*,#1980,.F.);
#2702=ORIENTED_EDGE('',*,*,#1983,.F.);
#2703=ORIENTED_EDGE('',*,*,#1984,.T.);
#2704=ORIENTED_EDGE('',*,*,#1756,.T.);
#2705=ORIENTED_EDGE('',*,*,#1982,.F.);
#2706=ORIENTED_EDGE('',*,*,#1985,.F.);
#2707=ORIENTED_EDGE('',*,*,#1986,.T.);
#2708=ORIENTED_EDGE('',*,*,#1757,.T.);
#2709=ORIENTED_EDGE('',*,*,#1984,.F.);
#2710=ORIENTED_EDGE('',*,*,#1987,.F.);
#2711=ORIENTED_EDGE('',*,*,#1988,.T.);
#2712=ORIENTED_EDGE('',*,*,#1758,.T.);
#2713=ORIENTED_EDGE('',*,*,#1986,.F.);
#2714=ORIENTED_EDGE('',*,*,#1989,.F.);
#2715=ORIENTED_EDGE('',*,*,#1990,.T.);
#2716=ORIENTED_EDGE('',*,*,#1759,.T.);
#2717=ORIENTED_EDGE('',*,*,#1988,.F.);
#2718=ORIENTED_EDGE('',*,*,#1991,.F.);
#2719=ORIENTED_EDGE('',*,*,#1992,.T.);
#2720=ORIENTED_EDGE('',*,*,#1760,.T.);
#2721=ORIENTED_EDGE('',*,*,#1990,.F.);
#2722=ORIENTED_EDGE('',*,*,#1993,.F.);
#2723=ORIENTED_EDGE('',*,*,#1994,.T.);
#2724=ORIENTED_EDGE('',*,*,#1761,.T.);
#2725=ORIENTED_EDGE('',*,*,#1992,.F.);
#2726=ORIENTED_EDGE('',*,*,#1995,.F.);
#2727=ORIENTED_EDGE('',*,*,#1996,.T.);
#2728=ORIENTED_EDGE('',*,*,#1762,.T.);
#2729=ORIENTED_EDGE('',*,*,#1997,.F.);
#2730=ORIENTED_EDGE('',*,*,#1998,.F.);
#2731=ORIENTED_EDGE('',*,*,#1999,.T.);
#2732=ORIENTED_EDGE('',*,*,#1763,.T.);
#2733=ORIENTED_EDGE('',*,*,#1996,.F.);
#2734=ORIENTED_EDGE('',*,*,#2000,.F.);
#2735=ORIENTED_EDGE('',*,*,#2001,.T.);
#2736=ORIENTED_EDGE('',*,*,#1764,.T.);
#2737=ORIENTED_EDGE('',*,*,#1999,.F.);
#2738=ORIENTED_EDGE('',*,*,#2002,.F.);
#2739=ORIENTED_EDGE('',*,*,#2003,.T.);
#2740=ORIENTED_EDGE('',*,*,#1765,.T.);
#2741=ORIENTED_EDGE('',*,*,#2001,.F.);
#2742=ORIENTED_EDGE('',*,*,#2004,.F.);
#2743=ORIENTED_EDGE('',*,*,#2005,.T.);
#2744=ORIENTED_EDGE('',*,*,#1766,.T.);
#2745=ORIENTED_EDGE('',*,*,#2003,.F.);
#2746=ORIENTED_EDGE('',*,*,#2006,.F.);
#2747=ORIENTED_EDGE('',*,*,#2007,.T.);
#2748=ORIENTED_EDGE('',*,*,#1767,.T.);
#2749=ORIENTED_EDGE('',*,*,#2005,.F.);
#2750=ORIENTED_EDGE('',*,*,#2008,.F.);
#2751=ORIENTED_EDGE('',*,*,#2009,.T.);
#2752=ORIENTED_EDGE('',*,*,#1768,.T.);
#2753=ORIENTED_EDGE('',*,*,#2007,.F.);
#2754=ORIENTED_EDGE('',*,*,#2010,.F.);
#2755=ORIENTED_EDGE('',*,*,#2011,.T.);
#2756=ORIENTED_EDGE('',*,*,#1769,.T.);
#2757=ORIENTED_EDGE('',*,*,#2009,.F.);
#2758=ORIENTED_EDGE('',*,*,#2012,.F.);
#2759=ORIENTED_EDGE('',*,*,#2013,.T.);
#2760=ORIENTED_EDGE('',*,*,#1770,.T.);
#2761=ORIENTED_EDGE('',*,*,#2011,.F.);
#2762=ORIENTED_EDGE('',*,*,#2014,.F.);
#2763=ORIENTED_EDGE('',*,*,#2015,.T.);
#2764=ORIENTED_EDGE('',*,*,#1771,.T.);
#2765=ORIENTED_EDGE('',*,*,#2013,.F.);
#2766=ORIENTED_EDGE('',*,*,#2016,.F.);
#2767=ORIENTED_EDGE('',*,*,#2017,.T.);
#2768=ORIENTED_EDGE('',*,*,#1772,.T.);
#2769=ORIENTED_EDGE('',*,*,#2015,.F.);
#2770=ORIENTED_EDGE('',*,*,#2018,.F.);
#2771=ORIENTED_EDGE('',*,*,#2019,.T.);
#2772=ORIENTED_EDGE('',*,*,#1773,.T.);
#2773=ORIENTED_EDGE('',*,*,#2017,.F.);
#2774=ORIENTED_EDGE('',*,*,#2020,.F.);
#2775=ORIENTED_EDGE('',*,*,#2021,.T.);
#2776=ORIENTED_EDGE('',*,*,#1774,.T.);
#2777=ORIENTED_EDGE('',*,*,#2019,.F.);
#2778=ORIENTED_EDGE('',*,*,#2022,.F.);
#2779=ORIENTED_EDGE('',*,*,#2023,.T.);
#2780=ORIENTED_EDGE('',*,*,#1775,.T.);
#2781=ORIENTED_EDGE('',*,*,#2021,.F.);
#2782=ORIENTED_EDGE('',*,*,#2024,.F.);
#2783=ORIENTED_EDGE('',*,*,#2025,.T.);
#2784=ORIENTED_EDGE('',*,*,#1776,.T.);
#2785=ORIENTED_EDGE('',*,*,#2023,.F.);
#2786=ORIENTED_EDGE('',*,*,#2026,.F.);
#2787=ORIENTED_EDGE('',*,*,#2027,.T.);
#2788=ORIENTED_EDGE('',*,*,#1777,.T.);
#2789=ORIENTED_EDGE('',*,*,#2025,.F.);
#2790=ORIENTED_EDGE('',*,*,#2028,.F.);
#2791=ORIENTED_EDGE('',*,*,#2029,.T.);
#2792=ORIENTED_EDGE('',*,*,#1778,.T.);
#2793=ORIENTED_EDGE('',*,*,#2027,.F.);
#2794=ORIENTED_EDGE('',*,*,#2030,.F.);
#2795=ORIENTED_EDGE('',*,*,#2031,.T.);
#2796=ORIENTED_EDGE('',*,*,#1779,.T.);
#2797=ORIENTED_EDGE('',*,*,#2029,.F.);
#2798=ORIENTED_EDGE('',*,*,#2032,.F.);
#2799=ORIENTED_EDGE('',*,*,#2033,.T.);
#2800=ORIENTED_EDGE('',*,*,#1780,.T.);
#2801=ORIENTED_EDGE('',*,*,#2031,.F.);
#2802=ORIENTED_EDGE('',*,*,#2034,.F.);
#2803=ORIENTED_EDGE('',*,*,#2035,.T.);
#2804=ORIENTED_EDGE('',*,*,#1781,.T.);
#2805=ORIENTED_EDGE('',*,*,#2033,.F.);
#2806=ORIENTED_EDGE('',*,*,#2036,.F.);
#2807=ORIENTED_EDGE('',*,*,#2037,.T.);
#2808=ORIENTED_EDGE('',*,*,#1782,.T.);
#2809=ORIENTED_EDGE('',*,*,#2035,.F.);
#2810=ORIENTED_EDGE('',*,*,#2038,.F.);
#2811=ORIENTED_EDGE('',*,*,#2039,.T.);
#2812=ORIENTED_EDGE('',*,*,#1783,.T.);
#2813=ORIENTED_EDGE('',*,*,#2037,.F.);
#2814=ORIENTED_EDGE('',*,*,#2040,.F.);
#2815=ORIENTED_EDGE('',*,*,#2041,.T.);
#2816=ORIENTED_EDGE('',*,*,#1784,.T.);
#2817=ORIENTED_EDGE('',*,*,#2039,.F.);
#2818=ORIENTED_EDGE('',*,*,#2042,.F.);
#2819=ORIENTED_EDGE('',*,*,#2043,.T.);
#2820=ORIENTED_EDGE('',*,*,#1785,.T.);
#2821=ORIENTED_EDGE('',*,*,#2041,.F.);
#2822=ORIENTED_EDGE('',*,*,#2044,.F.);
#2823=ORIENTED_EDGE('',*,*,#2045,.T.);
#2824=ORIENTED_EDGE('',*,*,#1786,.T.);
#2825=ORIENTED_EDGE('',*,*,#2043,.F.);
#2826=ORIENTED_EDGE('',*,*,#2046,.F.);
#2827=ORIENTED_EDGE('',*,*,#2047,.T.);
#2828=ORIENTED_EDGE('',*,*,#1787,.T.);
#2829=ORIENTED_EDGE('',*,*,#2045,.F.);
#2830=ORIENTED_EDGE('',*,*,#2048,.F.);
#2831=ORIENTED_EDGE('',*,*,#2049,.T.);
#2832=ORIENTED_EDGE('',*,*,#1788,.T.);
#2833=ORIENTED_EDGE('',*,*,#2047,.F.);
#2834=ORIENTED_EDGE('',*,*,#2050,.F.);
#2835=ORIENTED_EDGE('',*,*,#2051,.T.);
#2836=ORIENTED_EDGE('',*,*,#1789,.T.);
#2837=ORIENTED_EDGE('',*,*,#2049,.F.);
#2838=ORIENTED_EDGE('',*,*,#2052,.F.);
#2839=ORIENTED_EDGE('',*,*,#2053,.T.);
#2840=ORIENTED_EDGE('',*,*,#1790,.T.);
#2841=ORIENTED_EDGE('',*,*,#2051,.F.);
#2842=ORIENTED_EDGE('',*,*,#2054,.F.);
#2843=ORIENTED_EDGE('',*,*,#2055,.T.);
#2844=ORIENTED_EDGE('',*,*,#1791,.T.);
#2845=ORIENTED_EDGE('',*,*,#2053,.F.);
#2846=ORIENTED_EDGE('',*,*,#2056,.F.);
#2847=ORIENTED_EDGE('',*,*,#2057,.T.);
#2848=ORIENTED_EDGE('',*,*,#1792,.T.);
#2849=ORIENTED_EDGE('',*,*,#2055,.F.);
#2850=ORIENTED_EDGE('',*,*,#2058,.F.);
#2851=ORIENTED_EDGE('',*,*,#2059,.T.);
#2852=ORIENTED_EDGE('',*,*,#1793,.T.);
#2853=ORIENTED_EDGE('',*,*,#2057,.F.);
#2854=ORIENTED_EDGE('',*,*,#2060,.F.);
#2855=ORIENTED_EDGE('',*,*,#2061,.T.);
#2856=ORIENTED_EDGE('',*,*,#1794,.T.);
#2857=ORIENTED_EDGE('',*,*,#2059,.F.);
#2858=ORIENTED_EDGE('',*,*,#2062,.F.);
#2859=ORIENTED_EDGE('',*,*,#2063,.T.);
#2860=ORIENTED_EDGE('',*,*,#1795,.T.);
#2861=ORIENTED_EDGE('',*,*,#2061,.F.);
#2862=ORIENTED_EDGE('',*,*,#2064,.F.);
#2863=ORIENTED_EDGE('',*,*,#2065,.T.);
#2864=ORIENTED_EDGE('',*,*,#1796,.T.);
#2865=ORIENTED_EDGE('',*,*,#2063,.F.);
#2866=ORIENTED_EDGE('',*,*,#2066,.F.);
#2867=ORIENTED_EDGE('',*,*,#2067,.T.);
#2868=ORIENTED_EDGE('',*,*,#1797,.T.);
#2869=ORIENTED_EDGE('',*,*,#2065,.F.);
#2870=ORIENTED_EDGE('',*,*,#2068,.F.);
#2871=ORIENTED_EDGE('',*,*,#2069,.T.);
#2872=ORIENTED_EDGE('',*,*,#1798,.T.);
#2873=ORIENTED_EDGE('',*,*,#2067,.F.);
#2874=ORIENTED_EDGE('',*,*,#2070,.F.);
#2875=ORIENTED_EDGE('',*,*,#2071,.T.);
#2876=ORIENTED_EDGE('',*,*,#1799,.T.);
#2877=ORIENTED_EDGE('',*,*,#2069,.F.);
#2878=ORIENTED_EDGE('',*,*,#2072,.F.);
#2879=ORIENTED_EDGE('',*,*,#2073,.T.);
#2880=ORIENTED_EDGE('',*,*,#1800,.T.);
#2881=ORIENTED_EDGE('',*,*,#2071,.F.);
#2882=ORIENTED_EDGE('',*,*,#2074,.F.);
#2883=ORIENTED_EDGE('',*,*,#2075,.T.);
#2884=ORIENTED_EDGE('',*,*,#1801,.T.);
#2885=ORIENTED_EDGE('',*,*,#2073,.F.);
#2886=ORIENTED_EDGE('',*,*,#2076,.F.);
#2887=ORIENTED_EDGE('',*,*,#2077,.T.);
#2888=ORIENTED_EDGE('',*,*,#1802,.T.);
#2889=ORIENTED_EDGE('',*,*,#2075,.F.);
#2890=ORIENTED_EDGE('',*,*,#2078,.F.);
#2891=ORIENTED_EDGE('',*,*,#2079,.T.);
#2892=ORIENTED_EDGE('',*,*,#1803,.T.);
#2893=ORIENTED_EDGE('',*,*,#2077,.F.);
#2894=ORIENTED_EDGE('',*,*,#2080,.F.);
#2895=ORIENTED_EDGE('',*,*,#2081,.T.);
#2896=ORIENTED_EDGE('',*,*,#1804,.T.);
#2897=ORIENTED_EDGE('',*,*,#2079,.F.);
#2898=ORIENTED_EDGE('',*,*,#2082,.F.);
#2899=ORIENTED_EDGE('',*,*,#2083,.T.);
#2900=ORIENTED_EDGE('',*,*,#1805,.T.);
#2901=ORIENTED_EDGE('',*,*,#2081,.F.);
#2902=ORIENTED_EDGE('',*,*,#2084,.F.);
#2903=ORIENTED_EDGE('',*,*,#2085,.T.);
#2904=ORIENTED_EDGE('',*,*,#1806,.T.);
#2905=ORIENTED_EDGE('',*,*,#2083,.F.);
#2906=ORIENTED_EDGE('',*,*,#1664,.T.);
#2907=ORIENTED_EDGE('',*,*,#1807,.T.);
#2908=ORIENTED_EDGE('',*,*,#2085,.F.);
#2909=ORIENTED_EDGE('',*,*,#2086,.F.);
#2910=ORIENTED_EDGE('',*,*,#2087,.F.);
#2911=ORIENTED_EDGE('',*,*,#2088,.T.);
#2912=ORIENTED_EDGE('',*,*,#1808,.T.);
#2913=ORIENTED_EDGE('',*,*,#1696,.F.);
#2914=ORIENTED_EDGE('',*,*,#1650,.T.);
#2915=ORIENTED_EDGE('',*,*,#1809,.T.);
#2916=ORIENTED_EDGE('',*,*,#2088,.F.);
#2917=ORIENTED_EDGE('',*,*,#2089,.F.);
#2918=ORIENTED_EDGE('',*,*,#1675,.T.);
#2919=ORIENTED_EDGE('',*,*,#1846,.F.);
#2920=ORIENTED_EDGE('',*,*,#2090,.T.);
#2921=ORIENTED_EDGE('',*,*,#1702,.T.);
#2922=ORIENTED_EDGE('',*,*,#1845,.F.);
#2923=ORIENTED_EDGE('',*,*,#2091,.T.);
#2924=ORIENTED_EDGE('',*,*,#1703,.T.);
#2925=ORIENTED_EDGE('',*,*,#2090,.F.);
#2926=ORIENTED_EDGE('',*,*,#1844,.F.);
#2927=ORIENTED_EDGE('',*,*,#2092,.T.);
#2928=ORIENTED_EDGE('',*,*,#1704,.T.);
#2929=ORIENTED_EDGE('',*,*,#2091,.F.);
#2930=ORIENTED_EDGE('',*,*,#1843,.F.);
#2931=ORIENTED_EDGE('',*,*,#2093,.T.);
#2932=ORIENTED_EDGE('',*,*,#1705,.T.);
#2933=ORIENTED_EDGE('',*,*,#2092,.F.);
#2934=ORIENTED_EDGE('',*,*,#1842,.F.);
#2935=ORIENTED_EDGE('',*,*,#2094,.T.);
#2936=ORIENTED_EDGE('',*,*,#1706,.T.);
#2937=ORIENTED_EDGE('',*,*,#2093,.F.);
#2938=ORIENTED_EDGE('',*,*,#1841,.F.);
#2939=ORIENTED_EDGE('',*,*,#2095,.T.);
#2940=ORIENTED_EDGE('',*,*,#1707,.T.);
#2941=ORIENTED_EDGE('',*,*,#2094,.F.);
#2942=ORIENTED_EDGE('',*,*,#1840,.F.);
#2943=ORIENTED_EDGE('',*,*,#2096,.T.);
#2944=ORIENTED_EDGE('',*,*,#1708,.T.);
#2945=ORIENTED_EDGE('',*,*,#2095,.F.);
#2946=ORIENTED_EDGE('',*,*,#1839,.F.);
#2947=ORIENTED_EDGE('',*,*,#2097,.T.);
#2948=ORIENTED_EDGE('',*,*,#1709,.T.);
#2949=ORIENTED_EDGE('',*,*,#2096,.F.);
#2950=ORIENTED_EDGE('',*,*,#1838,.F.);
#2951=ORIENTED_EDGE('',*,*,#2098,.T.);
#2952=ORIENTED_EDGE('',*,*,#1710,.T.);
#2953=ORIENTED_EDGE('',*,*,#2097,.F.);
#2954=ORIENTED_EDGE('',*,*,#1837,.F.);
#2955=ORIENTED_EDGE('',*,*,#2099,.T.);
#2956=ORIENTED_EDGE('',*,*,#1711,.T.);
#2957=ORIENTED_EDGE('',*,*,#2098,.F.);
#2958=ORIENTED_EDGE('',*,*,#1836,.F.);
#2959=ORIENTED_EDGE('',*,*,#2100,.T.);
#2960=ORIENTED_EDGE('',*,*,#1712,.T.);
#2961=ORIENTED_EDGE('',*,*,#2099,.F.);
#2962=ORIENTED_EDGE('',*,*,#1835,.F.);
#2963=ORIENTED_EDGE('',*,*,#2101,.T.);
#2964=ORIENTED_EDGE('',*,*,#1713,.T.);
#2965=ORIENTED_EDGE('',*,*,#2100,.F.);
#2966=ORIENTED_EDGE('',*,*,#1834,.F.);
#2967=ORIENTED_EDGE('',*,*,#2102,.T.);
#2968=ORIENTED_EDGE('',*,*,#1714,.T.);
#2969=ORIENTED_EDGE('',*,*,#2101,.F.);
#2970=ORIENTED_EDGE('',*,*,#1833,.F.);
#2971=ORIENTED_EDGE('',*,*,#2103,.T.);
#2972=ORIENTED_EDGE('',*,*,#1715,.T.);
#2973=ORIENTED_EDGE('',*,*,#2102,.F.);
#2974=ORIENTED_EDGE('',*,*,#1832,.F.);
#2975=ORIENTED_EDGE('',*,*,#2104,.T.);
#2976=ORIENTED_EDGE('',*,*,#1716,.T.);
#2977=ORIENTED_EDGE('',*,*,#2103,.F.);
#2978=ORIENTED_EDGE('',*,*,#1831,.F.);
#2979=ORIENTED_EDGE('',*,*,#2105,.T.);
#2980=ORIENTED_EDGE('',*,*,#1717,.T.);
#2981=ORIENTED_EDGE('',*,*,#2104,.F.);
#2982=ORIENTED_EDGE('',*,*,#1830,.F.);
#2983=ORIENTED_EDGE('',*,*,#2106,.T.);
#2984=ORIENTED_EDGE('',*,*,#1718,.T.);
#2985=ORIENTED_EDGE('',*,*,#2105,.F.);
#2986=ORIENTED_EDGE('',*,*,#1829,.F.);
#2987=ORIENTED_EDGE('',*,*,#2107,.T.);
#2988=ORIENTED_EDGE('',*,*,#1719,.T.);
#2989=ORIENTED_EDGE('',*,*,#2106,.F.);
#2990=ORIENTED_EDGE('',*,*,#1828,.F.);
#2991=ORIENTED_EDGE('',*,*,#1943,.T.);
#2992=ORIENTED_EDGE('',*,*,#1720,.T.);
#2993=ORIENTED_EDGE('',*,*,#2107,.F.);
#2994=ORIENTED_EDGE('',*,*,#2108,.F.);
#2995=ORIENTED_EDGE('',*,*,#2109,.T.);
#2996=ORIENTED_EDGE('',*,*,#2110,.T.);
#2997=ORIENTED_EDGE('',*,*,#2111,.F.);
#2998=ORIENTED_EDGE('',*,*,#2112,.F.);
#2999=ORIENTED_EDGE('',*,*,#1997,.T.);
#3000=ORIENTED_EDGE('',*,*,#2113,.T.);
#3001=ORIENTED_EDGE('',*,*,#2109,.F.);
#3002=ORIENTED_EDGE('',*,*,#2114,.F.);
#3003=ORIENTED_EDGE('',*,*,#2111,.T.);
#3004=ORIENTED_EDGE('',*,*,#2115,.T.);
#3005=ORIENTED_EDGE('',*,*,#1994,.F.);
#3006=ORIENTED_EDGE('',*,*,#2115,.F.);
#3007=ORIENTED_EDGE('',*,*,#2110,.F.);
#3008=ORIENTED_EDGE('',*,*,#2113,.F.);
#3009=ORIENTED_EDGE('',*,*,#2116,.F.);
#3010=ORIENTED_EDGE('',*,*,#2117,.T.);
#3011=ORIENTED_EDGE('',*,*,#2118,.T.);
#3012=ORIENTED_EDGE('',*,*,#2119,.F.);
#3013=ORIENTED_EDGE('',*,*,#2120,.F.);
#3014=ORIENTED_EDGE('',*,*,#2119,.T.);
#3015=ORIENTED_EDGE('',*,*,#2121,.T.);
#3016=ORIENTED_EDGE('',*,*,#2117,.F.);
#3017=ORIENTED_EDGE('',*,*,#2121,.F.);
#3018=ORIENTED_EDGE('',*,*,#2118,.F.);
#3019=ORIENTED_EDGE('',*,*,#2122,.F.);
#3020=ORIENTED_EDGE('',*,*,#2123,.T.);
#3021=ORIENTED_EDGE('',*,*,#2124,.T.);
#3022=ORIENTED_EDGE('',*,*,#2125,.F.);
#3023=ORIENTED_EDGE('',*,*,#2126,.F.);
#3024=ORIENTED_EDGE('',*,*,#2127,.T.);
#3025=ORIENTED_EDGE('',*,*,#2128,.T.);
#3026=ORIENTED_EDGE('',*,*,#2123,.F.);
#3027=ORIENTED_EDGE('',*,*,#2128,.F.);
#3028=ORIENTED_EDGE('',*,*,#2124,.F.);
#3029=ORIENTED_EDGE('',*,*,#2129,.F.);
#3030=ORIENTED_EDGE('',*,*,#2125,.T.);
#3031=ORIENTED_EDGE('',*,*,#2130,.T.);
#3032=ORIENTED_EDGE('',*,*,#2131,.F.);
#3033=ORIENTED_EDGE('',*,*,#2132,.F.);
#3034=ORIENTED_EDGE('',*,*,#2133,.T.);
#3035=ORIENTED_EDGE('',*,*,#2134,.T.);
#3036=ORIENTED_EDGE('',*,*,#2127,.F.);
#3037=ORIENTED_EDGE('',*,*,#2135,.F.);
#3038=ORIENTED_EDGE('',*,*,#2136,.T.);
#3039=ORIENTED_EDGE('',*,*,#2137,.T.);
#3040=ORIENTED_EDGE('',*,*,#2133,.F.);
#3041=ORIENTED_EDGE('',*,*,#2137,.F.);
#3042=ORIENTED_EDGE('',*,*,#2130,.F.);
#3043=ORIENTED_EDGE('',*,*,#2134,.F.);
#3044=ORIENTED_EDGE('',*,*,#2138,.F.);
#3045=ORIENTED_EDGE('',*,*,#2131,.T.);
#3046=ORIENTED_EDGE('',*,*,#2139,.T.);
#3047=ORIENTED_EDGE('',*,*,#2140,.F.);
#3048=ORIENTED_EDGE('',*,*,#2141,.F.);
#3049=ORIENTED_EDGE('',*,*,#2140,.T.);
#3050=ORIENTED_EDGE('',*,*,#2142,.T.);
#3051=ORIENTED_EDGE('',*,*,#2136,.F.);
#3052=ORIENTED_EDGE('',*,*,#2142,.F.);
#3053=ORIENTED_EDGE('',*,*,#2139,.F.);
#3054=ORIENTED_EDGE('',*,*,#2143,.F.);
#3055=ORIENTED_EDGE('',*,*,#2144,.T.);
#3056=ORIENTED_EDGE('',*,*,#2145,.T.);
#3057=ORIENTED_EDGE('',*,*,#2146,.F.);
#3058=ORIENTED_EDGE('',*,*,#2147,.F.);
#3059=ORIENTED_EDGE('',*,*,#2146,.T.);
#3060=ORIENTED_EDGE('',*,*,#2148,.T.);
#3061=ORIENTED_EDGE('',*,*,#2144,.F.);
#3062=ORIENTED_EDGE('',*,*,#2148,.F.);
#3063=ORIENTED_EDGE('',*,*,#2145,.F.);
#3064=ORIENTED_EDGE('',*,*,#2149,.F.);
#3065=ORIENTED_EDGE('',*,*,#2150,.T.);
#3066=ORIENTED_EDGE('',*,*,#2151,.T.);
#3067=ORIENTED_EDGE('',*,*,#2150,.F.);
#3068=ORIENTED_EDGE('',*,*,#2149,.T.);
#3069=ORIENTED_EDGE('',*,*,#1633,.T.);
#3070=ORIENTED_EDGE('',*,*,#1642,.T.);
#3071=ORIENTED_EDGE('',*,*,#1645,.T.);
#3072=ORIENTED_EDGE('',*,*,#1657,.T.);
#3073=ORIENTED_EDGE('',*,*,#1662,.T.);
#3074=ORIENTED_EDGE('',*,*,#1673,.T.);
#3075=ORIENTED_EDGE('',*,*,#2151,.F.);
#3076=ORIENTED_EDGE('',*,*,#1854,.T.);
#3077=ORIENTED_EDGE('',*,*,#1857,.T.);
#3078=ORIENTED_EDGE('',*,*,#1860,.T.);
#3079=ORIENTED_EDGE('',*,*,#1863,.T.);
#3080=ORIENTED_EDGE('',*,*,#1866,.T.);
#3081=ORIENTED_EDGE('',*,*,#1869,.T.);
#3082=ORIENTED_EDGE('',*,*,#1872,.T.);
#3083=ORIENTED_EDGE('',*,*,#1875,.T.);
#3084=ORIENTED_EDGE('',*,*,#1878,.T.);
#3085=ORIENTED_EDGE('',*,*,#1881,.T.);
#3086=ORIENTED_EDGE('',*,*,#1884,.T.);
#3087=ORIENTED_EDGE('',*,*,#1887,.T.);
#3088=ORIENTED_EDGE('',*,*,#1930,.T.);
#3089=ORIENTED_EDGE('',*,*,#1934,.T.);
#3090=ORIENTED_EDGE('',*,*,#1936,.T.);
#3091=ORIENTED_EDGE('',*,*,#1940,.T.);
#3092=ORIENTED_EDGE('',*,*,#2116,.T.);
#3093=ORIENTED_EDGE('',*,*,#2120,.T.);
#3094=ORIENTED_EDGE('',*,*,#2122,.T.);
#3095=ORIENTED_EDGE('',*,*,#2129,.T.);
#3096=ORIENTED_EDGE('',*,*,#2138,.T.);
#3097=ORIENTED_EDGE('',*,*,#2141,.T.);
#3098=ORIENTED_EDGE('',*,*,#2135,.T.);
#3099=ORIENTED_EDGE('',*,*,#2132,.T.);
#3100=ORIENTED_EDGE('',*,*,#2126,.T.);
#3101=ORIENTED_EDGE('',*,*,#2143,.T.);
#3102=ORIENTED_EDGE('',*,*,#2147,.T.);
#3103=ORIENTED_EDGE('',*,*,#1918,.T.);
#3104=ORIENTED_EDGE('',*,*,#1928,.T.);
#3105=ORIENTED_EDGE('',*,*,#1925,.T.);
#3106=ORIENTED_EDGE('',*,*,#1922,.T.);
#3107=ORIENTED_EDGE('',*,*,#1906,.T.);
#3108=ORIENTED_EDGE('',*,*,#1916,.T.);
#3109=ORIENTED_EDGE('',*,*,#1913,.T.);
#3110=ORIENTED_EDGE('',*,*,#1910,.T.);
#3111=ORIENTED_EDGE('',*,*,#1894,.T.);
#3112=ORIENTED_EDGE('',*,*,#1904,.T.);
#3113=ORIENTED_EDGE('',*,*,#1901,.T.);
#3114=ORIENTED_EDGE('',*,*,#1898,.T.);
#3115=ORIENTED_EDGE('',*,*,#1651,.T.);
#3116=ORIENTED_EDGE('',*,*,#2089,.T.);
#3117=ORIENTED_EDGE('',*,*,#2087,.T.);
#3118=ORIENTED_EDGE('',*,*,#1695,.T.);
#3119=ORIENTED_EDGE('',*,*,#1665,.T.);
#3120=ORIENTED_EDGE('',*,*,#2086,.T.);
#3121=ORIENTED_EDGE('',*,*,#2084,.T.);
#3122=ORIENTED_EDGE('',*,*,#2082,.T.);
#3123=ORIENTED_EDGE('',*,*,#2080,.T.);
#3124=ORIENTED_EDGE('',*,*,#2078,.T.);
#3125=ORIENTED_EDGE('',*,*,#2076,.T.);
#3126=ORIENTED_EDGE('',*,*,#2074,.T.);
#3127=ORIENTED_EDGE('',*,*,#2072,.T.);
#3128=ORIENTED_EDGE('',*,*,#2070,.T.);
#3129=ORIENTED_EDGE('',*,*,#2068,.T.);
#3130=ORIENTED_EDGE('',*,*,#2066,.T.);
#3131=ORIENTED_EDGE('',*,*,#2064,.T.);
#3132=ORIENTED_EDGE('',*,*,#2062,.T.);
#3133=ORIENTED_EDGE('',*,*,#2060,.T.);
#3134=ORIENTED_EDGE('',*,*,#2058,.T.);
#3135=ORIENTED_EDGE('',*,*,#2056,.T.);
#3136=ORIENTED_EDGE('',*,*,#2054,.T.);
#3137=ORIENTED_EDGE('',*,*,#2052,.T.);
#3138=ORIENTED_EDGE('',*,*,#2050,.T.);
#3139=ORIENTED_EDGE('',*,*,#2048,.T.);
#3140=ORIENTED_EDGE('',*,*,#2046,.T.);
#3141=ORIENTED_EDGE('',*,*,#2044,.T.);
#3142=ORIENTED_EDGE('',*,*,#2042,.T.);
#3143=ORIENTED_EDGE('',*,*,#2040,.T.);
#3144=ORIENTED_EDGE('',*,*,#2038,.T.);
#3145=ORIENTED_EDGE('',*,*,#2036,.T.);
#3146=ORIENTED_EDGE('',*,*,#2034,.T.);
#3147=ORIENTED_EDGE('',*,*,#2032,.T.);
#3148=ORIENTED_EDGE('',*,*,#2030,.T.);
#3149=ORIENTED_EDGE('',*,*,#2028,.T.);
#3150=ORIENTED_EDGE('',*,*,#2026,.T.);
#3151=ORIENTED_EDGE('',*,*,#2024,.T.);
#3152=ORIENTED_EDGE('',*,*,#2022,.T.);
#3153=ORIENTED_EDGE('',*,*,#2020,.T.);
#3154=ORIENTED_EDGE('',*,*,#2018,.T.);
#3155=ORIENTED_EDGE('',*,*,#2016,.T.);
#3156=ORIENTED_EDGE('',*,*,#2014,.T.);
#3157=ORIENTED_EDGE('',*,*,#2012,.T.);
#3158=ORIENTED_EDGE('',*,*,#2010,.T.);
#3159=ORIENTED_EDGE('',*,*,#2008,.T.);
#3160=ORIENTED_EDGE('',*,*,#2006,.T.);
#3161=ORIENTED_EDGE('',*,*,#2004,.T.);
#3162=ORIENTED_EDGE('',*,*,#2002,.T.);
#3163=ORIENTED_EDGE('',*,*,#2000,.T.);
#3164=ORIENTED_EDGE('',*,*,#1998,.T.);
#3165=ORIENTED_EDGE('',*,*,#1995,.T.);
#3166=ORIENTED_EDGE('',*,*,#2112,.T.);
#3167=ORIENTED_EDGE('',*,*,#2108,.T.);
#3168=ORIENTED_EDGE('',*,*,#2114,.T.);
#3169=ORIENTED_EDGE('',*,*,#1993,.T.);
#3170=ORIENTED_EDGE('',*,*,#1991,.T.);
#3171=ORIENTED_EDGE('',*,*,#1989,.T.);
#3172=ORIENTED_EDGE('',*,*,#1987,.T.);
#3173=ORIENTED_EDGE('',*,*,#1985,.T.);
#3174=ORIENTED_EDGE('',*,*,#1983,.T.);
#3175=ORIENTED_EDGE('',*,*,#1981,.T.);
#3176=ORIENTED_EDGE('',*,*,#1979,.T.);
#3177=ORIENTED_EDGE('',*,*,#1977,.T.);
#3178=ORIENTED_EDGE('',*,*,#1975,.T.);
#3179=ORIENTED_EDGE('',*,*,#1973,.T.);
#3180=ORIENTED_EDGE('',*,*,#1971,.T.);
#3181=ORIENTED_EDGE('',*,*,#1969,.T.);
#3182=ORIENTED_EDGE('',*,*,#1967,.T.);
#3183=ORIENTED_EDGE('',*,*,#1965,.T.);
#3184=ORIENTED_EDGE('',*,*,#1963,.T.);
#3185=ORIENTED_EDGE('',*,*,#1961,.T.);
#3186=ORIENTED_EDGE('',*,*,#1698,.T.);
#3187=ORIENTED_EDGE('',*,*,#1678,.T.);
#3188=ORIENTED_EDGE('',*,*,#1849,.T.);
#3189=ORIENTED_EDGE('',*,*,#1687,.T.);
#3190=CYLINDRICAL_SURFACE('',#3548,0.305);
#3191=CYLINDRICAL_SURFACE('',#3553,0.085);
#3192=CYLINDRICAL_SURFACE('',#3557,0.4);
#3193=CYLINDRICAL_SURFACE('',#3560,0.4);
#3194=CYLINDRICAL_SURFACE('',#3563,0.3);
#3195=CYLINDRICAL_SURFACE('',#3565,0.300000000000001);
#3196=CYLINDRICAL_SURFACE('',#3572,0.300000000000001);
#3197=CYLINDRICAL_SURFACE('',#3579,0.3);
#3198=CYLINDRICAL_SURFACE('',#3586,9.827033416463);
#3199=CYLINDRICAL_SURFACE('',#3589,9.827033416463);
#3200=CYLINDRICAL_SURFACE('',#3592,10.0476211577993);
#3201=CYLINDRICAL_SURFACE('',#3595,9.96218046292423);
#3202=CYLINDRICAL_SURFACE('',#3598,9.96218046292423);
#3203=CYLINDRICAL_SURFACE('',#3601,10.3179139142763);
#3204=CYLINDRICAL_SURFACE('',#3604,10.2324740838552);
#3205=CYLINDRICAL_SURFACE('',#3745,9.91247457043055);
#3206=CYLINDRICAL_SURFACE('',#3747,0.25);
#3207=CYLINDRICAL_SURFACE('',#3750,0.25);
#3208=CYLINDRICAL_SURFACE('',#3753,0.25);
#3209=CYLINDRICAL_SURFACE('',#3757,0.25);
#3210=CYLINDRICAL_SURFACE('',#3761,0.25);
#3211=CYLINDRICAL_SURFACE('',#3765,0.25);
#3212=CYLINDRICAL_SURFACE('',#3769,0.25);
#3213=CYLINDRICAL_SURFACE('',#3773,0.25);
#3214=CYLINDRICAL_SURFACE('',#3777,0.25);
#3215=CYLINDRICAL_SURFACE('',#3781,0.25);
#3216=CYLINDRICAL_SURFACE('',#3785,0.25);
#3217=CYLINDRICAL_SURFACE('',#3789,0.25);
#3218=CYLINDRICAL_SURFACE('',#3793,0.25);
#3219=CYLINDRICAL_SURFACE('',#3797,0.25);
#3220=CYLINDRICAL_SURFACE('',#3801,0.25);
#3221=CYLINDRICAL_SURFACE('',#3804,0.25);
#3222=CYLINDRICAL_SURFACE('',#3808,0.302500046324955);
#3223=CYLINDRICAL_SURFACE('',#3812,0.302499949732376);
#3224=CYLINDRICAL_SURFACE('',#3817,0.302499923850469);
#3225=CYLINDRICAL_SURFACE('',#3821,0.302500046324955);
#3226=CYLINDRICAL_SURFACE('',#3826,0.302499998148893);
#3227=CYLINDRICAL_SURFACE('',#3830,0.302499998148893);
#3228=CYLINDRICAL_SURFACE('',#3834,70.6002257700192);
#3229=CYLINDRICAL_SURFACE('',#3837,0.785999999999996);
#3230=CYLINDRICAL_SURFACE('',#3841,0.791701195137941);
#3231=CYLINDRICAL_SURFACE('',#3844,0.785999999999999);
#3232=CYLINDRICAL_SURFACE('',#3848,7.69765391664252);
#3233=CYLINDRICAL_SURFACE('',#3849,0.16);
#3234=CYLINDRICAL_SURFACE('',#3850,8.01765391653816);
#3235=CYLINDRICAL_SURFACE('',#3851,8.13024821198618);
#3236=CYLINDRICAL_SURFACE('',#3852,8.24272558784403);
#3237=CYLINDRICAL_SURFACE('',#3853,8.35531946845909);
#3238=CYLINDRICAL_SURFACE('',#3854,8.4677964424801);
#3239=CYLINDRICAL_SURFACE('',#3855,8.58038994124859);
#3240=CYLINDRICAL_SURFACE('',#3856,8.69286654497157);
#3241=CYLINDRICAL_SURFACE('',#3857,8.805459691474);
#3242=CYLINDRICAL_SURFACE('',#3858,8.91793595322262);
#3243=CYLINDRICAL_SURFACE('',#3859,9.03052877406203);
#3244=CYLINDRICAL_SURFACE('',#3860,9.14300471934415);
#3245=CYLINDRICAL_SURFACE('',#3861,9.25559723851141);
#3246=CYLINDRICAL_SURFACE('',#3862,9.36807289036042);
#3247=CYLINDRICAL_SURFACE('',#3863,9.48066512954707);
#3248=CYLINDRICAL_SURFACE('',#3864,9.59314050894656);
#3249=CYLINDRICAL_SURFACE('',#3865,9.70429459941024);
#3250=CYLINDRICAL_SURFACE('',#3866,10.0973273499176);
#3251=CYLINDRICAL_SURFACE('',#3867,10.2324740838552);
#3252=CYLINDRICAL_SURFACE('',#3868,10.3676206708103);
#3253=CYLINDRICAL_SURFACE('',#3870,10.502767116539);
#3254=CYLINDRICAL_SURFACE('',#3872,10.6379134265006);
#3255=CYLINDRICAL_SURFACE('',#3874,10.7730596058769);
#3256=CYLINDRICAL_SURFACE('',#3876,10.9082056595892);
#3257=CYLINDRICAL_SURFACE('',#3878,11.0433515923147);
#3258=CYLINDRICAL_SURFACE('',#3880,11.1784976495458);
#3259=CYLINDRICAL_SURFACE('',#3882,11.2796064566957);
#3260=CYLINDRICAL_SURFACE('',#3884,11.3696096150534);
#3261=CYLINDRICAL_SURFACE('',#3886,11.4596125617383);
#3262=CYLINDRICAL_SURFACE('',#3888,11.5757454287828);
#3263=CYLINDRICAL_SURFACE('',#3890,11.6543263050695);
#3264=CYLINDRICAL_SURFACE('',#3892,11.7292021252168);
#3265=CYLINDRICAL_SURFACE('',#3894,11.8040779133973);
#3266=CYLINDRICAL_SURFACE('',#3896,11.8789536702233);
#3267=CYLINDRICAL_SURFACE('',#3898,11.9538293962915);
#3268=CYLINDRICAL_SURFACE('',#3900,12.0287050921836);
#3269=CYLINDRICAL_SURFACE('',#3902,1.10600000000001);
#3270=CYLINDRICAL_SURFACE('',#3906,12.5730868400171);
#3271=CYLINDRICAL_SURFACE('',#3908,12.3028665532254);
#3272=CYLINDRICAL_SURFACE('',#3910,12.2175099813524);
#3273=CYLINDRICAL_SURFACE('',#3912,1.106);
#3274=CYLINDRICAL_SURFACE('',#3914,1.11170108678217);
#3275=CYLINDRICAL_SURFACE('',#3916,1.106);
#3276=CYLINDRICAL_SURFACE('',#3919,12.3845972313163);
#3277=CYLINDRICAL_SURFACE('',#3921,12.3448832367533);
#3278=CYLINDRICAL_SURFACE('',#3926,0.785999999999995);
#3279=CYLINDRICAL_SURFACE('',#3929,0.785999999999995);
#3280=CYLINDRICAL_SURFACE('',#3935,12.2731238557534);
#3281=CYLINDRICAL_SURFACE('',#3937,1.10600000000003);
#3282=CYLINDRICAL_SURFACE('',#3942,11.9546244081579);
#3283=CYLINDRICAL_SURFACE('',#3944,12.0517714501973);
#3284=CYLINDRICAL_SURFACE('',#3946,11.8584566078842);
#3285=CYLINDRICAL_SURFACE('',#3948,11.7835809706684);
#3286=CYLINDRICAL_SURFACE('',#3950,11.7087053043967);
#3287=CYLINDRICAL_SURFACE('',#3952,11.6338296085163);
#3288=CYLINDRICAL_SURFACE('',#3954,11.5589538824599);
#3289=CYLINDRICAL_SURFACE('',#3956,11.484078125646);
#3290=CYLINDRICAL_SURFACE('',#3958,11.4092023374778);
#3291=CYLINDRICAL_SURFACE('',#3960,11.3343265243122);
#3292=CYLINDRICAL_SURFACE('',#3962,11.2557457062168);
#3293=CYLINDRICAL_SURFACE('',#3964,11.139612723132);
#3294=CYLINDRICAL_SURFACE('',#3966,11.0496096150558);
#3295=CYLINDRICAL_SURFACE('',#3968,10.9596064567895);
#3296=CYLINDRICAL_SURFACE('',#3970,10.8584978977051);
#3297=CYLINDRICAL_SURFACE('',#3972,10.7233520811782);
#3298=CYLINDRICAL_SURFACE('',#3974,10.5882061481017);
#3299=CYLINDRICAL_SURFACE('',#3976,10.4530600940269);
#3300=CYLINDRICAL_SURFACE('',#3978,10.3179139142763);
#3301=CYLINDRICAL_SURFACE('',#3980,10.1827676039278);
#3302=CYLINDRICAL_SURFACE('',#3982,10.0476211577993);
#3303=CYLINDRICAL_SURFACE('',#3984,9.91247457043055);
#3304=CYLINDRICAL_SURFACE('',#3985,9.77732783606486);
#3305=CYLINDRICAL_SURFACE('',#3986,9.64218094862842);
#3306=CYLINDRICAL_SURFACE('',#3987,9.50703411208238);
#3307=CYLINDRICAL_SURFACE('',#3988,9.38429504133612);
#3308=CYLINDRICAL_SURFACE('',#3989,9.27314060158614);
#3309=CYLINDRICAL_SURFACE('',#3990,9.16066521921141);
#3310=CYLINDRICAL_SURFACE('',#3991,9.04807298307409);
#3311=CYLINDRICAL_SURFACE('',#3992,8.93559732804458);
#3312=CYLINDRICAL_SURFACE('',#3993,8.82300481199471);
#3313=CYLINDRICAL_SURFACE('',#3994,8.71052886345515);
#3314=CYLINDRICAL_SURFACE('',#3995,8.59793604580405);
#3315=CYLINDRICAL_SURFACE('',#3996,8.48545978071734);
#3316=CYLINDRICAL_SURFACE('',#3997,8.37286663747716);
#3317=CYLINDRICAL_SURFACE('',#3998,8.26039003033145);
#3318=CYLINDRICAL_SURFACE('',#3999,8.14779653490234);
#3319=CYLINDRICAL_SURFACE('',#4000,8.03531955736971);
#3320=CYLINDRICAL_SURFACE('',#4001,7.92272568017448);
#3321=CYLINDRICAL_SURFACE('',#4002,7.81024830071153);
#3322=CYLINDRICAL_SURFACE('',#4003,12.1035807584667);
#3323=CYLINDRICAL_SURFACE('',#4006,12.0287050921836);
#3324=CYLINDRICAL_SURFACE('',#4009,1.10600000000001);
#3325=CYLINDRICAL_SURFACE('',#4014,0.785999999999999);
#3326=CYLINDRICAL_SURFACE('',#4019,0.785999999999991);
#3327=CYLINDRICAL_SURFACE('',#4023,0.785999999999991);
#3328=CYLINDRICAL_SURFACE('',#4030,0.785999999999991);
#3329=CYLINDRICAL_SURFACE('',#4034,13.9762558756761);
#3330=CYLINDRICAL_SURFACE('',#4037,1.10599999999998);
#3331=CYLINDRICAL_SURFACE('',#4041,15.);
#3332=ADVANCED_FACE('',(#111),#3190,.F.);
#3333=ADVANCED_FACE('',(#112,#15),#51,.T.);
#3334=ADVANCED_FACE('',(#113),#3191,.F.);
#3335=ADVANCED_FACE('',(#114),#52,.F.);
#3336=ADVANCED_FACE('',(#115),#3192,.F.);
#3337=ADVANCED_FACE('',(#116),#3193,.F.);
#3338=ADVANCED_FACE('',(#117),#3194,.F.);
#3339=ADVANCED_FACE('',(#118),#3195,.F.);
#3340=ADVANCED_FACE('',(#119),#3196,.F.);
#3341=ADVANCED_FACE('',(#120),#3197,.F.);
#3342=ADVANCED_FACE('',(#121),#3198,.T.);
#3343=ADVANCED_FACE('',(#122),#3199,.T.);
#3344=ADVANCED_FACE('',(#123),#3200,.F.);
#3345=ADVANCED_FACE('',(#124),#3201,.T.);
#3346=ADVANCED_FACE('',(#125),#3202,.T.);
#3347=ADVANCED_FACE('',(#126),#3203,.F.);
#3348=ADVANCED_FACE('',(#127),#3204,.T.);
#3349=ADVANCED_FACE('',(#128,#16,#17,#18,#19,#20,#21,#22,#23),#53,.F.);
#3350=ADVANCED_FACE('',(#129),#54,.F.);
#3351=ADVANCED_FACE('',(#130),#55,.F.);
#3352=ADVANCED_FACE('',(#131),#56,.F.);
#3353=ADVANCED_FACE('',(#132),#3205,.F.);
#3354=ADVANCED_FACE('',(#133),#3206,.F.);
#3355=ADVANCED_FACE('',(#134),#57,.F.);
#3356=ADVANCED_FACE('',(#135),#3207,.F.);
#3357=ADVANCED_FACE('',(#136),#58,.F.);
#3358=ADVANCED_FACE('',(#137),#3208,.F.);
#3359=ADVANCED_FACE('',(#138),#59,.F.);
#3360=ADVANCED_FACE('',(#139),#3209,.F.);
#3361=ADVANCED_FACE('',(#140),#60,.F.);
#3362=ADVANCED_FACE('',(#141),#3210,.F.);
#3363=ADVANCED_FACE('',(#142),#61,.F.);
#3364=ADVANCED_FACE('',(#143),#3211,.F.);
#3365=ADVANCED_FACE('',(#144),#62,.F.);
#3366=ADVANCED_FACE('',(#145),#3212,.F.);
#3367=ADVANCED_FACE('',(#146),#63,.F.);
#3368=ADVANCED_FACE('',(#147),#3213,.F.);
#3369=ADVANCED_FACE('',(#148),#64,.F.);
#3370=ADVANCED_FACE('',(#149),#3214,.F.);
#3371=ADVANCED_FACE('',(#150),#65,.F.);
#3372=ADVANCED_FACE('',(#151),#3215,.F.);
#3373=ADVANCED_FACE('',(#152),#66,.F.);
#3374=ADVANCED_FACE('',(#153),#3216,.F.);
#3375=ADVANCED_FACE('',(#154),#67,.F.);
#3376=ADVANCED_FACE('',(#155),#3217,.F.);
#3377=ADVANCED_FACE('',(#156),#68,.F.);
#3378=ADVANCED_FACE('',(#157),#3218,.F.);
#3379=ADVANCED_FACE('',(#158),#69,.F.);
#3380=ADVANCED_FACE('',(#159),#3219,.F.);
#3381=ADVANCED_FACE('',(#160),#70,.F.);
#3382=ADVANCED_FACE('',(#161),#3220,.F.);
#3383=ADVANCED_FACE('',(#162),#71,.F.);
#3384=ADVANCED_FACE('',(#163),#3221,.F.);
#3385=ADVANCED_FACE('',(#164),#72,.F.);
#3386=ADVANCED_FACE('',(#165),#73,.F.);
#3387=ADVANCED_FACE('',(#166),#3222,.F.);
#3388=ADVANCED_FACE('',(#167),#74,.F.);
#3389=ADVANCED_FACE('',(#168),#3223,.F.);
#3390=ADVANCED_FACE('',(#169),#75,.F.);
#3391=ADVANCED_FACE('',(#170),#76,.F.);
#3392=ADVANCED_FACE('',(#171),#3224,.F.);
#3393=ADVANCED_FACE('',(#172),#77,.F.);
#3394=ADVANCED_FACE('',(#173),#3225,.F.);
#3395=ADVANCED_FACE('',(#174),#78,.F.);
#3396=ADVANCED_FACE('',(#175),#79,.F.);
#3397=ADVANCED_FACE('',(#176),#3226,.F.);
#3398=ADVANCED_FACE('',(#177),#80,.F.);
#3399=ADVANCED_FACE('',(#178),#3227,.F.);
#3400=ADVANCED_FACE('',(#179),#81,.F.);
#3401=ADVANCED_FACE('',(#180),#3228,.T.);
#3402=ADVANCED_FACE('',(#181),#3229,.F.);
#3403=ADVANCED_FACE('',(#182),#82,.F.);
#3404=ADVANCED_FACE('',(#183),#3230,.T.);
#3405=ADVANCED_FACE('',(#184),#3231,.F.);
#3406=ADVANCED_FACE('',(#185),#83,.F.);
#3407=ADVANCED_FACE('',(#186),#3232,.F.);
#3408=ADVANCED_FACE('',(#187),#3233,.T.);
#3409=ADVANCED_FACE('',(#188),#3234,.T.);
#3410=ADVANCED_FACE('',(#189),#3235,.T.);
#3411=ADVANCED_FACE('',(#190),#3236,.T.);
#3412=ADVANCED_FACE('',(#191),#3237,.T.);
#3413=ADVANCED_FACE('',(#192),#3238,.T.);
#3414=ADVANCED_FACE('',(#193),#3239,.T.);
#3415=ADVANCED_FACE('',(#194),#3240,.T.);
#3416=ADVANCED_FACE('',(#195),#3241,.T.);
#3417=ADVANCED_FACE('',(#196),#3242,.T.);
#3418=ADVANCED_FACE('',(#197),#3243,.T.);
#3419=ADVANCED_FACE('',(#198),#3244,.T.);
#3420=ADVANCED_FACE('',(#199),#3245,.T.);
#3421=ADVANCED_FACE('',(#200),#3246,.T.);
#3422=ADVANCED_FACE('',(#201),#3247,.T.);
#3423=ADVANCED_FACE('',(#202),#3248,.T.);
#3424=ADVANCED_FACE('',(#203),#3249,.T.);
#3425=ADVANCED_FACE('',(#204),#3250,.T.);
#3426=ADVANCED_FACE('',(#205),#3251,.T.);
#3427=ADVANCED_FACE('',(#206),#3252,.T.);
#3428=ADVANCED_FACE('',(#207),#3253,.T.);
#3429=ADVANCED_FACE('',(#208),#3254,.T.);
#3430=ADVANCED_FACE('',(#209),#3255,.T.);
#3431=ADVANCED_FACE('',(#210),#3256,.T.);
#3432=ADVANCED_FACE('',(#211),#3257,.T.);
#3433=ADVANCED_FACE('',(#212),#3258,.T.);
#3434=ADVANCED_FACE('',(#213),#3259,.T.);
#3435=ADVANCED_FACE('',(#214),#3260,.T.);
#3436=ADVANCED_FACE('',(#215),#3261,.T.);
#3437=ADVANCED_FACE('',(#216),#3262,.T.);
#3438=ADVANCED_FACE('',(#217),#3263,.T.);
#3439=ADVANCED_FACE('',(#218),#3264,.T.);
#3440=ADVANCED_FACE('',(#219),#3265,.T.);
#3441=ADVANCED_FACE('',(#220),#3266,.T.);
#3442=ADVANCED_FACE('',(#221),#3267,.T.);
#3443=ADVANCED_FACE('',(#222),#3268,.T.);
#3444=ADVANCED_FACE('',(#223),#3269,.T.);
#3445=ADVANCED_FACE('',(#224),#84,.F.);
#3446=ADVANCED_FACE('',(#225),#85,.F.);
#3447=ADVANCED_FACE('',(#226),#3270,.F.);
#3448=ADVANCED_FACE('',(#227),#3271,.F.);
#3449=ADVANCED_FACE('',(#228),#3272,.F.);
#3450=ADVANCED_FACE('',(#229),#3273,.T.);
#3451=ADVANCED_FACE('',(#230),#3274,.T.);
#3452=ADVANCED_FACE('',(#231),#3275,.T.);
#3453=ADVANCED_FACE('',(#232),#86,.F.);
#3454=ADVANCED_FACE('',(#233),#3276,.F.);
#3455=ADVANCED_FACE('',(#234),#3277,.F.);
#3456=ADVANCED_FACE('',(#235),#87,.F.);
#3457=ADVANCED_FACE('',(#236),#88,.F.);
#3458=ADVANCED_FACE('',(#237),#89,.F.);
#3459=ADVANCED_FACE('',(#238),#3278,.T.);
#3460=ADVANCED_FACE('',(#239),#90,.F.);
#3461=ADVANCED_FACE('',(#240),#3279,.T.);
#3462=ADVANCED_FACE('',(#241),#91,.F.);
#3463=ADVANCED_FACE('',(#242),#92,.F.);
#3464=ADVANCED_FACE('',(#243),#93,.F.);
#3465=ADVANCED_FACE('',(#244),#94,.F.);
#3466=ADVANCED_FACE('',(#245),#3280,.F.);
#3467=ADVANCED_FACE('',(#246),#3281,.F.);
#3468=ADVANCED_FACE('',(#247),#95,.F.);
#3469=ADVANCED_FACE('',(#248),#96,.F.);
#3470=ADVANCED_FACE('',(#249),#97,.F.);
#3471=ADVANCED_FACE('',(#250),#3282,.F.);
#3472=ADVANCED_FACE('',(#251),#3283,.F.);
#3473=ADVANCED_FACE('',(#252),#3284,.F.);
#3474=ADVANCED_FACE('',(#253),#3285,.F.);
#3475=ADVANCED_FACE('',(#254),#3286,.F.);
#3476=ADVANCED_FACE('',(#255),#3287,.F.);
#3477=ADVANCED_FACE('',(#256),#3288,.F.);
#3478=ADVANCED_FACE('',(#257),#3289,.F.);
#3479=ADVANCED_FACE('',(#258),#3290,.F.);
#3480=ADVANCED_FACE('',(#259),#3291,.F.);
#3481=ADVANCED_FACE('',(#260),#3292,.F.);
#3482=ADVANCED_FACE('',(#261),#3293,.F.);
#3483=ADVANCED_FACE('',(#262),#3294,.F.);
#3484=ADVANCED_FACE('',(#263),#3295,.F.);
#3485=ADVANCED_FACE('',(#264),#3296,.F.);
#3486=ADVANCED_FACE('',(#265),#3297,.F.);
#3487=ADVANCED_FACE('',(#266),#3298,.F.);
#3488=ADVANCED_FACE('',(#267),#3299,.F.);
#3489=ADVANCED_FACE('',(#268),#3300,.F.);
#3490=ADVANCED_FACE('',(#269),#3301,.F.);
#3491=ADVANCED_FACE('',(#270),#3302,.F.);
#3492=ADVANCED_FACE('',(#271),#3303,.F.);
#3493=ADVANCED_FACE('',(#272),#3304,.F.);
#3494=ADVANCED_FACE('',(#273),#3305,.F.);
#3495=ADVANCED_FACE('',(#274),#3306,.F.);
#3496=ADVANCED_FACE('',(#275),#3307,.F.);
#3497=ADVANCED_FACE('',(#276),#3308,.F.);
#3498=ADVANCED_FACE('',(#277),#3309,.F.);
#3499=ADVANCED_FACE('',(#278),#3310,.F.);
#3500=ADVANCED_FACE('',(#279),#3311,.F.);
#3501=ADVANCED_FACE('',(#280),#3312,.F.);
#3502=ADVANCED_FACE('',(#281),#3313,.F.);
#3503=ADVANCED_FACE('',(#282),#3314,.F.);
#3504=ADVANCED_FACE('',(#283),#3315,.F.);
#3505=ADVANCED_FACE('',(#284),#3316,.F.);
#3506=ADVANCED_FACE('',(#285),#3317,.F.);
#3507=ADVANCED_FACE('',(#286),#3318,.F.);
#3508=ADVANCED_FACE('',(#287),#3319,.F.);
#3509=ADVANCED_FACE('',(#288),#3320,.F.);
#3510=ADVANCED_FACE('',(#289),#3321,.F.);
#3511=ADVANCED_FACE('',(#290),#3322,.F.);
#3512=ADVANCED_FACE('',(#291),#3323,.F.);
#3513=ADVANCED_FACE('',(#292),#3324,.F.);
#3514=ADVANCED_FACE('',(#293),#98,.F.);
#3515=ADVANCED_FACE('',(#294),#99,.F.);
#3516=ADVANCED_FACE('',(#295),#3325,.F.);
#3517=ADVANCED_FACE('',(#296),#100,.F.);
#3518=ADVANCED_FACE('',(#297),#101,.F.);
#3519=ADVANCED_FACE('',(#298),#3326,.F.);
#3520=ADVANCED_FACE('',(#299),#102,.F.);
#3521=ADVANCED_FACE('',(#300),#3327,.T.);
#3522=ADVANCED_FACE('',(#301),#103,.F.);
#3523=ADVANCED_FACE('',(#302),#104,.F.);
#3524=ADVANCED_FACE('',(#303),#105,.F.);
#3525=ADVANCED_FACE('',(#304),#106,.F.);
#3526=ADVANCED_FACE('',(#305),#3328,.F.);
#3527=ADVANCED_FACE('',(#306),#107,.F.);
#3528=ADVANCED_FACE('',(#307),#3329,.T.);
#3529=ADVANCED_FACE('',(#308),#3330,.F.);
#3530=ADVANCED_FACE('',(#309),#108,.F.);
#3531=ADVANCED_FACE('',(#310),#3331,.T.);
#3532=ADVANCED_FACE('',(#311,#24,#25,#26,#27,#28,#29),#109,.T.);
#3533=ADVANCED_FACE('',(#312,#30,#31,#32,#33,#34,#35,#36,#37,#38,#39,#40,
#41,#42,#43,#44,#45,#46,#47,#48,#49,#50),#110,.F.);
#3534=CLOSED_SHELL('',(#3332,#3333,#3334,#3335,#3336,#3337,#3338,#3339,
#3340,#3341,#3342,#3343,#3344,#3345,#3346,#3347,#3348,#3349,#3350,#3351,
#3352,#3353,#3354,#3355,#3356,#3357,#3358,#3359,#3360,#3361,#3362,#3363,
#3364,#3365,#3366,#3367,#3368,#3369,#3370,#3371,#3372,#3373,#3374,#3375,
#3376,#3377,#3378,#3379,#3380,#3381,#3382,#3383,#3384,#3385,#3386,#3387,
#3388,#3389,#3390,#3391,#3392,#3393,#3394,#3395,#3396,#3397,#3398,#3399,
#3400,#3401,#3402,#3403,#3404,#3405,#3406,#3407,#3408,#3409,#3410,#3411,
#3412,#3413,#3414,#3415,#3416,#3417,#3418,#3419,#3420,#3421,#3422,#3423,
#3424,#3425,#3426,#3427,#3428,#3429,#3430,#3431,#3432,#3433,#3434,#3435,
#3436,#3437,#3438,#3439,#3440,#3441,#3442,#3443,#3444,#3445,#3446,#3447,
#3448,#3449,#3450,#3451,#3452,#3453,#3454,#3455,#3456,#3457,#3458,#3459,
#3460,#3461,#3462,#3463,#3464,#3465,#3466,#3467,#3468,#3469,#3470,#3471,
#3472,#3473,#3474,#3475,#3476,#3477,#3478,#3479,#3480,#3481,#3482,#3483,
#3484,#3485,#3486,#3487,#3488,#3489,#3490,#3491,#3492,#3493,#3494,#3495,
#3496,#3497,#3498,#3499,#3500,#3501,#3502,#3503,#3504,#3505,#3506,#3507,
#3508,#3509,#3510,#3511,#3512,#3513,#3514,#3515,#3516,#3517,#3518,#3519,
#3520,#3521,#3522,#3523,#3524,#3525,#3526,#3527,#3528,#3529,#3530,#3531,
#3532,#3533));
#3535=DERIVED_UNIT_ELEMENT(#3537,1.);
#3536=DERIVED_UNIT_ELEMENT(#6334,-3.);
#3537=(
MASS_UNIT()
NAMED_UNIT(*)
SI_UNIT(.KILO.,.GRAM.)
);
#3538=DERIVED_UNIT((#3535,#3536));
#3539=MEASURE_REPRESENTATION_ITEM('density measure',
POSITIVE_RATIO_MEASURE(2700.),#3538);
#3540=PROPERTY_DEFINITION_REPRESENTATION(#3545,#3542);
#3541=PROPERTY_DEFINITION_REPRESENTATION(#3546,#3543);
#3542=REPRESENTATION('material name',(#3544),#6331);
#3543=REPRESENTATION('density',(#3539),#6331);
#3544=DESCRIPTIVE_REPRESENTATION_ITEM('Aluminum 6061','Aluminum 6061');
#3545=PROPERTY_DEFINITION('material property','material name',#6341);
#3546=PROPERTY_DEFINITION('material property','density of part',#6341);
#3547=AXIS2_PLACEMENT_3D('',#5267,#4046,#4047);
#3548=AXIS2_PLACEMENT_3D('',#5268,#4048,#4049);
#3549=AXIS2_PLACEMENT_3D('',#5270,#4050,#4051);
#3550=AXIS2_PLACEMENT_3D('',#5273,#4053,#4054);
#3551=AXIS2_PLACEMENT_3D('',#5274,#4055,#4056);
#3552=AXIS2_PLACEMENT_3D('',#5276,#4057,#4058);
#3553=AXIS2_PLACEMENT_3D('',#5277,#4059,#4060);
#3554=AXIS2_PLACEMENT_3D('',#5279,#4061,#4062);
#3555=AXIS2_PLACEMENT_3D('',#5282,#4064,#4065);
#3556=AXIS2_PLACEMENT_3D('',#5283,#4066,#4067);
#3557=AXIS2_PLACEMENT_3D('',#5284,#4068,#4069);
#3558=AXIS2_PLACEMENT_3D('',#5286,#4070,#4071);
#3559=AXIS2_PLACEMENT_3D('',#5289,#4073,#4074);
#3560=AXIS2_PLACEMENT_3D('',#5290,#4075,#4076);
#3561=AXIS2_PLACEMENT_3D('',#5292,#4077,#4078);
#3562=AXIS2_PLACEMENT_3D('',#5295,#4080,#4081);
#3563=AXIS2_PLACEMENT_3D('',#5296,#4082,#4083);
#3564=AXIS2_PLACEMENT_3D('',#5298,#4084,#4085);
#3565=AXIS2_PLACEMENT_3D('',#5300,#4087,#4088);
#3566=AXIS2_PLACEMENT_3D('',#5305,#4090,#4091);
#3567=AXIS2_PLACEMENT_3D('',#5309,#4093,#4094);
#3568=AXIS2_PLACEMENT_3D('',#5313,#4096,#4097);
#3569=AXIS2_PLACEMENT_3D('',#5317,#4099,#4100);
#3570=AXIS2_PLACEMENT_3D('',#5320,#4102,#4103);
#3571=AXIS2_PLACEMENT_3D('',#5321,#4104,#4105);
#3572=AXIS2_PLACEMENT_3D('',#5322,#4106,#4107);
#3573=AXIS2_PLACEMENT_3D('',#5327,#4109,#4110);
#3574=AXIS2_PLACEMENT_3D('',#5330,#4112,#4113);
#3575=AXIS2_PLACEMENT_3D('',#5332,#4114,#4115);
#3576=AXIS2_PLACEMENT_3D('',#5336,#4117,#4118);
#3577=AXIS2_PLACEMENT_3D('',#5340,#4120,#4121);
#3578=AXIS2_PLACEMENT_3D('',#5343,#4123,#4124);
#3579=AXIS2_PLACEMENT_3D('',#5344,#4125,#4126);
#3580=AXIS2_PLACEMENT_3D('',#5349,#4128,#4129);
#3581=AXIS2_PLACEMENT_3D('',#5352,#4131,#4132);
#3582=AXIS2_PLACEMENT_3D('',#5354,#4133,#4134);
#3583=AXIS2_PLACEMENT_3D('',#5358,#4136,#4137);
#3584=AXIS2_PLACEMENT_3D('',#5362,#4139,#4140);
#3585=AXIS2_PLACEMENT_3D('',#5365,#4142,#4143);
#3586=AXIS2_PLACEMENT_3D('',#5366,#4144,#4145);
#3587=AXIS2_PLACEMENT_3D('',#5368,#4146,#4147);
#3588=AXIS2_PLACEMENT_3D('',#5371,#4149,#4150);
#3589=AXIS2_PLACEMENT_3D('',#5372,#4151,#4152);
#3590=AXIS2_PLACEMENT_3D('',#5374,#4153,#4154);
#3591=AXIS2_PLACEMENT_3D('',#5377,#4156,#4157);
#3592=AXIS2_PLACEMENT_3D('',#5378,#4158,#4159);
#3593=AXIS2_PLACEMENT_3D('',#5380,#4160,#4161);
#3594=AXIS2_PLACEMENT_3D('',#5383,#4163,#4164);
#3595=AXIS2_PLACEMENT_3D('',#5384,#4165,#4166);
#3596=AXIS2_PLACEMENT_3D('',#5385,#4167,#4168);
#3597=AXIS2_PLACEMENT_3D('',#5386,#4169,#4170);
#3598=AXIS2_PLACEMENT_3D('',#5387,#4171,#4172);
#3599=AXIS2_PLACEMENT_3D('',#5389,#4173,#4174);
#3600=AXIS2_PLACEMENT_3D('',#5392,#4176,#4177);
#3601=AXIS2_PLACEMENT_3D('',#5393,#4178,#4179);
#3602=AXIS2_PLACEMENT_3D('',#5395,#4180,#4181);
#3603=AXIS2_PLACEMENT_3D('',#5398,#4183,#4184);
#3604=AXIS2_PLACEMENT_3D('',#5399,#4185,#4186);
#3605=AXIS2_PLACEMENT_3D('',#5401,#4187,#4188);
#3606=AXIS2_PLACEMENT_3D('',#5404,#4190,#4191);
#3607=AXIS2_PLACEMENT_3D('',#5405,#4192,#4193);
#3608=AXIS2_PLACEMENT_3D('',#5406,#4194,#4195);
#3609=AXIS2_PLACEMENT_3D('',#5408,#4196,#4197);
#3610=AXIS2_PLACEMENT_3D('',#5410,#4198,#4199);
#3611=AXIS2_PLACEMENT_3D('',#5412,#4200,#4201);
#3612=AXIS2_PLACEMENT_3D('',#5414,#4202,#4203);
#3613=AXIS2_PLACEMENT_3D('',#5416,#4204,#4205);
#3614=AXIS2_PLACEMENT_3D('',#5418,#4206,#4207);
#3615=AXIS2_PLACEMENT_3D('',#5420,#4208,#4209);
#3616=AXIS2_PLACEMENT_3D('',#5422,#4210,#4211);
#3617=AXIS2_PLACEMENT_3D('',#5424,#4212,#4213);
#3618=AXIS2_PLACEMENT_3D('',#5426,#4214,#4215);
#3619=AXIS2_PLACEMENT_3D('',#5428,#4216,#4217);
#3620=AXIS2_PLACEMENT_3D('',#5430,#4218,#4219);
#3621=AXIS2_PLACEMENT_3D('',#5432,#4220,#4221);
#3622=AXIS2_PLACEMENT_3D('',#5434,#4222,#4223);
#3623=AXIS2_PLACEMENT_3D('',#5436,#4224,#4225);
#3624=AXIS2_PLACEMENT_3D('',#5438,#4226,#4227);
#3625=AXIS2_PLACEMENT_3D('',#5440,#4228,#4229);
#3626=AXIS2_PLACEMENT_3D('',#5442,#4230,#4231);
#3627=AXIS2_PLACEMENT_3D('',#5444,#4232,#4233);
#3628=AXIS2_PLACEMENT_3D('',#5446,#4234,#4235);
#3629=AXIS2_PLACEMENT_3D('',#5448,#4236,#4237);
#3630=AXIS2_PLACEMENT_3D('',#5450,#4238,#4239);
#3631=AXIS2_PLACEMENT_3D('',#5452,#4240,#4241);
#3632=AXIS2_PLACEMENT_3D('',#5454,#4242,#4243);
#3633=AXIS2_PLACEMENT_3D('',#5456,#4244,#4245);
#3634=AXIS2_PLACEMENT_3D('',#5458,#4246,#4247);
#3635=AXIS2_PLACEMENT_3D('',#5460,#4248,#4249);
#3636=AXIS2_PLACEMENT_3D('',#5462,#4250,#4251);
#3637=AXIS2_PLACEMENT_3D('',#5464,#4252,#4253);
#3638=AXIS2_PLACEMENT_3D('',#5466,#4254,#4255);
#3639=AXIS2_PLACEMENT_3D('',#5468,#4256,#4257);
#3640=AXIS2_PLACEMENT_3D('',#5470,#4258,#4259);
#3641=AXIS2_PLACEMENT_3D('',#5472,#4260,#4261);
#3642=AXIS2_PLACEMENT_3D('',#5474,#4262,#4263);
#3643=AXIS2_PLACEMENT_3D('',#5476,#4264,#4265);
#3644=AXIS2_PLACEMENT_3D('',#5478,#4266,#4267);
#3645=AXIS2_PLACEMENT_3D('',#5479,#4268,#4269);
#3646=AXIS2_PLACEMENT_3D('',#5481,#4270,#4271);
#3647=AXIS2_PLACEMENT_3D('',#5483,#4272,#4273);
#3648=AXIS2_PLACEMENT_3D('',#5485,#4274,#4275);
#3649=AXIS2_PLACEMENT_3D('',#5487,#4276,#4277);
#3650=AXIS2_PLACEMENT_3D('',#5488,#4278,#4279);
#3651=AXIS2_PLACEMENT_3D('',#5490,#4280,#4281);
#3652=AXIS2_PLACEMENT_3D('',#5491,#4282,#4283);
#3653=AXIS2_PLACEMENT_3D('',#5493,#4284,#4285);
#3654=AXIS2_PLACEMENT_3D('',#5495,#4286,#4287);
#3655=AXIS2_PLACEMENT_3D('',#5497,#4288,#4289);
#3656=AXIS2_PLACEMENT_3D('',#5499,#4290,#4291);
#3657=AXIS2_PLACEMENT_3D('',#5501,#4292,#4293);
#3658=AXIS2_PLACEMENT_3D('',#5503,#4294,#4295);
#3659=AXIS2_PLACEMENT_3D('',#5505,#4296,#4297);
#3660=AXIS2_PLACEMENT_3D('',#5507,#4298,#4299);
#3661=AXIS2_PLACEMENT_3D('',#5509,#4300,#4301);
#3662=AXIS2_PLACEMENT_3D('',#5511,#4302,#4303);
#3663=AXIS2_PLACEMENT_3D('',#5513,#4304,#4305);
#3664=AXIS2_PLACEMENT_3D('',#5515,#4306,#4307);
#3665=AXIS2_PLACEMENT_3D('',#5517,#4308,#4309);
#3666=AXIS2_PLACEMENT_3D('',#5519,#4310,#4311);
#3667=AXIS2_PLACEMENT_3D('',#5521,#4312,#4313);
#3668=AXIS2_PLACEMENT_3D('',#5523,#4314,#4315);
#3669=AXIS2_PLACEMENT_3D('',#5525,#4316,#4317);
#3670=AXIS2_PLACEMENT_3D('',#5527,#4318,#4319);
#3671=AXIS2_PLACEMENT_3D('',#5533,#4322,#4323);
#3672=AXIS2_PLACEMENT_3D('',#5535,#4324,#4325);
#3673=AXIS2_PLACEMENT_3D('',#5537,#4326,#4327);
#3674=AXIS2_PLACEMENT_3D('',#5539,#4328,#4329);
#3675=AXIS2_PLACEMENT_3D('',#5541,#4330,#4331);
#3676=AXIS2_PLACEMENT_3D('',#5543,#4332,#4333);
#3677=AXIS2_PLACEMENT_3D('',#5547,#4335,#4336);
#3678=AXIS2_PLACEMENT_3D('',#5549,#4337,#4338);
#3679=AXIS2_PLACEMENT_3D('',#5557,#4342,#4343);
#3680=AXIS2_PLACEMENT_3D('',#5561,#4345,#4346);
#3681=AXIS2_PLACEMENT_3D('',#5571,#4351,#4352);
#3682=AXIS2_PLACEMENT_3D('',#5573,#4353,#4354);
#3683=AXIS2_PLACEMENT_3D('',#5581,#4358,#4359);
#3684=AXIS2_PLACEMENT_3D('',#5583,#4360,#4361);
#3685=AXIS2_PLACEMENT_3D('',#5585,#4362,#4363);
#3686=AXIS2_PLACEMENT_3D('',#5587,#4364,#4365);
#3687=AXIS2_PLACEMENT_3D('',#5589,#4366,#4367);
#3688=AXIS2_PLACEMENT_3D('',#5591,#4368,#4369);
#3689=AXIS2_PLACEMENT_3D('',#5593,#4370,#4371);
#3690=AXIS2_PLACEMENT_3D('',#5595,#4372,#4373);
#3691=AXIS2_PLACEMENT_3D('',#5597,#4374,#4375);
#3692=AXIS2_PLACEMENT_3D('',#5599,#4376,#4377);
#3693=AXIS2_PLACEMENT_3D('',#5601,#4378,#4379);
#3694=AXIS2_PLACEMENT_3D('',#5603,#4380,#4381);
#3695=AXIS2_PLACEMENT_3D('',#5605,#4382,#4383);
#3696=AXIS2_PLACEMENT_3D('',#5607,#4384,#4385);
#3697=AXIS2_PLACEMENT_3D('',#5609,#4386,#4387);
#3698=AXIS2_PLACEMENT_3D('',#5611,#4388,#4389);
#3699=AXIS2_PLACEMENT_3D('',#5613,#4390,#4391);
#3700=AXIS2_PLACEMENT_3D('',#5615,#4392,#4393);
#3701=AXIS2_PLACEMENT_3D('',#5616,#4394,#4395);
#3702=AXIS2_PLACEMENT_3D('',#5617,#4396,#4397);
#3703=AXIS2_PLACEMENT_3D('',#5619,#4398,#4399);
#3704=AXIS2_PLACEMENT_3D('',#5620,#4400,#4401);
#3705=AXIS2_PLACEMENT_3D('',#5621,#4402,#4403);
#3706=AXIS2_PLACEMENT_3D('',#5623,#4404,#4405);
#3707=AXIS2_PLACEMENT_3D('',#5625,#4406,#4407);
#3708=AXIS2_PLACEMENT_3D('',#5627,#4408,#4409);
#3709=AXIS2_PLACEMENT_3D('',#5629,#4410,#4411);
#3710=AXIS2_PLACEMENT_3D('',#5631,#4412,#4413);
#3711=AXIS2_PLACEMENT_3D('',#5633,#4414,#4415);
#3712=AXIS2_PLACEMENT_3D('',#5635,#4416,#4417);
#3713=AXIS2_PLACEMENT_3D('',#5637,#4418,#4419);
#3714=AXIS2_PLACEMENT_3D('',#5639,#4420,#4421);
#3715=AXIS2_PLACEMENT_3D('',#5641,#4422,#4423);
#3716=AXIS2_PLACEMENT_3D('',#5643,#4424,#4425);
#3717=AXIS2_PLACEMENT_3D('',#5645,#4426,#4427);
#3718=AXIS2_PLACEMENT_3D('',#5647,#4428,#4429);
#3719=AXIS2_PLACEMENT_3D('',#5649,#4430,#4431);
#3720=AXIS2_PLACEMENT_3D('',#5651,#4432,#4433);
#3721=AXIS2_PLACEMENT_3D('',#5653,#4434,#4435);
#3722=AXIS2_PLACEMENT_3D('',#5655,#4436,#4437);
#3723=AXIS2_PLACEMENT_3D('',#5657,#4438,#4439);
#3724=AXIS2_PLACEMENT_3D('',#5659,#4440,#4441);
#3725=AXIS2_PLACEMENT_3D('',#5661,#4442,#4443);
#3726=AXIS2_PLACEMENT_3D('',#5663,#4444,#4445);
#3727=AXIS2_PLACEMENT_3D('',#5665,#4446,#4447);
#3728=AXIS2_PLACEMENT_3D('',#5667,#4448,#4449);
#3729=AXIS2_PLACEMENT_3D('',#5669,#4450,#4451);
#3730=AXIS2_PLACEMENT_3D('',#5671,#4452,#4453);
#3731=AXIS2_PLACEMENT_3D('',#5673,#4454,#4455);
#3732=AXIS2_PLACEMENT_3D('',#5675,#4456,#4457);
#3733=AXIS2_PLACEMENT_3D('',#5677,#4458,#4459);
#3734=AXIS2_PLACEMENT_3D('',#5679,#4460,#4461);
#3735=AXIS2_PLACEMENT_3D('',#5681,#4462,#4463);
#3736=AXIS2_PLACEMENT_3D('',#5683,#4464,#4465);
#3737=AXIS2_PLACEMENT_3D('',#5685,#4466,#4467);
#3738=AXIS2_PLACEMENT_3D('',#5687,#4468,#4469);
#3739=AXIS2_PLACEMENT_3D('',#5689,#4470,#4471);
#3740=AXIS2_PLACEMENT_3D('',#5691,#4472,#4473);
#3741=AXIS2_PLACEMENT_3D('',#5693,#4474,#4475);
#3742=AXIS2_PLACEMENT_3D('',#5694,#4476,#4477);
#3743=AXIS2_PLACEMENT_3D('',#5696,#4478,#4479);
#3744=AXIS2_PLACEMENT_3D('',#5697,#4480,#4481);
#3745=AXIS2_PLACEMENT_3D('',#5698,#4482,#4483);
#3746=AXIS2_PLACEMENT_3D('',#5699,#4484,#4485);
#3747=AXIS2_PLACEMENT_3D('',#5700,#4486,#4487);
#3748=AXIS2_PLACEMENT_3D('',#5703,#4489,#4490);
#3749=AXIS2_PLACEMENT_3D('',#5704,#4491,#4492);
#3750=AXIS2_PLACEMENT_3D('',#5705,#4493,#4494);
#3751=AXIS2_PLACEMENT_3D('',#5708,#4496,#4497);
#3752=AXIS2_PLACEMENT_3D('',#5709,#4498,#4499);
#3753=AXIS2_PLACEMENT_3D('',#5710,#4500,#4501);
#3754=AXIS2_PLACEMENT_3D('',#5712,#4502,#4503);
#3755=AXIS2_PLACEMENT_3D('',#5715,#4505,#4506);
#3756=AXIS2_PLACEMENT_3D('',#5716,#4507,#4508);
#3757=AXIS2_PLACEMENT_3D('',#5717,#4509,#4510);
#3758=AXIS2_PLACEMENT_3D('',#5719,#4511,#4512);
#3759=AXIS2_PLACEMENT_3D('',#5722,#4514,#4515);
#3760=AXIS2_PLACEMENT_3D('',#5723,#4516,#4517);
#3761=AXIS2_PLACEMENT_3D('',#5724,#4518,#4519);
#3762=AXIS2_PLACEMENT_3D('',#5726,#4520,#4521);
#3763=AXIS2_PLACEMENT_3D('',#5729,#4523,#4524);
#3764=AXIS2_PLACEMENT_3D('',#5730,#4525,#4526);
#3765=AXIS2_PLACEMENT_3D('',#5731,#4527,#4528);
#3766=AXIS2_PLACEMENT_3D('',#5733,#4529,#4530);
#3767=AXIS2_PLACEMENT_3D('',#5736,#4532,#4533);
#3768=AXIS2_PLACEMENT_3D('',#5737,#4534,#4535);
#3769=AXIS2_PLACEMENT_3D('',#5738,#4536,#4537);
#3770=AXIS2_PLACEMENT_3D('',#5740,#4538,#4539);
#3771=AXIS2_PLACEMENT_3D('',#5743,#4541,#4542);
#3772=AXIS2_PLACEMENT_3D('',#5744,#4543,#4544);
#3773=AXIS2_PLACEMENT_3D('',#5745,#4545,#4546);
#3774=AXIS2_PLACEMENT_3D('',#5747,#4547,#4548);
#3775=AXIS2_PLACEMENT_3D('',#5750,#4550,#4551);
#3776=AXIS2_PLACEMENT_3D('',#5751,#4552,#4553);
#3777=AXIS2_PLACEMENT_3D('',#5752,#4554,#4555);
#3778=AXIS2_PLACEMENT_3D('',#5754,#4556,#4557);
#3779=AXIS2_PLACEMENT_3D('',#5757,#4559,#4560);
#3780=AXIS2_PLACEMENT_3D('',#5758,#4561,#4562);
#3781=AXIS2_PLACEMENT_3D('',#5759,#4563,#4564);
#3782=AXIS2_PLACEMENT_3D('',#5761,#4565,#4566);
#3783=AXIS2_PLACEMENT_3D('',#5764,#4568,#4569);
#3784=AXIS2_PLACEMENT_3D('',#5765,#4570,#4571);
#3785=AXIS2_PLACEMENT_3D('',#5766,#4572,#4573);
#3786=AXIS2_PLACEMENT_3D('',#5768,#4574,#4575);
#3787=AXIS2_PLACEMENT_3D('',#5771,#4577,#4578);
#3788=AXIS2_PLACEMENT_3D('',#5772,#4579,#4580);
#3789=AXIS2_PLACEMENT_3D('',#5773,#4581,#4582);
#3790=AXIS2_PLACEMENT_3D('',#5775,#4583,#4584);
#3791=AXIS2_PLACEMENT_3D('',#5778,#4586,#4587);
#3792=AXIS2_PLACEMENT_3D('',#5779,#4588,#4589);
#3793=AXIS2_PLACEMENT_3D('',#5780,#4590,#4591);
#3794=AXIS2_PLACEMENT_3D('',#5782,#4592,#4593);
#3795=AXIS2_PLACEMENT_3D('',#5785,#4595,#4596);
#3796=AXIS2_PLACEMENT_3D('',#5786,#4597,#4598);
#3797=AXIS2_PLACEMENT_3D('',#5787,#4599,#4600);
#3798=AXIS2_PLACEMENT_3D('',#5789,#4601,#4602);
#3799=AXIS2_PLACEMENT_3D('',#5792,#4604,#4605);
#3800=AXIS2_PLACEMENT_3D('',#5793,#4606,#4607);
#3801=AXIS2_PLACEMENT_3D('',#5794,#4608,#4609);
#3802=AXIS2_PLACEMENT_3D('',#5797,#4611,#4612);
#3803=AXIS2_PLACEMENT_3D('',#5798,#4613,#4614);
#3804=AXIS2_PLACEMENT_3D('',#5799,#4615,#4616);
#3805=AXIS2_PLACEMENT_3D('',#5802,#4618,#4619);
#3806=AXIS2_PLACEMENT_3D('',#5803,#4620,#4621);
#3807=AXIS2_PLACEMENT_3D('',#5804,#4622,#4623);
#3808=AXIS2_PLACEMENT_3D('',#5813,#4628,#4629);
#3809=AXIS2_PLACEMENT_3D('',#5815,#4630,#4631);
#3810=AXIS2_PLACEMENT_3D('',#5818,#4633,#4634);
#3811=AXIS2_PLACEMENT_3D('',#5819,#4635,#4636);
#3812=AXIS2_PLACEMENT_3D('',#5825,#4640,#4641);
#3813=AXIS2_PLACEMENT_3D('',#5826,#4642,#4643);
#3814=AXIS2_PLACEMENT_3D('',#5827,#4644,#4645);
#3815=AXIS2_PLACEMENT_3D('',#5828,#4646,#4647);
#3816=AXIS2_PLACEMENT_3D('',#5829,#4648,#4649);
#3817=AXIS2_PLACEMENT_3D('',#5838,#4654,#4655);
#3818=AXIS2_PLACEMENT_3D('',#5840,#4656,#4657);
#3819=AXIS2_PLACEMENT_3D('',#5843,#4659,#4660);
#3820=AXIS2_PLACEMENT_3D('',#5844,#4661,#4662);
#3821=AXIS2_PLACEMENT_3D('',#5850,#4666,#4667);
#3822=AXIS2_PLACEMENT_3D('',#5851,#4668,#4669);
#3823=AXIS2_PLACEMENT_3D('',#5852,#4670,#4671);
#3824=AXIS2_PLACEMENT_3D('',#5853,#4672,#4673);
#3825=AXIS2_PLACEMENT_3D('',#5854,#4674,#4675);
#3826=AXIS2_PLACEMENT_3D('',#5863,#4680,#4681);
#3827=AXIS2_PLACEMENT_3D('',#5865,#4682,#4683);
#3828=AXIS2_PLACEMENT_3D('',#5868,#4685,#4686);
#3829=AXIS2_PLACEMENT_3D('',#5869,#4687,#4688);
#3830=AXIS2_PLACEMENT_3D('',#5875,#4692,#4693);
#3831=AXIS2_PLACEMENT_3D('',#5876,#4694,#4695);
#3832=AXIS2_PLACEMENT_3D('',#5877,#4696,#4697);
#3833=AXIS2_PLACEMENT_3D('',#5878,#4698,#4699);
#3834=AXIS2_PLACEMENT_3D('',#5879,#4700,#4701);
#3835=AXIS2_PLACEMENT_3D('',#5882,#4702,#4703);
#3836=AXIS2_PLACEMENT_3D('',#5886,#4705,#4706);
#3837=AXIS2_PLACEMENT_3D('',#5888,#4708,#4709);
#3838=AXIS2_PLACEMENT_3D('',#5889,#4710,#4711);
#3839=AXIS2_PLACEMENT_3D('',#5890,#4712,#4713);
#3840=AXIS2_PLACEMENT_3D('',#5891,#4714,#4715);
#3841=AXIS2_PLACEMENT_3D('',#5892,#4716,#4717);
#3842=AXIS2_PLACEMENT_3D('',#5895,#4718,#4719);
#3843=AXIS2_PLACEMENT_3D('',#5899,#4721,#4722);
#3844=AXIS2_PLACEMENT_3D('',#5901,#4724,#4725);
#3845=AXIS2_PLACEMENT_3D('',#5902,#4726,#4727);
#3846=AXIS2_PLACEMENT_3D('',#5903,#4728,#4729);
#3847=AXIS2_PLACEMENT_3D('',#5904,#4730,#4731);
#3848=AXIS2_PLACEMENT_3D('',#5905,#4732,#4733);
#3849=AXIS2_PLACEMENT_3D('',#5908,#4736,#4737);
#3850=AXIS2_PLACEMENT_3D('',#5910,#4739,#4740);
#3851=AXIS2_PLACEMENT_3D('',#5912,#4742,#4743);
#3852=AXIS2_PLACEMENT_3D('',#5914,#4745,#4746);
#3853=AXIS2_PLACEMENT_3D('',#5916,#4748,#4749);
#3854=AXIS2_PLACEMENT_3D('',#5918,#4751,#4752);
#3855=AXIS2_PLACEMENT_3D('',#5920,#4754,#4755);
#3856=AXIS2_PLACEMENT_3D('',#5922,#4757,#4758);
#3857=AXIS2_PLACEMENT_3D('',#5924,#4760,#4761);
#3858=AXIS2_PLACEMENT_3D('',#5926,#4763,#4764);
#3859=AXIS2_PLACEMENT_3D('',#5928,#4766,#4767);
#3860=AXIS2_PLACEMENT_3D('',#5930,#4769,#4770);
#3861=AXIS2_PLACEMENT_3D('',#5932,#4772,#4773);
#3862=AXIS2_PLACEMENT_3D('',#5934,#4775,#4776);
#3863=AXIS2_PLACEMENT_3D('',#5936,#4778,#4779);
#3864=AXIS2_PLACEMENT_3D('',#5938,#4781,#4782);
#3865=AXIS2_PLACEMENT_3D('',#5940,#4784,#4785);
#3866=AXIS2_PLACEMENT_3D('',#5941,#4786,#4787);
#3867=AXIS2_PLACEMENT_3D('',#5943,#4789,#4790);
#3868=AXIS2_PLACEMENT_3D('',#5944,#4791,#4792);
#3869=AXIS2_PLACEMENT_3D('',#5946,#4793,#4794);
#3870=AXIS2_PLACEMENT_3D('',#5948,#4796,#4797);
#3871=AXIS2_PLACEMENT_3D('',#5950,#4798,#4799);
#3872=AXIS2_PLACEMENT_3D('',#5952,#4801,#4802);
#3873=AXIS2_PLACEMENT_3D('',#5954,#4803,#4804);
#3874=AXIS2_PLACEMENT_3D('',#5956,#4806,#4807);
#3875=AXIS2_PLACEMENT_3D('',#5958,#4808,#4809);
#3876=AXIS2_PLACEMENT_3D('',#5960,#4811,#4812);
#3877=AXIS2_PLACEMENT_3D('',#5962,#4813,#4814);
#3878=AXIS2_PLACEMENT_3D('',#5964,#4816,#4817);
#3879=AXIS2_PLACEMENT_3D('',#5966,#4818,#4819);
#3880=AXIS2_PLACEMENT_3D('',#5968,#4821,#4822);
#3881=AXIS2_PLACEMENT_3D('',#5970,#4823,#4824);
#3882=AXIS2_PLACEMENT_3D('',#5972,#4826,#4827);
#3883=AXIS2_PLACEMENT_3D('',#5974,#4828,#4829);
#3884=AXIS2_PLACEMENT_3D('',#5976,#4831,#4832);
#3885=AXIS2_PLACEMENT_3D('',#5978,#4833,#4834);
#3886=AXIS2_PLACEMENT_3D('',#5980,#4836,#4837);
#3887=AXIS2_PLACEMENT_3D('',#5982,#4838,#4839);
#3888=AXIS2_PLACEMENT_3D('',#5984,#4841,#4842);
#3889=AXIS2_PLACEMENT_3D('',#5986,#4843,#4844);
#3890=AXIS2_PLACEMENT_3D('',#5988,#4846,#4847);
#3891=AXIS2_PLACEMENT_3D('',#5990,#4848,#4849);
#3892=AXIS2_PLACEMENT_3D('',#5992,#4851,#4852);
#3893=AXIS2_PLACEMENT_3D('',#5994,#4853,#4854);
#3894=AXIS2_PLACEMENT_3D('',#5996,#4856,#4857);
#3895=AXIS2_PLACEMENT_3D('',#5998,#4858,#4859);
#3896=AXIS2_PLACEMENT_3D('',#6000,#4861,#4862);
#3897=AXIS2_PLACEMENT_3D('',#6002,#4863,#4864);
#3898=AXIS2_PLACEMENT_3D('',#6004,#4866,#4867);
#3899=AXIS2_PLACEMENT_3D('',#6006,#4868,#4869);
#3900=AXIS2_PLACEMENT_3D('',#6008,#4871,#4872);
#3901=AXIS2_PLACEMENT_3D('',#6010,#4873,#4874);
#3902=AXIS2_PLACEMENT_3D('',#6012,#4876,#4877);
#3903=AXIS2_PLACEMENT_3D('',#6014,#4878,#4879);
#3904=AXIS2_PLACEMENT_3D('',#6017,#4882,#4883);
#3905=AXIS2_PLACEMENT_3D('',#6021,#4886,#4887);
#3906=AXIS2_PLACEMENT_3D('',#6025,#4890,#4891);
#3907=AXIS2_PLACEMENT_3D('',#6027,#4892,#4893);
#3908=AXIS2_PLACEMENT_3D('',#6029,#4895,#4896);
#3909=AXIS2_PLACEMENT_3D('',#6031,#4897,#4898);
#3910=AXIS2_PLACEMENT_3D('',#6033,#4900,#4901);
#3911=AXIS2_PLACEMENT_3D('',#6035,#4902,#4903);
#3912=AXIS2_PLACEMENT_3D('',#6037,#4905,#4906);
#3913=AXIS2_PLACEMENT_3D('',#6039,#4907,#4908);
#3914=AXIS2_PLACEMENT_3D('',#6041,#4910,#4911);
#3915=AXIS2_PLACEMENT_3D('',#6043,#4912,#4913);
#3916=AXIS2_PLACEMENT_3D('',#6045,#4915,#4916);
#3917=AXIS2_PLACEMENT_3D('',#6047,#4917,#4918);
#3918=AXIS2_PLACEMENT_3D('',#6049,#4920,#4921);
#3919=AXIS2_PLACEMENT_3D('',#6053,#4924,#4925);
#3920=AXIS2_PLACEMENT_3D('',#6055,#4926,#4927);
#3921=AXIS2_PLACEMENT_3D('',#6057,#4929,#4930);
#3922=AXIS2_PLACEMENT_3D('',#6059,#4931,#4932);
#3923=AXIS2_PLACEMENT_3D('',#6061,#4934,#4935);
#3924=AXIS2_PLACEMENT_3D('',#6065,#4938,#4939);
#3925=AXIS2_PLACEMENT_3D('',#6069,#4942,#4943);
#3926=AXIS2_PLACEMENT_3D('',#6073,#4946,#4947);
#3927=AXIS2_PLACEMENT_3D('',#6075,#4948,#4949);
#3928=AXIS2_PLACEMENT_3D('',#6077,#4951,#4952);
#3929=AXIS2_PLACEMENT_3D('',#6081,#4955,#4956);
#3930=AXIS2_PLACEMENT_3D('',#6083,#4957,#4958);
#3931=AXIS2_PLACEMENT_3D('',#6085,#4960,#4961);
#3932=AXIS2_PLACEMENT_3D('',#6089,#4964,#4965);
#3933=AXIS2_PLACEMENT_3D('',#6093,#4968,#4969);
#3934=AXIS2_PLACEMENT_3D('',#6097,#4972,#4973);
#3935=AXIS2_PLACEMENT_3D('',#6101,#4976,#4977);
#3936=AXIS2_PLACEMENT_3D('',#6103,#4978,#4979);
#3937=AXIS2_PLACEMENT_3D('',#6105,#4981,#4982);
#3938=AXIS2_PLACEMENT_3D('',#6107,#4983,#4984);
#3939=AXIS2_PLACEMENT_3D('',#6109,#4986,#4987);
#3940=AXIS2_PLACEMENT_3D('',#6113,#4990,#4991);
#3941=AXIS2_PLACEMENT_3D('',#6117,#4994,#4995);
#3942=AXIS2_PLACEMENT_3D('',#6121,#4998,#4999);
#3943=AXIS2_PLACEMENT_3D('',#6123,#5000,#5001);
#3944=AXIS2_PLACEMENT_3D('',#6125,#5003,#5004);
#3945=AXIS2_PLACEMENT_3D('',#6127,#5005,#5006);
#3946=AXIS2_PLACEMENT_3D('',#6129,#5008,#5009);
#3947=AXIS2_PLACEMENT_3D('',#6131,#5010,#5011);
#3948=AXIS2_PLACEMENT_3D('',#6133,#5013,#5014);
#3949=AXIS2_PLACEMENT_3D('',#6135,#5015,#5016);
#3950=AXIS2_PLACEMENT_3D('',#6137,#5018,#5019);
#3951=AXIS2_PLACEMENT_3D('',#6139,#5020,#5021);
#3952=AXIS2_PLACEMENT_3D('',#6141,#5023,#5024);
#3953=AXIS2_PLACEMENT_3D('',#6143,#5025,#5026);
#3954=AXIS2_PLACEMENT_3D('',#6145,#5028,#5029);
#3955=AXIS2_PLACEMENT_3D('',#6147,#5030,#5031);
#3956=AXIS2_PLACEMENT_3D('',#6149,#5033,#5034);
#3957=AXIS2_PLACEMENT_3D('',#6151,#5035,#5036);
#3958=AXIS2_PLACEMENT_3D('',#6153,#5038,#5039);
#3959=AXIS2_PLACEMENT_3D('',#6155,#5040,#5041);
#3960=AXIS2_PLACEMENT_3D('',#6157,#5043,#5044);
#3961=AXIS2_PLACEMENT_3D('',#6159,#5045,#5046);
#3962=AXIS2_PLACEMENT_3D('',#6161,#5048,#5049);
#3963=AXIS2_PLACEMENT_3D('',#6163,#5050,#5051);
#3964=AXIS2_PLACEMENT_3D('',#6165,#5053,#5054);
#3965=AXIS2_PLACEMENT_3D('',#6167,#5055,#5056);
#3966=AXIS2_PLACEMENT_3D('',#6169,#5058,#5059);
#3967=AXIS2_PLACEMENT_3D('',#6171,#5060,#5061);
#3968=AXIS2_PLACEMENT_3D('',#6173,#5063,#5064);
#3969=AXIS2_PLACEMENT_3D('',#6175,#5065,#5066);
#3970=AXIS2_PLACEMENT_3D('',#6177,#5068,#5069);
#3971=AXIS2_PLACEMENT_3D('',#6179,#5070,#5071);
#3972=AXIS2_PLACEMENT_3D('',#6181,#5073,#5074);
#3973=AXIS2_PLACEMENT_3D('',#6183,#5075,#5076);
#3974=AXIS2_PLACEMENT_3D('',#6185,#5078,#5079);
#3975=AXIS2_PLACEMENT_3D('',#6187,#5080,#5081);
#3976=AXIS2_PLACEMENT_3D('',#6189,#5083,#5084);
#3977=AXIS2_PLACEMENT_3D('',#6191,#5085,#5086);
#3978=AXIS2_PLACEMENT_3D('',#6193,#5088,#5089);
#3979=AXIS2_PLACEMENT_3D('',#6194,#5090,#5091);
#3980=AXIS2_PLACEMENT_3D('',#6195,#5092,#5093);
#3981=AXIS2_PLACEMENT_3D('',#6197,#5094,#5095);
#3982=AXIS2_PLACEMENT_3D('',#6199,#5097,#5098);
#3983=AXIS2_PLACEMENT_3D('',#6200,#5099,#5100);
#3984=AXIS2_PLACEMENT_3D('',#6201,#5101,#5102);
#3985=AXIS2_PLACEMENT_3D('',#6203,#5104,#5105);
#3986=AXIS2_PLACEMENT_3D('',#6205,#5107,#5108);
#3987=AXIS2_PLACEMENT_3D('',#6207,#5110,#5111);
#3988=AXIS2_PLACEMENT_3D('',#6209,#5113,#5114);
#3989=AXIS2_PLACEMENT_3D('',#6211,#5116,#5117);
#3990=AXIS2_PLACEMENT_3D('',#6213,#5119,#5120);
#3991=AXIS2_PLACEMENT_3D('',#6215,#5122,#5123);
#3992=AXIS2_PLACEMENT_3D('',#6217,#5125,#5126);
#3993=AXIS2_PLACEMENT_3D('',#6219,#5128,#5129);
#3994=AXIS2_PLACEMENT_3D('',#6221,#5131,#5132);
#3995=AXIS2_PLACEMENT_3D('',#6223,#5134,#5135);
#3996=AXIS2_PLACEMENT_3D('',#6225,#5137,#5138);
#3997=AXIS2_PLACEMENT_3D('',#6227,#5140,#5141);
#3998=AXIS2_PLACEMENT_3D('',#6229,#5143,#5144);
#3999=AXIS2_PLACEMENT_3D('',#6231,#5146,#5147);
#4000=AXIS2_PLACEMENT_3D('',#6233,#5149,#5150);
#4001=AXIS2_PLACEMENT_3D('',#6235,#5152,#5153);
#4002=AXIS2_PLACEMENT_3D('',#6237,#5155,#5156);
#4003=AXIS2_PLACEMENT_3D('',#6238,#5157,#5158);
#4004=AXIS2_PLACEMENT_3D('',#6241,#5159,#5160);
#4005=AXIS2_PLACEMENT_3D('',#6245,#5162,#5163);
#4006=AXIS2_PLACEMENT_3D('',#6247,#5165,#5166);
#4007=AXIS2_PLACEMENT_3D('',#6248,#5167,#5168);
#4008=AXIS2_PLACEMENT_3D('',#6249,#5169,#5170);
#4009=AXIS2_PLACEMENT_3D('',#6250,#5171,#5172);
#4010=AXIS2_PLACEMENT_3D('',#6251,#5173,#5174);
#4011=AXIS2_PLACEMENT_3D('',#6252,#5175,#5176);
#4012=AXIS2_PLACEMENT_3D('',#6253,#5177,#5178);
#4013=AXIS2_PLACEMENT_3D('',#6254,#5179,#5180);
#4014=AXIS2_PLACEMENT_3D('',#6263,#5185,#5186);
#4015=AXIS2_PLACEMENT_3D('',#6264,#5187,#5188);
#4016=AXIS2_PLACEMENT_3D('',#6265,#5189,#5190);
#4017=AXIS2_PLACEMENT_3D('',#6266,#5191,#5192);
#4018=AXIS2_PLACEMENT_3D('',#6267,#5193,#5194);
#4019=AXIS2_PLACEMENT_3D('',#6276,#5199,#5200);
#4020=AXIS2_PLACEMENT_3D('',#6277,#5201,#5202);
#4021=AXIS2_PLACEMENT_3D('',#6279,#5204,#5205);
#4022=AXIS2_PLACEMENT_3D('',#6280,#5206,#5207);
#4023=AXIS2_PLACEMENT_3D('',#6281,#5208,#5209);
#4024=AXIS2_PLACEMENT_3D('',#6283,#5210,#5211);
#4025=AXIS2_PLACEMENT_3D('',#6285,#5212,#5213);
#4026=AXIS2_PLACEMENT_3D('',#6287,#5215,#5216);
#4027=AXIS2_PLACEMENT_3D('',#6293,#5220,#5221);
#4028=AXIS2_PLACEMENT_3D('',#6297,#5225,#5226);
#4029=AXIS2_PLACEMENT_3D('',#6298,#5227,#5228);
#4030=AXIS2_PLACEMENT_3D('',#6304,#5232,#5233);
#4031=AXIS2_PLACEMENT_3D('',#6305,#5234,#5235);
#4032=AXIS2_PLACEMENT_3D('',#6306,#5236,#5237);
#4033=AXIS2_PLACEMENT_3D('',#6307,#5238,#5239);
#4034=AXIS2_PLACEMENT_3D('',#6308,#5240,#5241);
#4035=AXIS2_PLACEMENT_3D('',#6311,#5242,#5243);
#4036=AXIS2_PLACEMENT_3D('',#6315,#5245,#5246);
#4037=AXIS2_PLACEMENT_3D('',#6317,#5248,#5249);
#4038=AXIS2_PLACEMENT_3D('',#6318,#5250,#5251);
#4039=AXIS2_PLACEMENT_3D('',#6319,#5252,#5253);
#4040=AXIS2_PLACEMENT_3D('',#6320,#5254,#5255);
#4041=AXIS2_PLACEMENT_3D('',#6321,#5256,#5257);
#4042=AXIS2_PLACEMENT_3D('',#6323,#5258,#5259);
#4043=AXIS2_PLACEMENT_3D('',#6326,#5261,#5262);
#4044=AXIS2_PLACEMENT_3D('',#6327,#5263,#5264);
#4045=AXIS2_PLACEMENT_3D('',#6328,#5265,#5266);
#4046=DIRECTION('axis',(0.,0.,1.));
#4047=DIRECTION('refdir',(1.,0.,0.));
#4048=DIRECTION('center_axis',(0.,0.,-1.));
#4049=DIRECTION('ref_axis',(-1.,0.,0.));
#4050=DIRECTION('center_axis',(0.,0.,-1.));
#4051=DIRECTION('ref_axis',(-1.,0.,0.));
#4052=DIRECTION('',(0.,0.,-1.));
#4053=DIRECTION('center_axis',(0.,0.,-1.));
#4054=DIRECTION('ref_axis',(-1.,0.,0.));
#4055=DIRECTION('center_axis',(0.,0.,1.));
#4056=DIRECTION('ref_axis',(1.,0.,0.));
#4057=DIRECTION('center_axis',(0.,0.,1.));
#4058=DIRECTION('ref_axis',(1.,0.,0.));
#4059=DIRECTION('center_axis',(0.,0.,1.));
#4060=DIRECTION('ref_axis',(1.,0.,0.));
#4061=DIRECTION('center_axis',(0.,0.,1.));
#4062=DIRECTION('ref_axis',(1.,0.,0.));
#4063=DIRECTION('',(0.,0.,1.));
#4064=DIRECTION('center_axis',(0.,0.,1.));
#4065=DIRECTION('ref_axis',(1.,0.,0.));
#4066=DIRECTION('center_axis',(0.,0.,1.));
#4067=DIRECTION('ref_axis',(1.,0.,0.));
#4068=DIRECTION('center_axis',(0.,0.,1.));
#4069=DIRECTION('ref_axis',(1.,0.,0.));
#4070=DIRECTION('center_axis',(0.,0.,1.));
#4071=DIRECTION('ref_axis',(1.,0.,0.));
#4072=DIRECTION('',(0.,0.,1.));
#4073=DIRECTION('center_axis',(0.,0.,-1.));
#4074=DIRECTION('ref_axis',(1.,0.,0.));
#4075=DIRECTION('center_axis',(0.,0.,1.));
#4076=DIRECTION('ref_axis',(1.,0.,0.));
#4077=DIRECTION('center_axis',(0.,0.,1.));
#4078=DIRECTION('ref_axis',(1.,0.,0.));
#4079=DIRECTION('',(0.,0.,1.));
#4080=DIRECTION('center_axis',(0.,0.,-1.));
#4081=DIRECTION('ref_axis',(1.,0.,0.));
#4082=DIRECTION('center_axis',(0.,0.,1.));
#4083=DIRECTION('ref_axis',(1.,0.,0.));
#4084=DIRECTION('center_axis',(0.,0.,1.));
#4085=DIRECTION('ref_axis',(1.,0.,0.));
#4086=DIRECTION('',(0.,0.,1.));
#4087=DIRECTION('center_axis',(0.,0.,1.));
#4088=DIRECTION('ref_axis',(1.,0.,0.));
#4089=DIRECTION('',(0.,0.,-1.));
#4090=DIRECTION('center_axis',(0.,0.,1.));
#4091=DIRECTION('ref_axis',(1.,0.,0.));
#4092=DIRECTION('',(0.,0.,1.));
#4093=DIRECTION('center_axis',(0.,0.,1.));
#4094=DIRECTION('ref_axis',(1.,0.,0.));
#4095=DIRECTION('',(0.,0.,-1.));
#4096=DIRECTION('center_axis',(0.,0.,1.));
#4097=DIRECTION('ref_axis',(1.,0.,0.));
#4098=DIRECTION('',(0.,0.,1.));
#4099=DIRECTION('center_axis',(0.,0.,1.));
#4100=DIRECTION('ref_axis',(1.,0.,0.));
#4101=DIRECTION('',(0.,0.,1.));
#4102=DIRECTION('center_axis',(0.,0.,-1.));
#4103=DIRECTION('ref_axis',(1.,0.,0.));
#4104=DIRECTION('center_axis',(0.,0.,1.));
#4105=DIRECTION('ref_axis',(1.,0.,0.));
#4106=DIRECTION('center_axis',(0.,0.,1.));
#4107=DIRECTION('ref_axis',(1.,0.,0.));
#4108=DIRECTION('',(0.,0.,-1.));
#4109=DIRECTION('center_axis',(0.,0.,1.));
#4110=DIRECTION('ref_axis',(1.,0.,0.));
#4111=DIRECTION('',(0.,0.,1.));
#4112=DIRECTION('center_axis',(0.,0.,-1.));
#4113=DIRECTION('ref_axis',(1.,0.,0.));
#4114=DIRECTION('center_axis',(0.,0.,1.));
#4115=DIRECTION('ref_axis',(1.,0.,0.));
#4116=DIRECTION('',(0.,0.,1.));
#4117=DIRECTION('center_axis',(0.,0.,1.));
#4118=DIRECTION('ref_axis',(1.,0.,0.));
#4119=DIRECTION('',(0.,0.,-1.));
#4120=DIRECTION('center_axis',(0.,0.,1.));
#4121=DIRECTION('ref_axis',(1.,0.,0.));
#4122=DIRECTION('',(0.,0.,1.));
#4123=DIRECTION('center_axis',(0.,0.,1.));
#4124=DIRECTION('ref_axis',(1.,0.,0.));
#4125=DIRECTION('center_axis',(0.,0.,1.));
#4126=DIRECTION('ref_axis',(1.,0.,0.));
#4127=DIRECTION('',(0.,0.,1.));
#4128=DIRECTION('center_axis',(0.,0.,1.));
#4129=DIRECTION('ref_axis',(1.,0.,0.));
#4130=DIRECTION('',(0.,0.,1.));
#4131=DIRECTION('center_axis',(0.,0.,-1.));
#4132=DIRECTION('ref_axis',(1.,0.,0.));
#4133=DIRECTION('center_axis',(0.,0.,1.));
#4134=DIRECTION('ref_axis',(1.,0.,0.));
#4135=DIRECTION('',(0.,0.,-1.));
#4136=DIRECTION('center_axis',(0.,0.,1.));
#4137=DIRECTION('ref_axis',(1.,0.,0.));
#4138=DIRECTION('',(0.,0.,1.));
#4139=DIRECTION('center_axis',(0.,0.,1.));
#4140=DIRECTION('ref_axis',(1.,0.,0.));
#4141=DIRECTION('',(0.,0.,-1.));
#4142=DIRECTION('center_axis',(0.,0.,1.));
#4143=DIRECTION('ref_axis',(1.,0.,0.));
#4144=DIRECTION('center_axis',(0.,0.,1.));
#4145=DIRECTION('ref_axis',(0.99372452993786,-0.111855078560516,0.));
#4146=DIRECTION('center_axis',(0.,0.,-1.));
#4147=DIRECTION('ref_axis',(0.99372452993786,-0.111855078560516,0.));
#4148=DIRECTION('',(0.,0.,1.));
#4149=DIRECTION('center_axis',(0.,0.,-1.));
#4150=DIRECTION('ref_axis',(0.99372452993786,-0.111855078560516,0.));
#4151=DIRECTION('center_axis',(0.,0.,1.));
#4152=DIRECTION('ref_axis',(0.99372452993786,-0.111855078560516,0.));
#4153=DIRECTION('center_axis',(0.,0.,-1.));
#4154=DIRECTION('ref_axis',(0.99372452993786,-0.111855078560516,0.));
#4155=DIRECTION('',(0.,0.,1.));
#4156=DIRECTION('center_axis',(0.,0.,-1.));
#4157=DIRECTION('ref_axis',(0.99372452993786,-0.111855078560516,0.));
#4158=DIRECTION('center_axis',(0.,0.,1.));
#4159=DIRECTION('ref_axis',(0.738509275209395,-0.674243316933653,0.));
#4160=DIRECTION('center_axis',(0.,0.,1.));
#4161=DIRECTION('ref_axis',(0.738509275209395,-0.674243316933653,0.));
#4162=DIRECTION('',(0.,0.,1.));
#4163=DIRECTION('center_axis',(0.,0.,1.));
#4164=DIRECTION('ref_axis',(0.738509275209395,-0.674243316933653,0.));
#4165=DIRECTION('center_axis',(0.,0.,1.));
#4166=DIRECTION('ref_axis',(0.265820062480044,0.964022662795386,0.));
#4167=DIRECTION('center_axis',(0.,0.,-1.));
#4168=DIRECTION('ref_axis',(0.265820062480044,0.964022662795386,0.));
#4169=DIRECTION('center_axis',(0.,0.,-1.));
#4170=DIRECTION('ref_axis',(0.265820062480044,0.964022662795386,0.));
#4171=DIRECTION('center_axis',(0.,0.,1.));
#4172=DIRECTION('ref_axis',(0.265820062480044,0.964022662795386,0.));
#4173=DIRECTION('center_axis',(0.,0.,-1.));
#4174=DIRECTION('ref_axis',(0.265820062480044,0.964022662795386,0.));
#4175=DIRECTION('',(0.,0.,1.));
#4176=DIRECTION('center_axis',(0.,0.,-1.));
#4177=DIRECTION('ref_axis',(0.265820062480044,0.964022662795386,0.));
#4178=DIRECTION('center_axis',(0.,0.,1.));
#4179=DIRECTION('ref_axis',(-0.49418748092026,0.869355355249904,0.));
#4180=DIRECTION('center_axis',(0.,0.,1.));
#4181=DIRECTION('ref_axis',(-0.49418748092026,0.869355355249904,0.));
#4182=DIRECTION('',(0.,0.,1.));
#4183=DIRECTION('center_axis',(0.,0.,1.));
#4184=DIRECTION('ref_axis',(-0.49418748092026,0.869355355249904,0.));
#4185=DIRECTION('center_axis',(0.,0.,1.));
#4186=DIRECTION('ref_axis',(-0.550525414176205,-0.834818404412671,0.));
#4187=DIRECTION('center_axis',(0.,0.,-1.));
#4188=DIRECTION('ref_axis',(-0.550525414176205,-0.834818404412671,0.));
#4189=DIRECTION('',(0.,0.,1.));
#4190=DIRECTION('center_axis',(0.,0.,-1.));
#4191=DIRECTION('ref_axis',(-0.550525414176205,-0.834818404412671,0.));
#4192=DIRECTION('center_axis',(0.,0.,1.));
#4193=DIRECTION('ref_axis',(1.,0.,0.));
#4194=DIRECTION('center_axis',(0.,0.,1.));
#4195=DIRECTION('ref_axis',(-0.550501923206546,-0.834833895182685,0.));
#4196=DIRECTION('center_axis',(0.,0.,1.));
#4197=DIRECTION('ref_axis',(-0.550501923206546,-0.834833895182685,0.));
#4198=DIRECTION('center_axis',(0.,0.,1.));
#4199=DIRECTION('ref_axis',(-0.910628451663542,0.413226116092463,0.));
#4200=DIRECTION('center_axis',(0.,0.,1.));
#4201=DIRECTION('ref_axis',(0.265792201161021,0.964030344855378,0.));
#4202=DIRECTION('center_axis',(0.,0.,1.));
#4203=DIRECTION('ref_axis',(0.993728990528904,-0.111815443398512,0.));
#4204=DIRECTION('center_axis',(0.,0.,1.));
#4205=DIRECTION('ref_axis',(0.374454382162093,-0.927245337372804,0.));
#4206=DIRECTION('center_axis',(0.,0.,1.));
#4207=DIRECTION('ref_axis',(-0.713040384488174,-0.70112296360122,0.));
#4208=DIRECTION('center_axis',(0.,0.,1.));
#4209=DIRECTION('ref_axis',(-0.920374512452521,0.391038050357999,0.));
#4210=DIRECTION('center_axis',(0.,0.,1.));
#4211=DIRECTION('ref_axis',(0.00864746100746199,0.999962610010056,0.));
#4212=DIRECTION('center_axis',(0.,0.,1.));
#4213=DIRECTION('ref_axis',(0.927393406072054,0.374087516998463,0.));
#4214=DIRECTION('center_axis',(0.,0.,1.));
#4215=DIRECTION('ref_axis',(0.700800393339097,-0.713357420018721,0.));
#4216=DIRECTION('center_axis',(0.,0.,1.));
#4217=DIRECTION('ref_axis',(-0.39146526207754,-0.92019288662028,0.));
#4218=DIRECTION('center_axis',(0.,0.,1.));
#4219=DIRECTION('ref_axis',(-0.999958385976725,0.00912284576337637,0.));
#4220=DIRECTION('center_axis',(0.,0.,1.));
#4221=DIRECTION('ref_axis',(-0.3736346705365,0.927575944585176,0.));
#4222=DIRECTION('center_axis',(0.,0.,1.));
#4223=DIRECTION('ref_axis',(0.713707968849557,0.700443384721877,0.));
#4224=DIRECTION('center_axis',(0.,0.,1.));
#4225=DIRECTION('ref_axis',(0.919991472180717,-0.39193837668026,0.));
#4226=DIRECTION('center_axis',(0.,0.,1.));
#4227=DIRECTION('ref_axis',(-0.00965011306176735,-0.999953436574871,0.));
#4228=DIRECTION('center_axis',(0.,0.,1.));
#4229=DIRECTION('ref_axis',(-0.927778422981928,-0.373131609287081,0.));
#4230=DIRECTION('center_axis',(0.,0.,1.));
#4231=DIRECTION('ref_axis',(-0.700046112298223,0.714097640842024,0.));
#4232=DIRECTION('center_axis',(0.,0.,1.));
#4233=DIRECTION('ref_axis',(0.392465211726273,0.919766849579094,0.));
#4234=DIRECTION('center_axis',(0.,0.,1.));
#4235=DIRECTION('ref_axis',(0.999947361514882,-0.0102603216044216,0.));
#4236=DIRECTION('center_axis',(0.,0.,-1.));
#4237=DIRECTION('ref_axis',(-0.999947361514882,0.0102603216044209,0.));
#4238=DIRECTION('center_axis',(0.,0.,-1.));
#4239=DIRECTION('ref_axis',(0.999947361514882,-0.0102603216044216,0.));
#4240=DIRECTION('center_axis',(0.,0.,-1.));
#4241=DIRECTION('ref_axis',(0.392465899167578,0.919766556247065,0.));
#4242=DIRECTION('center_axis',(0.,0.,-1.));
#4243=DIRECTION('ref_axis',(-0.700030782508234,0.714112668660142,0.));
#4244=DIRECTION('center_axis',(0.,0.,-1.));
#4245=DIRECTION('ref_axis',(-0.927778700280322,-0.373130919793785,0.));
#4246=DIRECTION('center_axis',(0.,0.,-1.));
#4247=DIRECTION('ref_axis',(-0.00967100179569712,-0.99995323476864,0.));
#4248=DIRECTION('center_axis',(0.,0.,-1.));
#4249=DIRECTION('ref_axis',(0.919991182984757,-0.3919390555052,0.));
#4250=DIRECTION('center_axis',(0.,0.,-1.));
#4251=DIRECTION('ref_axis',(0.71372221721784,0.700428866231005,0.));
#4252=DIRECTION('center_axis',(0.,0.,-1.));
#4253=DIRECTION('ref_axis',(-0.373633991823084,0.927576217975832,0.));
#4254=DIRECTION('center_axis',(0.,0.,-1.));
#4255=DIRECTION('ref_axis',(-0.999958204945454,0.00914266713085325,0.));
#4256=DIRECTION('center_axis',(0.,0.,-1.));
#4257=DIRECTION('ref_axis',(-0.391465929108276,-0.920192602854095,0.));
#4258=DIRECTION('center_axis',(0.,0.,-1.));
#4259=DIRECTION('ref_axis',(0.700786605532902,-0.713370964860271,0.));
#4260=DIRECTION('center_axis',(0.,0.,-1.));
#4261=DIRECTION('ref_axis',(0.927393674491221,0.374086851564809,0.));
#4262=DIRECTION('center_axis',(0.,0.,-1.));
#4263=DIRECTION('ref_axis',(0.0086663176238742,0.999962446764298,0.));
#4264=DIRECTION('center_axis',(0.,0.,-1.));
#4265=DIRECTION('ref_axis',(-0.920374234903184,0.39103870361689,0.));
#4266=DIRECTION('center_axis',(0.,0.,-1.));
#4267=DIRECTION('ref_axis',(-0.71305329127904,-0.701109837183967,0.));
#4268=DIRECTION('center_axis',(0.,0.,-1.));
#4269=DIRECTION('ref_axis',(0.37445445103956,-0.92724530955765,0.));
#4270=DIRECTION('center_axis',(0.,0.,1.));
#4271=DIRECTION('ref_axis',(1.,0.,0.));
#4272=DIRECTION('center_axis',(0.,0.,1.));
#4273=DIRECTION('ref_axis',(1.,0.,0.));
#4274=DIRECTION('center_axis',(0.,0.,1.));
#4275=DIRECTION('ref_axis',(1.,0.,0.));
#4276=DIRECTION('center_axis',(0.,0.,1.));
#4277=DIRECTION('ref_axis',(1.,0.,0.));
#4278=DIRECTION('center_axis',(0.,0.,1.));
#4279=DIRECTION('ref_axis',(1.,0.,0.));
#4280=DIRECTION('center_axis',(0.,0.,-1.));
#4281=DIRECTION('ref_axis',(-0.910616668218242,0.413252082345761,0.));
#4282=DIRECTION('center_axis',(0.,0.,-1.));
#4283=DIRECTION('ref_axis',(-0.550525414176205,-0.834818404412671,0.));
#4284=DIRECTION('center_axis',(0.,0.,-1.));
#4285=DIRECTION('ref_axis',(0.738490549593593,-0.674263826822226,0.));
#4286=DIRECTION('center_axis',(0.,0.,-1.));
#4287=DIRECTION('ref_axis',(0.78142365985561,0.624000852417578,0.));
#4288=DIRECTION('center_axis',(0.,0.,-1.));
#4289=DIRECTION('ref_axis',(-0.494163949723907,0.869368731202858,0.));
#4290=DIRECTION('center_axis',(0.,0.,-1.));
#4291=DIRECTION('ref_axis',(-0.935935229931581,-0.35217218142965,0.));
#4292=DIRECTION('center_axis',(0.,0.,-1.));
#4293=DIRECTION('ref_axis',(0.201517103460277,-0.979484995807991,0.));
#4294=DIRECTION('center_axis',(0.,0.,-1.));
#4295=DIRECTION('ref_axis',(0.998945872839355,0.0459036288023062,0.));
#4296=DIRECTION('center_axis',(0.,0.,-1.));
#4297=DIRECTION('ref_axis',(0.11084109151042,0.993838141969194,0.));
#4298=DIRECTION('center_axis',(0.,0.,-1.));
#4299=DIRECTION('ref_axis',(-0.963830741726269,0.266515105206799,0.));
#4300=DIRECTION('center_axis',(0.,0.,-1.));
#4301=DIRECTION('ref_axis',(-0.782100674353328,-0.623152096342514,0.));
#4302=DIRECTION('center_axis',(0.,0.,-1.));
#4303=DIRECTION('ref_axis',(0.0444966085267326,-0.999009535404752,0.));
#4304=DIRECTION('center_axis',(0.,0.,-1.));
#4305=DIRECTION('ref_axis',(0.835194044886019,-0.549955368540876,0.));
#4306=DIRECTION('center_axis',(0.,0.,-1.));
#4307=DIRECTION('ref_axis',(0.700719592462133,0.713436789589451,0.));
#4308=DIRECTION('center_axis',(0.,0.,-1.));
#4309=DIRECTION('ref_axis',(-0.00904360907058897,0.999959105731319,0.));
#4310=DIRECTION('center_axis',(0.,0.,-1.));
#4311=DIRECTION('ref_axis',(-0.713508069498897,0.700647011525745,0.));
#4312=DIRECTION('center_axis',(0.,0.,-1.));
#4313=DIRECTION('ref_axis',(-0.999958192522759,-0.00914402573356483,0.));
#4314=DIRECTION('center_axis',(0.,0.,-1.));
#4315=DIRECTION('ref_axis',(-0.700576272627513,-0.713577526433772,0.));
#4316=DIRECTION('center_axis',(0.,0.,-1.));
#4317=DIRECTION('ref_axis',(0.0092419003602751,-0.99995729272691,0.));
#4318=DIRECTION('center_axis',(0.,0.,-1.));
#4319=DIRECTION('ref_axis',(-0.117007784760463,0.993130997555433,0.));
#4320=DIRECTION('',(0.683471479013009,0.729977217025141,0.));
#4321=DIRECTION('',(0.66854017558372,0.743676027333468,0.));
#4322=DIRECTION('center_axis',(0.,0.,1.));
#4323=DIRECTION('ref_axis',(0.424281568040564,-0.905530314799588,0.));
#4324=DIRECTION('center_axis',(0.,0.,1.));
#4325=DIRECTION('ref_axis',(-0.0859415919947536,-0.996300177037728,0.));
#4326=DIRECTION('center_axis',(0.,0.,1.));
#4327=DIRECTION('ref_axis',(-0.95313238282824,-0.302553566834305,0.));
#4328=DIRECTION('center_axis',(0.,0.,-1.));
#4329=DIRECTION('ref_axis',(0.772685327751546,-0.63478924398377,0.));
#4330=DIRECTION('center_axis',(0.,0.,-1.));
#4331=DIRECTION('ref_axis',(0.944911705516738,-0.327325325597409,0.));
#4332=DIRECTION('center_axis',(0.,0.,-1.));
#4333=DIRECTION('ref_axis',(0.772685327751546,-0.63478924398377,0.));
#4334=DIRECTION('',(0.174609215121342,-0.984637812596444,0.));
#4335=DIRECTION('center_axis',(0.,0.,1.));
#4336=DIRECTION('ref_axis',(-0.818930092458235,0.573893285956846,0.));
#4337=DIRECTION('center_axis',(0.,0.,1.));
#4338=DIRECTION('ref_axis',(0.21438847852981,0.976748473392036,0.));
#4339=DIRECTION('',(-0.941734906335687,0.336356011078908,0.));
#4340=DIRECTION('',(-0.937626230861124,0.34764500744461,0.));
#4341=DIRECTION('',(-0.924483868394308,0.381221165570192,0.));
#4342=DIRECTION('center_axis',(0.,0.,-1.));
#4343=DIRECTION('ref_axis',(-0.646135830976774,-0.763222436729918,0.));
#4344=DIRECTION('',(-0.951277782430311,0.308335175830571,0.));
#4345=DIRECTION('center_axis',(0.,0.,-1.));
#4346=DIRECTION('ref_axis',(-0.646135830976774,-0.763222436729918,0.));
#4347=DIRECTION('',(-0.981198325990135,0.193002189298872,0.));
#4348=DIRECTION('',(-0.987071082441135,0.160283118913021,0.));
#4349=DIRECTION('',(-0.983165202817894,0.18271886593357,0.));
#4350=DIRECTION('',(-0.983102810289058,0.18305426627576,0.));
#4351=DIRECTION('center_axis',(0.,0.,1.));
#4352=DIRECTION('ref_axis',(0.41392094391445,0.910312832046748,0.));
#4353=DIRECTION('center_axis',(0.,0.,1.));
#4354=DIRECTION('ref_axis',(-0.646135830976773,-0.763222436729919,0.));
#4355=DIRECTION('',(-0.98688749927215,0.161409614894412,0.));
#4356=DIRECTION('',(-0.983102810289034,0.183054266275889,0.));
#4357=DIRECTION('',(-0.986251911572034,0.16524880308344,0.));
#4358=DIRECTION('center_axis',(0.,0.,1.));
#4359=DIRECTION('ref_axis',(0.413890100159906,0.910326856128953,0.));
#4360=DIRECTION('center_axis',(0.,0.,1.));
#4361=DIRECTION('ref_axis',(0.699639048237336,0.714496467578081,0.));
#4362=DIRECTION('center_axis',(0.,0.,1.));
#4363=DIRECTION('ref_axis',(0.999956551151712,0.00932179214387273,0.));
#4364=DIRECTION('center_axis',(0.,0.,1.));
#4365=DIRECTION('ref_axis',(0.713634276274658,-0.700518464942891,0.));
#4366=DIRECTION('center_axis',(0.,0.,1.));
#4367=DIRECTION('ref_axis',(0.00922616470794281,-0.999957438036631,0.));
#4368=DIRECTION('center_axis',(0.,0.,1.));
#4369=DIRECTION('ref_axis',(-0.700587574196516,-0.713566430601554,0.));
#4370=DIRECTION('center_axis',(0.,0.,1.));
#4371=DIRECTION('ref_axis',(-0.99995833816105,-0.00912808535185212,0.));
#4372=DIRECTION('center_axis',(0.,0.,1.));
#4373=DIRECTION('ref_axis',(-0.713496827229309,0.700658459974408,0.));
#4374=DIRECTION('center_axis',(0.,0.,1.));
#4375=DIRECTION('ref_axis',(-0.00902745855238928,0.999959251665829,0.));
#4376=DIRECTION('center_axis',(0.,0.,1.));
#4377=DIRECTION('ref_axis',(0.700731561346109,0.713425033856707,0.));
#4378=DIRECTION('center_axis',(0.,0.,1.));
#4379=DIRECTION('ref_axis',(0.835205226802149,-0.549938386660152,0.));
#4380=DIRECTION('center_axis',(0.,0.,1.));
#4381=DIRECTION('ref_axis',(0.0444965534332879,-0.999009537858653,0.));
#4382=DIRECTION('center_axis',(0.,0.,1.));
#4383=DIRECTION('ref_axis',(-0.782100709559934,-0.62315205215569,0.));
#4384=DIRECTION('center_axis',(0.,0.,1.));
#4385=DIRECTION('ref_axis',(-0.963830873093638,0.266514630126668,0.));
#4386=DIRECTION('center_axis',(0.,0.,1.));
#4387=DIRECTION('ref_axis',(0.110815491999241,0.993840996705693,0.));
#4388=DIRECTION('center_axis',(0.,0.,1.));
#4389=DIRECTION('ref_axis',(0.998944675629738,0.0459296748409724,0.));
#4390=DIRECTION('center_axis',(0.,0.,1.));
#4391=DIRECTION('ref_axis',(0.201542958492687,-0.979479676094413,0.));
#4392=DIRECTION('center_axis',(0.,0.,1.));
#4393=DIRECTION('ref_axis',(-0.935925816827269,-0.352197196746665,0.));
#4394=DIRECTION('center_axis',(0.,0.,1.));
#4395=DIRECTION('ref_axis',(-0.49418748092026,0.869355355249904,0.));
#4396=DIRECTION('center_axis',(0.,0.,1.));
#4397=DIRECTION('ref_axis',(1.,0.,0.));
#4398=DIRECTION('center_axis',(0.,0.,1.));
#4399=DIRECTION('ref_axis',(0.781406552394736,0.624022275142941,0.));
#4400=DIRECTION('center_axis',(0.,0.,1.));
#4401=DIRECTION('ref_axis',(0.738509275209395,-0.674243316933653,0.));
#4402=DIRECTION('center_axis',(0.,0.,1.));
#4403=DIRECTION('ref_axis',(1.,0.,0.));
#4404=DIRECTION('center_axis',(0.,0.,-1.));
#4405=DIRECTION('ref_axis',(0.37445445103956,-0.92724530955765,0.));
#4406=DIRECTION('center_axis',(0.,0.,-1.));
#4407=DIRECTION('ref_axis',(-0.71305329127904,-0.701109837183967,0.));
#4408=DIRECTION('center_axis',(0.,0.,-1.));
#4409=DIRECTION('ref_axis',(-0.920374234903184,0.39103870361689,0.));
#4410=DIRECTION('center_axis',(0.,0.,-1.));
#4411=DIRECTION('ref_axis',(0.0086663176238742,0.999962446764298,0.));
#4412=DIRECTION('center_axis',(0.,0.,-1.));
#4413=DIRECTION('ref_axis',(0.927393674491221,0.374086851564809,0.));
#4414=DIRECTION('center_axis',(0.,0.,-1.));
#4415=DIRECTION('ref_axis',(0.700786605532902,-0.713370964860271,0.));
#4416=DIRECTION('center_axis',(0.,0.,-1.));
#4417=DIRECTION('ref_axis',(-0.391465929108276,-0.920192602854095,0.));
#4418=DIRECTION('center_axis',(0.,0.,-1.));
#4419=DIRECTION('ref_axis',(-0.999958204945454,0.00914266713085325,0.));
#4420=DIRECTION('center_axis',(0.,0.,-1.));
#4421=DIRECTION('ref_axis',(-0.373633991823084,0.927576217975832,0.));
#4422=DIRECTION('center_axis',(0.,0.,-1.));
#4423=DIRECTION('ref_axis',(0.71372221721784,0.700428866231005,0.));
#4424=DIRECTION('center_axis',(0.,0.,-1.));
#4425=DIRECTION('ref_axis',(0.919991182984757,-0.3919390555052,0.));
#4426=DIRECTION('center_axis',(0.,0.,-1.));
#4427=DIRECTION('ref_axis',(-0.00967100179569712,-0.99995323476864,0.));
#4428=DIRECTION('center_axis',(0.,0.,-1.));
#4429=DIRECTION('ref_axis',(-0.927778700280322,-0.373130919793785,0.));
#4430=DIRECTION('center_axis',(0.,0.,-1.));
#4431=DIRECTION('ref_axis',(-0.700030782508234,0.714112668660142,0.));
#4432=DIRECTION('center_axis',(0.,0.,-1.));
#4433=DIRECTION('ref_axis',(0.392465899167578,0.919766556247065,0.));
#4434=DIRECTION('center_axis',(0.,0.,-1.));
#4435=DIRECTION('ref_axis',(0.999947361514882,-0.0102603216044216,0.));
#4436=DIRECTION('center_axis',(0.,0.,-1.));
#4437=DIRECTION('ref_axis',(-0.999947361514882,0.0102603216044209,0.));
#4438=DIRECTION('center_axis',(0.,0.,1.));
#4439=DIRECTION('ref_axis',(0.999947361514882,-0.0102603216044216,0.));
#4440=DIRECTION('center_axis',(0.,0.,1.));
#4441=DIRECTION('ref_axis',(0.392465211726273,0.919766849579094,0.));
#4442=DIRECTION('center_axis',(0.,0.,1.));
#4443=DIRECTION('ref_axis',(-0.700046112298223,0.714097640842024,0.));
#4444=DIRECTION('center_axis',(0.,0.,1.));
#4445=DIRECTION('ref_axis',(-0.927778422981928,-0.373131609287081,0.));
#4446=DIRECTION('center_axis',(0.,0.,1.));
#4447=DIRECTION('ref_axis',(-0.00965011306176735,-0.999953436574871,0.));
#4448=DIRECTION('center_axis',(0.,0.,1.));
#4449=DIRECTION('ref_axis',(0.919991472180717,-0.39193837668026,0.));
#4450=DIRECTION('center_axis',(0.,0.,1.));
#4451=DIRECTION('ref_axis',(0.713707968849557,0.700443384721877,0.));
#4452=DIRECTION('center_axis',(0.,0.,1.));
#4453=DIRECTION('ref_axis',(-0.3736346705365,0.927575944585176,0.));
#4454=DIRECTION('center_axis',(0.,0.,1.));
#4455=DIRECTION('ref_axis',(-0.999958385976725,0.00912284576337637,0.));
#4456=DIRECTION('center_axis',(0.,0.,1.));
#4457=DIRECTION('ref_axis',(-0.39146526207754,-0.92019288662028,0.));
#4458=DIRECTION('center_axis',(0.,0.,1.));
#4459=DIRECTION('ref_axis',(0.700800393339097,-0.713357420018721,0.));
#4460=DIRECTION('center_axis',(0.,0.,1.));
#4461=DIRECTION('ref_axis',(0.927393406072054,0.374087516998463,0.));
#4462=DIRECTION('center_axis',(0.,0.,1.));
#4463=DIRECTION('ref_axis',(0.00864746100746199,0.999962610010056,0.));
#4464=DIRECTION('center_axis',(0.,0.,1.));
#4465=DIRECTION('ref_axis',(-0.920374512452521,0.391038050357999,0.));
#4466=DIRECTION('center_axis',(0.,0.,1.));
#4467=DIRECTION('ref_axis',(-0.713040384488174,-0.70112296360122,0.));
#4468=DIRECTION('center_axis',(0.,0.,1.));
#4469=DIRECTION('ref_axis',(0.374454382162093,-0.927245337372804,0.));
#4470=DIRECTION('center_axis',(0.,0.,1.));
#4471=DIRECTION('ref_axis',(0.993728990528904,-0.111815443398512,0.));
#4472=DIRECTION('center_axis',(0.,0.,1.));
#4473=DIRECTION('ref_axis',(0.265792201161021,0.964030344855378,0.));
#4474=DIRECTION('center_axis',(0.,0.,1.));
#4475=DIRECTION('ref_axis',(-0.910628451663542,0.413226116092463,0.));
#4476=DIRECTION('center_axis',(0.,0.,1.));
#4477=DIRECTION('ref_axis',(-0.550501923206546,-0.834833895182685,0.));
#4478=DIRECTION('center_axis',(0.,0.,-1.));
#4479=DIRECTION('ref_axis',(-0.550525414176205,-0.834818404412671,0.));
#4480=DIRECTION('center_axis',(0.,0.,-1.));
#4481=DIRECTION('ref_axis',(-0.910616668218242,0.413252082345761,0.));
#4482=DIRECTION('center_axis',(0.,0.,1.));
#4483=DIRECTION('ref_axis',(-0.550501923206546,-0.834833895182685,0.));
#4484=DIRECTION('center_axis',(0.,0.,1.));
#4485=DIRECTION('ref_axis',(-0.550501923206546,-0.834833895182685,0.));
#4486=DIRECTION('center_axis',(0.,0.,1.));
#4487=DIRECTION('ref_axis',(1.,0.,0.));
#4488=DIRECTION('',(0.,0.,1.));
#4489=DIRECTION('center_axis',(0.,0.,1.));
#4490=DIRECTION('ref_axis',(1.,0.,0.));
#4491=DIRECTION('center_axis',(0.,0.,1.));
#4492=DIRECTION('ref_axis',(1.,0.,0.));
#4493=DIRECTION('center_axis',(0.,0.,1.));
#4494=DIRECTION('ref_axis',(1.,0.,0.));
#4495=DIRECTION('',(0.,0.,1.));
#4496=DIRECTION('center_axis',(0.,0.,1.));
#4497=DIRECTION('ref_axis',(1.,0.,0.));
#4498=DIRECTION('center_axis',(0.,0.,1.));
#4499=DIRECTION('ref_axis',(1.,0.,0.));
#4500=DIRECTION('center_axis',(0.,0.,1.));
#4501=DIRECTION('ref_axis',(1.,0.,0.));
#4502=DIRECTION('center_axis',(0.,0.,1.));
#4503=DIRECTION('ref_axis',(1.,0.,0.));
#4504=DIRECTION('',(0.,0.,1.));
#4505=DIRECTION('center_axis',(0.,0.,1.));
#4506=DIRECTION('ref_axis',(1.,0.,0.));
#4507=DIRECTION('center_axis',(0.,0.,1.));
#4508=DIRECTION('ref_axis',(1.,0.,0.));
#4509=DIRECTION('center_axis',(0.,0.,1.));
#4510=DIRECTION('ref_axis',(1.,0.,0.));
#4511=DIRECTION('center_axis',(0.,0.,1.));
#4512=DIRECTION('ref_axis',(1.,0.,0.));
#4513=DIRECTION('',(0.,0.,1.));
#4514=DIRECTION('center_axis',(0.,0.,1.));
#4515=DIRECTION('ref_axis',(1.,0.,0.));
#4516=DIRECTION('center_axis',(0.,0.,1.));
#4517=DIRECTION('ref_axis',(1.,0.,0.));
#4518=DIRECTION('center_axis',(0.,0.,1.));
#4519=DIRECTION('ref_axis',(1.,0.,0.));
#4520=DIRECTION('center_axis',(0.,0.,1.));
#4521=DIRECTION('ref_axis',(1.,0.,0.));
#4522=DIRECTION('',(0.,0.,1.));
#4523=DIRECTION('center_axis',(0.,0.,1.));
#4524=DIRECTION('ref_axis',(1.,0.,0.));
#4525=DIRECTION('center_axis',(0.,0.,1.));
#4526=DIRECTION('ref_axis',(1.,0.,0.));
#4527=DIRECTION('center_axis',(0.,0.,1.));
#4528=DIRECTION('ref_axis',(1.,0.,0.));
#4529=DIRECTION('center_axis',(0.,0.,1.));
#4530=DIRECTION('ref_axis',(1.,0.,0.));
#4531=DIRECTION('',(0.,0.,1.));
#4532=DIRECTION('center_axis',(0.,0.,1.));
#4533=DIRECTION('ref_axis',(1.,0.,0.));
#4534=DIRECTION('center_axis',(0.,0.,1.));
#4535=DIRECTION('ref_axis',(1.,0.,0.));
#4536=DIRECTION('center_axis',(0.,0.,1.));
#4537=DIRECTION('ref_axis',(1.,0.,0.));
#4538=DIRECTION('center_axis',(0.,0.,1.));
#4539=DIRECTION('ref_axis',(1.,0.,0.));
#4540=DIRECTION('',(0.,0.,1.));
#4541=DIRECTION('center_axis',(0.,0.,1.));
#4542=DIRECTION('ref_axis',(1.,0.,0.));
#4543=DIRECTION('center_axis',(0.,0.,1.));
#4544=DIRECTION('ref_axis',(1.,0.,0.));
#4545=DIRECTION('center_axis',(0.,0.,1.));
#4546=DIRECTION('ref_axis',(1.,0.,0.));
#4547=DIRECTION('center_axis',(0.,0.,1.));
#4548=DIRECTION('ref_axis',(1.,0.,0.));
#4549=DIRECTION('',(0.,0.,1.));
#4550=DIRECTION('center_axis',(0.,0.,1.));
#4551=DIRECTION('ref_axis',(1.,0.,0.));
#4552=DIRECTION('center_axis',(0.,0.,1.));
#4553=DIRECTION('ref_axis',(1.,0.,0.));
#4554=DIRECTION('center_axis',(0.,0.,1.));
#4555=DIRECTION('ref_axis',(1.,0.,0.));
#4556=DIRECTION('center_axis',(0.,0.,1.));
#4557=DIRECTION('ref_axis',(1.,0.,0.));
#4558=DIRECTION('',(0.,0.,1.));
#4559=DIRECTION('center_axis',(0.,0.,1.));
#4560=DIRECTION('ref_axis',(1.,0.,0.));
#4561=DIRECTION('center_axis',(0.,0.,1.));
#4562=DIRECTION('ref_axis',(1.,0.,0.));
#4563=DIRECTION('center_axis',(0.,0.,1.));
#4564=DIRECTION('ref_axis',(1.,0.,0.));
#4565=DIRECTION('center_axis',(0.,0.,1.));
#4566=DIRECTION('ref_axis',(1.,0.,0.));
#4567=DIRECTION('',(0.,0.,1.));
#4568=DIRECTION('center_axis',(0.,0.,1.));
#4569=DIRECTION('ref_axis',(1.,0.,0.));
#4570=DIRECTION('center_axis',(0.,0.,1.));
#4571=DIRECTION('ref_axis',(1.,0.,0.));
#4572=DIRECTION('center_axis',(0.,0.,1.));
#4573=DIRECTION('ref_axis',(1.,0.,0.));
#4574=DIRECTION('center_axis',(0.,0.,1.));
#4575=DIRECTION('ref_axis',(1.,0.,0.));
#4576=DIRECTION('',(0.,0.,1.));
#4577=DIRECTION('center_axis',(0.,0.,1.));
#4578=DIRECTION('ref_axis',(1.,0.,0.));
#4579=DIRECTION('center_axis',(0.,0.,1.));
#4580=DIRECTION('ref_axis',(1.,0.,0.));
#4581=DIRECTION('center_axis',(0.,0.,1.));
#4582=DIRECTION('ref_axis',(1.,0.,0.));
#4583=DIRECTION('center_axis',(0.,0.,1.));
#4584=DIRECTION('ref_axis',(1.,0.,0.));
#4585=DIRECTION('',(0.,0.,1.));
#4586=DIRECTION('center_axis',(0.,0.,1.));
#4587=DIRECTION('ref_axis',(1.,0.,0.));
#4588=DIRECTION('center_axis',(0.,0.,1.));
#4589=DIRECTION('ref_axis',(1.,0.,0.));
#4590=DIRECTION('center_axis',(0.,0.,1.));
#4591=DIRECTION('ref_axis',(1.,0.,0.));
#4592=DIRECTION('center_axis',(0.,0.,1.));
#4593=DIRECTION('ref_axis',(1.,0.,0.));
#4594=DIRECTION('',(0.,0.,1.));
#4595=DIRECTION('center_axis',(0.,0.,1.));
#4596=DIRECTION('ref_axis',(1.,0.,0.));
#4597=DIRECTION('center_axis',(0.,0.,1.));
#4598=DIRECTION('ref_axis',(1.,0.,0.));
#4599=DIRECTION('center_axis',(0.,0.,1.));
#4600=DIRECTION('ref_axis',(1.,0.,0.));
#4601=DIRECTION('center_axis',(0.,0.,1.));
#4602=DIRECTION('ref_axis',(1.,0.,0.));
#4603=DIRECTION('',(0.,0.,1.));
#4604=DIRECTION('center_axis',(0.,0.,1.));
#4605=DIRECTION('ref_axis',(1.,0.,0.));
#4606=DIRECTION('center_axis',(0.,0.,1.));
#4607=DIRECTION('ref_axis',(1.,0.,0.));
#4608=DIRECTION('center_axis',(0.,0.,1.));
#4609=DIRECTION('ref_axis',(1.,0.,0.));
#4610=DIRECTION('',(0.,0.,1.));
#4611=DIRECTION('center_axis',(0.,0.,1.));
#4612=DIRECTION('ref_axis',(1.,0.,0.));
#4613=DIRECTION('center_axis',(0.,0.,1.));
#4614=DIRECTION('ref_axis',(1.,0.,0.));
#4615=DIRECTION('center_axis',(0.,0.,1.));
#4616=DIRECTION('ref_axis',(1.,0.,0.));
#4617=DIRECTION('',(0.,0.,1.));
#4618=DIRECTION('center_axis',(0.,0.,1.));
#4619=DIRECTION('ref_axis',(1.,0.,0.));
#4620=DIRECTION('center_axis',(0.,0.,1.));
#4621=DIRECTION('ref_axis',(1.,0.,0.));
#4622=DIRECTION('center_axis',(0.965925831564659,-0.258819025413747,0.));
#4623=DIRECTION('ref_axis',(0.258819025413747,0.965925831564659,0.));
#4624=DIRECTION('',(0.258819025413747,0.965925831564659,0.));
#4625=DIRECTION('',(0.,0.,1.));
#4626=DIRECTION('',(0.258819025413747,0.965925831564659,0.));
#4627=DIRECTION('',(0.,0.,1.));
#4628=DIRECTION('center_axis',(0.,0.,1.));
#4629=DIRECTION('ref_axis',(-0.965925862991078,0.258818908128718,0.));
#4630=DIRECTION('center_axis',(0.,0.,1.));
#4631=DIRECTION('ref_axis',(-0.965925862991078,0.258818908128718,0.));
#4632=DIRECTION('',(0.,0.,1.));
#4633=DIRECTION('center_axis',(0.,0.,1.));
#4634=DIRECTION('ref_axis',(-0.965925862991078,0.258818908128718,0.));
#4635=DIRECTION('center_axis',(-0.965925865917097,0.258818897208661,0.));
#4636=DIRECTION('ref_axis',(-0.258818897208661,-0.965925865917097,0.));
#4637=DIRECTION('',(-0.258818897208661,-0.965925865917097,0.));
#4638=DIRECTION('',(0.,0.,1.));
#4639=DIRECTION('',(-0.258818897208661,-0.965925865917097,0.));
#4640=DIRECTION('center_axis',(0.,0.,1.));
#4641=DIRECTION('ref_axis',(0.96592580249101,-0.258819133918067,0.));
#4642=DIRECTION('center_axis',(0.,0.,1.));
#4643=DIRECTION('ref_axis',(0.96592580249101,-0.258819133918067,0.));
#4644=DIRECTION('center_axis',(0.,0.,1.));
#4645=DIRECTION('ref_axis',(0.96592580249101,-0.258819133918067,0.));
#4646=DIRECTION('center_axis',(0.,0.,1.));
#4647=DIRECTION('ref_axis',(1.,0.,0.));
#4648=DIRECTION('center_axis',(-0.258818897208661,0.965925865917097,0.));
#4649=DIRECTION('ref_axis',(-0.965925865917097,-0.258818897208661,0.));
#4650=DIRECTION('',(-0.965925865917097,-0.258818897208661,0.));
#4651=DIRECTION('',(0.,0.,1.));
#4652=DIRECTION('',(-0.965925865917097,-0.258818897208661,0.));
#4653=DIRECTION('',(0.,0.,1.));
#4654=DIRECTION('center_axis',(0.,0.,1.));
#4655=DIRECTION('ref_axis',(0.258819133918069,-0.96592580249101,0.));
#4656=DIRECTION('center_axis',(0.,0.,1.));
#4657=DIRECTION('ref_axis',(0.258819133918069,-0.96592580249101,0.));
#4658=DIRECTION('',(0.,0.,1.));
#4659=DIRECTION('center_axis',(0.,0.,1.));
#4660=DIRECTION('ref_axis',(0.258819133918069,-0.96592580249101,0.));
#4661=DIRECTION('center_axis',(0.258819025413747,-0.965925831564659,0.));
#4662=DIRECTION('ref_axis',(0.965925831564659,0.258819025413747,0.));
#4663=DIRECTION('',(0.965925831564659,0.258819025413747,0.));
#4664=DIRECTION('',(0.,0.,1.));
#4665=DIRECTION('',(0.965925831564659,0.258819025413747,0.));
#4666=DIRECTION('center_axis',(0.,0.,1.));
#4667=DIRECTION('ref_axis',(-0.258819216562736,0.965925780346426,0.));
#4668=DIRECTION('center_axis',(0.,0.,1.));
#4669=DIRECTION('ref_axis',(-0.258819216562736,0.965925780346426,0.));
#4670=DIRECTION('center_axis',(0.,0.,1.));
#4671=DIRECTION('ref_axis',(-0.258819216562736,0.965925780346426,0.));
#4672=DIRECTION('center_axis',(0.,0.,1.));
#4673=DIRECTION('ref_axis',(1.,0.,0.));
#4674=DIRECTION('center_axis',(-0.707106781186548,-0.707106781186548,0.));
#4675=DIRECTION('ref_axis',(0.707106781186548,-0.707106781186548,0.));
#4676=DIRECTION('',(0.707106781186548,-0.707106781186548,0.));
#4677=DIRECTION('',(0.,0.,1.));
#4678=DIRECTION('',(0.707106781186548,-0.707106781186548,0.));
#4679=DIRECTION('',(0.,0.,1.));
#4680=DIRECTION('center_axis',(0.,0.,1.));
#4681=DIRECTION('ref_axis',(0.707106781186548,0.707106781186548,0.));
#4682=DIRECTION('center_axis',(0.,0.,1.));
#4683=DIRECTION('ref_axis',(0.707106781186548,0.707106781186548,0.));
#4684=DIRECTION('',(0.,0.,1.));
#4685=DIRECTION('center_axis',(0.,0.,1.));
#4686=DIRECTION('ref_axis',(0.707106781186548,0.707106781186548,0.));
#4687=DIRECTION('center_axis',(0.707106781186548,0.707106781186548,0.));
#4688=DIRECTION('ref_axis',(-0.707106781186548,0.707106781186548,0.));
#4689=DIRECTION('',(-0.707106781186548,0.707106781186548,0.));
#4690=DIRECTION('',(0.,0.,1.));
#4691=DIRECTION('',(-0.707106781186548,0.707106781186548,0.));
#4692=DIRECTION('center_axis',(0.,0.,1.));
#4693=DIRECTION('ref_axis',(-0.707106781186548,-0.707106781186548,0.));
#4694=DIRECTION('center_axis',(0.,0.,1.));
#4695=DIRECTION('ref_axis',(-0.707106781186548,-0.707106781186548,0.));
#4696=DIRECTION('center_axis',(0.,0.,1.));
#4697=DIRECTION('ref_axis',(-0.707106781186548,-0.707106781186548,0.));
#4698=DIRECTION('center_axis',(0.,0.,1.));
#4699=DIRECTION('ref_axis',(1.,0.,0.));
#4700=DIRECTION('center_axis',(0.,0.,1.));
#4701=DIRECTION('ref_axis',(0.326358368675237,0.945246113557542,0.));
#4702=DIRECTION('center_axis',(0.,0.,-1.));
#4703=DIRECTION('ref_axis',(0.326358368675237,0.945246113557542,0.));
#4704=DIRECTION('',(0.,0.,1.));
#4705=DIRECTION('center_axis',(0.,0.,-1.));
#4706=DIRECTION('ref_axis',(0.326358368675237,0.945246113557542,0.));
#4707=DIRECTION('',(0.,0.,1.));
#4708=DIRECTION('center_axis',(0.,0.,1.));
#4709=DIRECTION('ref_axis',(0.989258768360016,0.146174858381405,0.));
#4710=DIRECTION('center_axis',(0.,0.,1.));
#4711=DIRECTION('ref_axis',(0.989258768360016,0.146174858381405,0.));
#4712=DIRECTION('center_axis',(0.,0.,1.));
#4713=DIRECTION('ref_axis',(0.989258768360016,0.146174858381405,0.));
#4714=DIRECTION('center_axis',(0.,0.,1.));
#4715=DIRECTION('ref_axis',(1.,0.,0.));
#4716=DIRECTION('center_axis',(0.,0.,1.));
#4717=DIRECTION('ref_axis',(0.944981901959189,-0.327122614579906,0.));
#4718=DIRECTION('center_axis',(0.,0.,-1.));
#4719=DIRECTION('ref_axis',(0.944981901959189,-0.327122614579906,0.));
#4720=DIRECTION('',(0.,0.,1.));
#4721=DIRECTION('center_axis',(0.,0.,-1.));
#4722=DIRECTION('ref_axis',(0.944981901959189,-0.327122614579906,0.));
#4723=DIRECTION('',(0.,0.,1.));
#4724=DIRECTION('center_axis',(0.,0.,1.));
#4725=DIRECTION('ref_axis',(0.772685327751558,-0.634789243983755,0.));
#4726=DIRECTION('center_axis',(0.,0.,1.));
#4727=DIRECTION('ref_axis',(0.772685327751558,-0.634789243983755,0.));
#4728=DIRECTION('center_axis',(0.,0.,1.));
#4729=DIRECTION('ref_axis',(0.772685327751558,-0.634789243983755,0.));
#4730=DIRECTION('center_axis',(0.,0.,1.));
#4731=DIRECTION('ref_axis',(1.,0.,0.));
#4732=DIRECTION('center_axis',(0.,0.,1.));
#4733=DIRECTION('ref_axis',(0.999947361514882,-0.0102603216044216,0.));
#4734=DIRECTION('',(0.,0.,1.));
#4735=DIRECTION('',(0.,0.,1.));
#4736=DIRECTION('center_axis',(0.,0.,1.));
#4737=DIRECTION('ref_axis',(-0.999947361514882,0.0102603216044209,0.));
#4738=DIRECTION('',(0.,0.,1.));
#4739=DIRECTION('center_axis',(0.,0.,1.));
#4740=DIRECTION('ref_axis',(0.999947361514882,-0.0102603216044216,0.));
#4741=DIRECTION('',(0.,0.,1.));
#4742=DIRECTION('center_axis',(0.,0.,1.));
#4743=DIRECTION('ref_axis',(0.392465899167578,0.919766556247065,0.));
#4744=DIRECTION('',(0.,0.,1.));
#4745=DIRECTION('center_axis',(0.,0.,1.));
#4746=DIRECTION('ref_axis',(-0.700030782508234,0.714112668660142,0.));
#4747=DIRECTION('',(0.,0.,1.));
#4748=DIRECTION('center_axis',(0.,0.,1.));
#4749=DIRECTION('ref_axis',(-0.927778700280322,-0.373130919793785,0.));
#4750=DIRECTION('',(0.,0.,1.));
#4751=DIRECTION('center_axis',(0.,0.,1.));
#4752=DIRECTION('ref_axis',(-0.00967100179569712,-0.99995323476864,0.));
#4753=DIRECTION('',(0.,0.,1.));
#4754=DIRECTION('center_axis',(0.,0.,1.));
#4755=DIRECTION('ref_axis',(0.919991182984757,-0.3919390555052,0.));
#4756=DIRECTION('',(0.,0.,1.));
#4757=DIRECTION('center_axis',(0.,0.,1.));
#4758=DIRECTION('ref_axis',(0.71372221721784,0.700428866231005,0.));
#4759=DIRECTION('',(0.,0.,1.));
#4760=DIRECTION('center_axis',(0.,0.,1.));
#4761=DIRECTION('ref_axis',(-0.373633991823084,0.927576217975832,0.));
#4762=DIRECTION('',(0.,0.,1.));
#4763=DIRECTION('center_axis',(0.,0.,1.));
#4764=DIRECTION('ref_axis',(-0.999958204945454,0.00914266713085325,0.));
#4765=DIRECTION('',(0.,0.,1.));
#4766=DIRECTION('center_axis',(0.,0.,1.));
#4767=DIRECTION('ref_axis',(-0.391465929108276,-0.920192602854095,0.));
#4768=DIRECTION('',(0.,0.,1.));
#4769=DIRECTION('center_axis',(0.,0.,1.));
#4770=DIRECTION('ref_axis',(0.700786605532902,-0.713370964860271,0.));
#4771=DIRECTION('',(0.,0.,1.));
#4772=DIRECTION('center_axis',(0.,0.,1.));
#4773=DIRECTION('ref_axis',(0.927393674491221,0.374086851564809,0.));
#4774=DIRECTION('',(0.,0.,1.));
#4775=DIRECTION('center_axis',(0.,0.,1.));
#4776=DIRECTION('ref_axis',(0.0086663176238742,0.999962446764298,0.));
#4777=DIRECTION('',(0.,0.,1.));
#4778=DIRECTION('center_axis',(0.,0.,1.));
#4779=DIRECTION('ref_axis',(-0.920374234903184,0.39103870361689,0.));
#4780=DIRECTION('',(0.,0.,1.));
#4781=DIRECTION('center_axis',(0.,0.,1.));
#4782=DIRECTION('ref_axis',(-0.71305329127904,-0.701109837183967,0.));
#4783=DIRECTION('',(0.,0.,1.));
#4784=DIRECTION('center_axis',(0.,0.,1.));
#4785=DIRECTION('ref_axis',(0.37445445103956,-0.92724530955765,0.));
#4786=DIRECTION('center_axis',(0.,0.,1.));
#4787=DIRECTION('ref_axis',(-0.910616668218242,0.413252082345761,0.));
#4788=DIRECTION('',(0.,0.,1.));
#4789=DIRECTION('center_axis',(0.,0.,1.));
#4790=DIRECTION('ref_axis',(-0.550525414176205,-0.834818404412671,0.));
#4791=DIRECTION('center_axis',(0.,0.,1.));
#4792=DIRECTION('ref_axis',(0.738490549593593,-0.674263826822226,0.));
#4793=DIRECTION('center_axis',(0.,0.,-1.));
#4794=DIRECTION('ref_axis',(0.738490549593593,-0.674263826822226,0.));
#4795=DIRECTION('',(0.,0.,1.));
#4796=DIRECTION('center_axis',(0.,0.,1.));
#4797=DIRECTION('ref_axis',(0.78142365985561,0.624000852417578,0.));
#4798=DIRECTION('center_axis',(0.,0.,-1.));
#4799=DIRECTION('ref_axis',(0.78142365985561,0.624000852417578,0.));
#4800=DIRECTION('',(0.,0.,1.));
#4801=DIRECTION('center_axis',(0.,0.,1.));
#4802=DIRECTION('ref_axis',(-0.494163949723907,0.869368731202858,0.));
#4803=DIRECTION('center_axis',(0.,0.,-1.));
#4804=DIRECTION('ref_axis',(-0.494163949723907,0.869368731202858,0.));
#4805=DIRECTION('',(0.,0.,1.));
#4806=DIRECTION('center_axis',(0.,0.,1.));
#4807=DIRECTION('ref_axis',(-0.935935229931581,-0.35217218142965,0.));
#4808=DIRECTION('center_axis',(0.,0.,-1.));
#4809=DIRECTION('ref_axis',(-0.935935229931581,-0.35217218142965,0.));
#4810=DIRECTION('',(0.,0.,1.));
#4811=DIRECTION('center_axis',(0.,0.,1.));
#4812=DIRECTION('ref_axis',(0.201517103460277,-0.979484995807991,0.));
#4813=DIRECTION('center_axis',(0.,0.,-1.));
#4814=DIRECTION('ref_axis',(0.201517103460277,-0.979484995807991,0.));
#4815=DIRECTION('',(0.,0.,1.));
#4816=DIRECTION('center_axis',(0.,0.,1.));
#4817=DIRECTION('ref_axis',(0.998945872839355,0.0459036288023062,0.));
#4818=DIRECTION('center_axis',(0.,0.,-1.));
#4819=DIRECTION('ref_axis',(0.998945872839355,0.0459036288023062,0.));
#4820=DIRECTION('',(0.,0.,1.));
#4821=DIRECTION('center_axis',(0.,0.,1.));
#4822=DIRECTION('ref_axis',(0.11084109151042,0.993838141969194,0.));
#4823=DIRECTION('center_axis',(0.,0.,-1.));
#4824=DIRECTION('ref_axis',(0.11084109151042,0.993838141969194,0.));
#4825=DIRECTION('',(0.,0.,1.));
#4826=DIRECTION('center_axis',(0.,0.,1.));
#4827=DIRECTION('ref_axis',(-0.963830741726269,0.266515105206799,0.));
#4828=DIRECTION('center_axis',(0.,0.,-1.));
#4829=DIRECTION('ref_axis',(-0.963830741726269,0.266515105206799,0.));
#4830=DIRECTION('',(0.,0.,1.));
#4831=DIRECTION('center_axis',(0.,0.,1.));
#4832=DIRECTION('ref_axis',(-0.782100674353328,-0.623152096342514,0.));
#4833=DIRECTION('center_axis',(0.,0.,-1.));
#4834=DIRECTION('ref_axis',(-0.782100674353328,-0.623152096342514,0.));
#4835=DIRECTION('',(0.,0.,1.));
#4836=DIRECTION('center_axis',(0.,0.,1.));
#4837=DIRECTION('ref_axis',(0.0444966085267326,-0.999009535404752,0.));
#4838=DIRECTION('center_axis',(0.,0.,-1.));
#4839=DIRECTION('ref_axis',(0.0444966085267326,-0.999009535404752,0.));
#4840=DIRECTION('',(0.,0.,1.));
#4841=DIRECTION('center_axis',(0.,0.,1.));
#4842=DIRECTION('ref_axis',(0.835194044886019,-0.549955368540876,0.));
#4843=DIRECTION('center_axis',(0.,0.,-1.));
#4844=DIRECTION('ref_axis',(0.835194044886019,-0.549955368540876,0.));
#4845=DIRECTION('',(0.,0.,1.));
#4846=DIRECTION('center_axis',(0.,0.,1.));
#4847=DIRECTION('ref_axis',(0.700719592462133,0.713436789589451,0.));
#4848=DIRECTION('center_axis',(0.,0.,-1.));
#4849=DIRECTION('ref_axis',(0.700719592462133,0.713436789589451,0.));
#4850=DIRECTION('',(0.,0.,1.));
#4851=DIRECTION('center_axis',(0.,0.,1.));
#4852=DIRECTION('ref_axis',(-0.00904360907058897,0.999959105731319,0.));
#4853=DIRECTION('center_axis',(0.,0.,-1.));
#4854=DIRECTION('ref_axis',(-0.00904360907058897,0.999959105731319,0.));
#4855=DIRECTION('',(0.,0.,1.));
#4856=DIRECTION('center_axis',(0.,0.,1.));
#4857=DIRECTION('ref_axis',(-0.713508069498897,0.700647011525745,0.));
#4858=DIRECTION('center_axis',(0.,0.,-1.));
#4859=DIRECTION('ref_axis',(-0.713508069498897,0.700647011525745,0.));
#4860=DIRECTION('',(0.,0.,1.));
#4861=DIRECTION('center_axis',(0.,0.,1.));
#4862=DIRECTION('ref_axis',(-0.999958192522759,-0.00914402573356483,0.));
#4863=DIRECTION('center_axis',(0.,0.,-1.));
#4864=DIRECTION('ref_axis',(-0.999958192522759,-0.00914402573356483,0.));
#4865=DIRECTION('',(0.,0.,1.));
#4866=DIRECTION('center_axis',(0.,0.,1.));
#4867=DIRECTION('ref_axis',(-0.700576272627513,-0.713577526433772,0.));
#4868=DIRECTION('center_axis',(0.,0.,-1.));
#4869=DIRECTION('ref_axis',(-0.700576272627513,-0.713577526433772,0.));
#4870=DIRECTION('',(0.,0.,1.));
#4871=DIRECTION('center_axis',(0.,0.,1.));
#4872=DIRECTION('ref_axis',(0.0092419003602751,-0.99995729272691,0.));
#4873=DIRECTION('center_axis',(0.,0.,-1.));
#4874=DIRECTION('ref_axis',(0.0092419003602751,-0.99995729272691,0.));
#4875=DIRECTION('',(0.,0.,1.));
#4876=DIRECTION('center_axis',(0.,0.,1.));
#4877=DIRECTION('ref_axis',(-0.117007784760463,0.993130997555433,0.));
#4878=DIRECTION('center_axis',(0.,0.,-1.));
#4879=DIRECTION('ref_axis',(-0.117007784760463,0.993130997555433,0.));
#4880=DIRECTION('',(0.,0.,1.));
#4881=DIRECTION('',(0.,0.,1.));
#4882=DIRECTION('center_axis',(0.729977217025141,-0.683471479013009,0.));
#4883=DIRECTION('ref_axis',(0.683471479013009,0.729977217025141,0.));
#4884=DIRECTION('',(0.683471479013009,0.729977217025141,0.));
#4885=DIRECTION('',(0.,0.,1.));
#4886=DIRECTION('center_axis',(0.743676027333468,-0.66854017558372,0.));
#4887=DIRECTION('ref_axis',(0.66854017558372,0.743676027333468,0.));
#4888=DIRECTION('',(0.66854017558372,0.743676027333468,0.));
#4889=DIRECTION('',(0.,0.,1.));
#4890=DIRECTION('center_axis',(0.,0.,1.));
#4891=DIRECTION('ref_axis',(0.424281568040564,-0.905530314799588,0.));
#4892=DIRECTION('center_axis',(0.,0.,1.));
#4893=DIRECTION('ref_axis',(0.424281568040564,-0.905530314799588,0.));
#4894=DIRECTION('',(0.,0.,1.));
#4895=DIRECTION('center_axis',(0.,0.,1.));
#4896=DIRECTION('ref_axis',(-0.0859415919947536,-0.996300177037728,0.));
#4897=DIRECTION('center_axis',(0.,0.,1.));
#4898=DIRECTION('ref_axis',(-0.0859415919947536,-0.996300177037728,0.));
#4899=DIRECTION('',(0.,0.,1.));
#4900=DIRECTION('center_axis',(0.,0.,1.));
#4901=DIRECTION('ref_axis',(-0.95313238282824,-0.302553566834305,0.));
#4902=DIRECTION('center_axis',(0.,0.,1.));
#4903=DIRECTION('ref_axis',(-0.95313238282824,-0.302553566834305,0.));
#4904=DIRECTION('',(0.,0.,1.));
#4905=DIRECTION('center_axis',(0.,0.,1.));
#4906=DIRECTION('ref_axis',(0.772685327751546,-0.63478924398377,0.));
#4907=DIRECTION('center_axis',(0.,0.,-1.));
#4908=DIRECTION('ref_axis',(0.772685327751546,-0.63478924398377,0.));
#4909=DIRECTION('',(0.,0.,1.));
#4910=DIRECTION('center_axis',(0.,0.,1.));
#4911=DIRECTION('ref_axis',(0.944911705516738,-0.327325325597409,0.));
#4912=DIRECTION('center_axis',(0.,0.,-1.));
#4913=DIRECTION('ref_axis',(0.944911705516738,-0.327325325597409,0.));
#4914=DIRECTION('',(0.,0.,1.));
#4915=DIRECTION('center_axis',(0.,0.,1.));
#4916=DIRECTION('ref_axis',(0.772685327751546,-0.63478924398377,0.));
#4917=DIRECTION('center_axis',(0.,0.,-1.));
#4918=DIRECTION('ref_axis',(0.772685327751546,-0.63478924398377,0.));
#4919=DIRECTION('',(0.,0.,1.));
#4920=DIRECTION('center_axis',(-0.984637812596444,-0.174609215121342,0.));
#4921=DIRECTION('ref_axis',(0.174609215121342,-0.984637812596444,0.));
#4922=DIRECTION('',(0.174609215121342,-0.984637812596444,0.));
#4923=DIRECTION('',(0.,0.,1.));
#4924=DIRECTION('center_axis',(0.,0.,1.));
#4925=DIRECTION('ref_axis',(-0.818930092458235,0.573893285956846,0.));
#4926=DIRECTION('center_axis',(0.,0.,1.));
#4927=DIRECTION('ref_axis',(-0.818930092458235,0.573893285956846,0.));
#4928=DIRECTION('',(0.,0.,1.));
#4929=DIRECTION('center_axis',(0.,0.,1.));
#4930=DIRECTION('ref_axis',(0.21438847852981,0.976748473392036,0.));
#4931=DIRECTION('center_axis',(0.,0.,1.));
#4932=DIRECTION('ref_axis',(0.21438847852981,0.976748473392036,0.));
#4933=DIRECTION('',(0.,0.,1.));
#4934=DIRECTION('center_axis',(0.336356011078908,0.941734906335687,0.));
#4935=DIRECTION('ref_axis',(-0.941734906335687,0.336356011078908,0.));
#4936=DIRECTION('',(-0.941734906335687,0.336356011078908,0.));
#4937=DIRECTION('',(0.,0.,1.));
#4938=DIRECTION('center_axis',(0.34764500744461,0.937626230861124,0.));
#4939=DIRECTION('ref_axis',(-0.937626230861124,0.34764500744461,0.));
#4940=DIRECTION('',(-0.937626230861124,0.34764500744461,0.));
#4941=DIRECTION('',(0.,0.,1.));
#4942=DIRECTION('center_axis',(0.381221165570192,0.924483868394308,0.));
#4943=DIRECTION('ref_axis',(-0.924483868394308,0.381221165570192,0.));
#4944=DIRECTION('',(-0.924483868394308,0.381221165570192,0.));
#4945=DIRECTION('',(0.,0.,1.));
#4946=DIRECTION('center_axis',(0.,0.,1.));
#4947=DIRECTION('ref_axis',(-0.646135830976774,-0.763222436729918,0.));
#4948=DIRECTION('center_axis',(0.,0.,-1.));
#4949=DIRECTION('ref_axis',(-0.646135830976774,-0.763222436729918,0.));
#4950=DIRECTION('',(0.,0.,1.));
#4951=DIRECTION('center_axis',(0.308335175830571,0.951277782430311,0.));
#4952=DIRECTION('ref_axis',(-0.951277782430311,0.308335175830571,0.));
#4953=DIRECTION('',(-0.951277782430311,0.308335175830571,0.));
#4954=DIRECTION('',(0.,0.,1.));
#4955=DIRECTION('center_axis',(0.,0.,1.));
#4956=DIRECTION('ref_axis',(-0.646135830976774,-0.763222436729918,0.));
#4957=DIRECTION('center_axis',(0.,0.,-1.));
#4958=DIRECTION('ref_axis',(-0.646135830976774,-0.763222436729918,0.));
#4959=DIRECTION('',(0.,0.,1.));
#4960=DIRECTION('center_axis',(0.193002189298872,0.981198325990135,0.));
#4961=DIRECTION('ref_axis',(-0.981198325990135,0.193002189298872,0.));
#4962=DIRECTION('',(-0.981198325990135,0.193002189298872,0.));
#4963=DIRECTION('',(0.,0.,1.));
#4964=DIRECTION('center_axis',(0.160283118913021,0.987071082441135,0.));
#4965=DIRECTION('ref_axis',(-0.987071082441135,0.160283118913021,0.));
#4966=DIRECTION('',(-0.987071082441135,0.160283118913021,0.));
#4967=DIRECTION('',(0.,0.,1.));
#4968=DIRECTION('center_axis',(0.18271886593357,0.983165202817894,0.));
#4969=DIRECTION('ref_axis',(-0.983165202817894,0.18271886593357,0.));
#4970=DIRECTION('',(-0.983165202817894,0.18271886593357,0.));
#4971=DIRECTION('',(0.,0.,1.));
#4972=DIRECTION('center_axis',(0.18305426627576,0.983102810289058,0.));
#4973=DIRECTION('ref_axis',(-0.983102810289058,0.18305426627576,0.));
#4974=DIRECTION('',(-0.983102810289058,0.18305426627576,0.));
#4975=DIRECTION('',(0.,0.,1.));
#4976=DIRECTION('center_axis',(0.,0.,1.));
#4977=DIRECTION('ref_axis',(0.41392094391445,0.910312832046748,0.));
#4978=DIRECTION('center_axis',(0.,0.,1.));
#4979=DIRECTION('ref_axis',(0.41392094391445,0.910312832046748,0.));
#4980=DIRECTION('',(0.,0.,1.));
#4981=DIRECTION('center_axis',(0.,0.,1.));
#4982=DIRECTION('ref_axis',(-0.646135830976773,-0.763222436729919,0.));
#4983=DIRECTION('center_axis',(0.,0.,1.));
#4984=DIRECTION('ref_axis',(-0.646135830976773,-0.763222436729919,0.));
#4985=DIRECTION('',(0.,0.,1.));
#4986=DIRECTION('center_axis',(0.161409614894412,0.98688749927215,0.));
#4987=DIRECTION('ref_axis',(-0.98688749927215,0.161409614894412,0.));
#4988=DIRECTION('',(-0.98688749927215,0.161409614894412,0.));
#4989=DIRECTION('',(0.,0.,1.));
#4990=DIRECTION('center_axis',(0.183054266275889,0.983102810289034,0.));
#4991=DIRECTION('ref_axis',(-0.983102810289034,0.183054266275889,0.));
#4992=DIRECTION('',(-0.983102810289034,0.183054266275889,0.));
#4993=DIRECTION('',(0.,0.,1.));
#4994=DIRECTION('center_axis',(0.16524880308344,0.986251911572034,0.));
#4995=DIRECTION('ref_axis',(-0.986251911572034,0.16524880308344,0.));
#4996=DIRECTION('',(-0.986251911572034,0.16524880308344,0.));
#4997=DIRECTION('',(0.,0.,1.));
#4998=DIRECTION('center_axis',(0.,0.,1.));
#4999=DIRECTION('ref_axis',(0.413890100159906,0.910326856128953,0.));
#5000=DIRECTION('center_axis',(0.,0.,1.));
#5001=DIRECTION('ref_axis',(0.413890100159906,0.910326856128953,0.));
#5002=DIRECTION('',(0.,0.,1.));
#5003=DIRECTION('center_axis',(0.,0.,1.));
#5004=DIRECTION('ref_axis',(0.699639048237336,0.714496467578081,0.));
#5005=DIRECTION('center_axis',(0.,0.,1.));
#5006=DIRECTION('ref_axis',(0.699639048237336,0.714496467578081,0.));
#5007=DIRECTION('',(0.,0.,1.));
#5008=DIRECTION('center_axis',(0.,0.,1.));
#5009=DIRECTION('ref_axis',(0.999956551151712,0.00932179214387273,0.));
#5010=DIRECTION('center_axis',(0.,0.,1.));
#5011=DIRECTION('ref_axis',(0.999956551151712,0.00932179214387273,0.));
#5012=DIRECTION('',(0.,0.,1.));
#5013=DIRECTION('center_axis',(0.,0.,1.));
#5014=DIRECTION('ref_axis',(0.713634276274658,-0.700518464942891,0.));
#5015=DIRECTION('center_axis',(0.,0.,1.));
#5016=DIRECTION('ref_axis',(0.713634276274658,-0.700518464942891,0.));
#5017=DIRECTION('',(0.,0.,1.));
#5018=DIRECTION('center_axis',(0.,0.,1.));
#5019=DIRECTION('ref_axis',(0.00922616470794281,-0.999957438036631,0.));
#5020=DIRECTION('center_axis',(0.,0.,1.));
#5021=DIRECTION('ref_axis',(0.00922616470794281,-0.999957438036631,0.));
#5022=DIRECTION('',(0.,0.,1.));
#5023=DIRECTION('center_axis',(0.,0.,1.));
#5024=DIRECTION('ref_axis',(-0.700587574196516,-0.713566430601554,0.));
#5025=DIRECTION('center_axis',(0.,0.,1.));
#5026=DIRECTION('ref_axis',(-0.700587574196516,-0.713566430601554,0.));
#5027=DIRECTION('',(0.,0.,1.));
#5028=DIRECTION('center_axis',(0.,0.,1.));
#5029=DIRECTION('ref_axis',(-0.99995833816105,-0.00912808535185212,0.));
#5030=DIRECTION('center_axis',(0.,0.,1.));
#5031=DIRECTION('ref_axis',(-0.99995833816105,-0.00912808535185212,0.));
#5032=DIRECTION('',(0.,0.,1.));
#5033=DIRECTION('center_axis',(0.,0.,1.));
#5034=DIRECTION('ref_axis',(-0.713496827229309,0.700658459974408,0.));
#5035=DIRECTION('center_axis',(0.,0.,1.));
#5036=DIRECTION('ref_axis',(-0.713496827229309,0.700658459974408,0.));
#5037=DIRECTION('',(0.,0.,1.));
#5038=DIRECTION('center_axis',(0.,0.,1.));
#5039=DIRECTION('ref_axis',(-0.00902745855238928,0.999959251665829,0.));
#5040=DIRECTION('center_axis',(0.,0.,1.));
#5041=DIRECTION('ref_axis',(-0.00902745855238928,0.999959251665829,0.));
#5042=DIRECTION('',(0.,0.,1.));
#5043=DIRECTION('center_axis',(0.,0.,1.));
#5044=DIRECTION('ref_axis',(0.700731561346109,0.713425033856707,0.));
#5045=DIRECTION('center_axis',(0.,0.,1.));
#5046=DIRECTION('ref_axis',(0.700731561346109,0.713425033856707,0.));
#5047=DIRECTION('',(0.,0.,1.));
#5048=DIRECTION('center_axis',(0.,0.,1.));
#5049=DIRECTION('ref_axis',(0.835205226802149,-0.549938386660152,0.));
#5050=DIRECTION('center_axis',(0.,0.,1.));
#5051=DIRECTION('ref_axis',(0.835205226802149,-0.549938386660152,0.));
#5052=DIRECTION('',(0.,0.,1.));
#5053=DIRECTION('center_axis',(0.,0.,1.));
#5054=DIRECTION('ref_axis',(0.0444965534332879,-0.999009537858653,0.));
#5055=DIRECTION('center_axis',(0.,0.,1.));
#5056=DIRECTION('ref_axis',(0.0444965534332879,-0.999009537858653,0.));
#5057=DIRECTION('',(0.,0.,1.));
#5058=DIRECTION('center_axis',(0.,0.,1.));
#5059=DIRECTION('ref_axis',(-0.782100709559934,-0.62315205215569,0.));
#5060=DIRECTION('center_axis',(0.,0.,1.));
#5061=DIRECTION('ref_axis',(-0.782100709559934,-0.62315205215569,0.));
#5062=DIRECTION('',(0.,0.,1.));
#5063=DIRECTION('center_axis',(0.,0.,1.));
#5064=DIRECTION('ref_axis',(-0.963830873093638,0.266514630126668,0.));
#5065=DIRECTION('center_axis',(0.,0.,1.));
#5066=DIRECTION('ref_axis',(-0.963830873093638,0.266514630126668,0.));
#5067=DIRECTION('',(0.,0.,1.));
#5068=DIRECTION('center_axis',(0.,0.,1.));
#5069=DIRECTION('ref_axis',(0.110815491999241,0.993840996705693,0.));
#5070=DIRECTION('center_axis',(0.,0.,1.));
#5071=DIRECTION('ref_axis',(0.110815491999241,0.993840996705693,0.));
#5072=DIRECTION('',(0.,0.,1.));
#5073=DIRECTION('center_axis',(0.,0.,1.));
#5074=DIRECTION('ref_axis',(0.998944675629738,0.0459296748409724,0.));
#5075=DIRECTION('center_axis',(0.,0.,1.));
#5076=DIRECTION('ref_axis',(0.998944675629738,0.0459296748409724,0.));
#5077=DIRECTION('',(0.,0.,1.));
#5078=DIRECTION('center_axis',(0.,0.,1.));
#5079=DIRECTION('ref_axis',(0.201542958492687,-0.979479676094413,0.));
#5080=DIRECTION('center_axis',(0.,0.,1.));
#5081=DIRECTION('ref_axis',(0.201542958492687,-0.979479676094413,0.));
#5082=DIRECTION('',(0.,0.,1.));
#5083=DIRECTION('center_axis',(0.,0.,1.));
#5084=DIRECTION('ref_axis',(-0.935925816827269,-0.352197196746665,0.));
#5085=DIRECTION('center_axis',(0.,0.,1.));
#5086=DIRECTION('ref_axis',(-0.935925816827269,-0.352197196746665,0.));
#5087=DIRECTION('',(0.,0.,1.));
#5088=DIRECTION('center_axis',(0.,0.,1.));
#5089=DIRECTION('ref_axis',(-0.49418748092026,0.869355355249904,0.));
#5090=DIRECTION('center_axis',(0.,0.,1.));
#5091=DIRECTION('ref_axis',(-0.49418748092026,0.869355355249904,0.));
#5092=DIRECTION('center_axis',(0.,0.,1.));
#5093=DIRECTION('ref_axis',(0.781406552394736,0.624022275142941,0.));
#5094=DIRECTION('center_axis',(0.,0.,1.));
#5095=DIRECTION('ref_axis',(0.781406552394736,0.624022275142941,0.));
#5096=DIRECTION('',(0.,0.,1.));
#5097=DIRECTION('center_axis',(0.,0.,1.));
#5098=DIRECTION('ref_axis',(0.738509275209395,-0.674243316933653,0.));
#5099=DIRECTION('center_axis',(0.,0.,1.));
#5100=DIRECTION('ref_axis',(0.738509275209395,-0.674243316933653,0.));
#5101=DIRECTION('center_axis',(0.,0.,1.));
#5102=DIRECTION('ref_axis',(-0.550501923206546,-0.834833895182685,0.));
#5103=DIRECTION('',(0.,0.,1.));
#5104=DIRECTION('center_axis',(0.,0.,1.));
#5105=DIRECTION('ref_axis',(-0.910628451663542,0.413226116092463,0.));
#5106=DIRECTION('',(0.,0.,1.));
#5107=DIRECTION('center_axis',(0.,0.,1.));
#5108=DIRECTION('ref_axis',(0.265792201161021,0.964030344855378,0.));
#5109=DIRECTION('',(0.,0.,1.));
#5110=DIRECTION('center_axis',(0.,0.,1.));
#5111=DIRECTION('ref_axis',(0.993728990528904,-0.111815443398512,0.));
#5112=DIRECTION('',(0.,0.,1.));
#5113=DIRECTION('center_axis',(0.,0.,1.));
#5114=DIRECTION('ref_axis',(0.374454382162093,-0.927245337372804,0.));
#5115=DIRECTION('',(0.,0.,1.));
#5116=DIRECTION('center_axis',(0.,0.,1.));
#5117=DIRECTION('ref_axis',(-0.713040384488174,-0.70112296360122,0.));
#5118=DIRECTION('',(0.,0.,1.));
#5119=DIRECTION('center_axis',(0.,0.,1.));
#5120=DIRECTION('ref_axis',(-0.920374512452521,0.391038050357999,0.));
#5121=DIRECTION('',(0.,0.,1.));
#5122=DIRECTION('center_axis',(0.,0.,1.));
#5123=DIRECTION('ref_axis',(0.00864746100746199,0.999962610010056,0.));
#5124=DIRECTION('',(0.,0.,1.));
#5125=DIRECTION('center_axis',(0.,0.,1.));
#5126=DIRECTION('ref_axis',(0.927393406072054,0.374087516998463,0.));
#5127=DIRECTION('',(0.,0.,1.));
#5128=DIRECTION('center_axis',(0.,0.,1.));
#5129=DIRECTION('ref_axis',(0.700800393339097,-0.713357420018721,0.));
#5130=DIRECTION('',(0.,0.,1.));
#5131=DIRECTION('center_axis',(0.,0.,1.));
#5132=DIRECTION('ref_axis',(-0.39146526207754,-0.92019288662028,0.));
#5133=DIRECTION('',(0.,0.,1.));
#5134=DIRECTION('center_axis',(0.,0.,1.));
#5135=DIRECTION('ref_axis',(-0.999958385976725,0.00912284576337637,0.));
#5136=DIRECTION('',(0.,0.,1.));
#5137=DIRECTION('center_axis',(0.,0.,1.));
#5138=DIRECTION('ref_axis',(-0.3736346705365,0.927575944585176,0.));
#5139=DIRECTION('',(0.,0.,1.));
#5140=DIRECTION('center_axis',(0.,0.,1.));
#5141=DIRECTION('ref_axis',(0.713707968849557,0.700443384721877,0.));
#5142=DIRECTION('',(0.,0.,1.));
#5143=DIRECTION('center_axis',(0.,0.,1.));
#5144=DIRECTION('ref_axis',(0.919991472180717,-0.39193837668026,0.));
#5145=DIRECTION('',(0.,0.,1.));
#5146=DIRECTION('center_axis',(0.,0.,1.));
#5147=DIRECTION('ref_axis',(-0.00965011306176735,-0.999953436574871,0.));
#5148=DIRECTION('',(0.,0.,1.));
#5149=DIRECTION('center_axis',(0.,0.,1.));
#5150=DIRECTION('ref_axis',(-0.927778422981928,-0.373131609287081,0.));
#5151=DIRECTION('',(0.,0.,1.));
#5152=DIRECTION('center_axis',(0.,0.,1.));
#5153=DIRECTION('ref_axis',(-0.700046112298223,0.714097640842024,0.));
#5154=DIRECTION('',(0.,0.,1.));
#5155=DIRECTION('center_axis',(0.,0.,1.));
#5156=DIRECTION('ref_axis',(0.392465211726273,0.919766849579094,0.));
#5157=DIRECTION('center_axis',(0.,0.,1.));
#5158=DIRECTION('ref_axis',(0.713645229440894,-0.700507306525959,0.));
#5159=DIRECTION('center_axis',(0.,0.,1.));
#5160=DIRECTION('ref_axis',(0.713645229440894,-0.700507306525959,0.));
#5161=DIRECTION('',(0.,0.,1.));
#5162=DIRECTION('center_axis',(0.,0.,1.));
#5163=DIRECTION('ref_axis',(0.713645229440894,-0.700507306525959,0.));
#5164=DIRECTION('',(0.,0.,1.));
#5165=DIRECTION('center_axis',(0.,0.,1.));
#5166=DIRECTION('ref_axis',(0.0092419003602751,-0.99995729272691,0.));
#5167=DIRECTION('center_axis',(0.,0.,1.));
#5168=DIRECTION('ref_axis',(0.0092419003602751,-0.99995729272691,0.));
#5169=DIRECTION('center_axis',(0.,0.,1.));
#5170=DIRECTION('ref_axis',(0.0092419003602751,-0.99995729272691,0.));
#5171=DIRECTION('center_axis',(0.,0.,1.));
#5172=DIRECTION('ref_axis',(-0.117007784760463,0.993130997555433,0.));
#5173=DIRECTION('center_axis',(0.,0.,1.));
#5174=DIRECTION('ref_axis',(-0.117007784760463,0.993130997555433,0.));
#5175=DIRECTION('center_axis',(0.,0.,1.));
#5176=DIRECTION('ref_axis',(-0.117007784760463,0.993130997555433,0.));
#5177=DIRECTION('center_axis',(0.,0.,1.));
#5178=DIRECTION('ref_axis',(1.,0.,0.));
#5179=DIRECTION('center_axis',(-0.885319257853505,0.464983668179561,0.));
#5180=DIRECTION('ref_axis',(-0.464983668179561,-0.885319257853505,0.));
#5181=DIRECTION('',(-0.464983668179561,-0.885319257853505,0.));
#5182=DIRECTION('',(0.,0.,1.));
#5183=DIRECTION('',(-0.464983668179561,-0.885319257853505,0.));
#5184=DIRECTION('',(0.,0.,1.));
#5185=DIRECTION('center_axis',(0.,0.,1.));
#5186=DIRECTION('ref_axis',(0.772685327751558,-0.634789243983755,0.));
#5187=DIRECTION('center_axis',(0.,0.,1.));
#5188=DIRECTION('ref_axis',(0.772685327751558,-0.634789243983755,0.));
#5189=DIRECTION('center_axis',(0.,0.,1.));
#5190=DIRECTION('ref_axis',(0.772685327751558,-0.634789243983755,0.));
#5191=DIRECTION('center_axis',(0.,0.,1.));
#5192=DIRECTION('ref_axis',(1.,0.,0.));
#5193=DIRECTION('center_axis',(-0.969500535661837,0.245089190604993,0.));
#5194=DIRECTION('ref_axis',(-0.245089190604993,-0.969500535661837,0.));
#5195=DIRECTION('',(-0.245089190604993,-0.969500535661837,0.));
#5196=DIRECTION('',(0.,0.,1.));
#5197=DIRECTION('',(-0.245089190604993,-0.969500535661837,0.));
#5198=DIRECTION('',(0.,0.,1.));
#5199=DIRECTION('center_axis',(0.,0.,1.));
#5200=DIRECTION('ref_axis',(-0.595510527426325,-0.803347503714563,0.));
#5201=DIRECTION('center_axis',(0.,0.,1.));
#5202=DIRECTION('ref_axis',(-0.595510527426325,-0.803347503714563,0.));
#5203=DIRECTION('',(0.,0.,1.));
#5204=DIRECTION('center_axis',(0.,0.,1.));
#5205=DIRECTION('ref_axis',(-0.595510527426325,-0.803347503714563,0.));
#5206=DIRECTION('center_axis',(0.,0.,1.));
#5207=DIRECTION('ref_axis',(1.,0.,0.));
#5208=DIRECTION('center_axis',(0.,0.,1.));
#5209=DIRECTION('ref_axis',(-0.595510527426325,-0.803347503714563,0.));
#5210=DIRECTION('center_axis',(0.,0.,-1.));
#5211=DIRECTION('ref_axis',(-0.595510527426325,-0.803347503714563,0.));
#5212=DIRECTION('center_axis',(0.,0.,-1.));
#5213=DIRECTION('ref_axis',(-0.595510527426325,-0.803347503714563,0.));
#5214=DIRECTION('',(0.,0.,1.));
#5215=DIRECTION('center_axis',(0.969500535661837,-0.245089190604993,0.));
#5216=DIRECTION('ref_axis',(0.245089190604993,0.969500535661837,0.));
#5217=DIRECTION('',(0.245089190604993,0.969500535661837,0.));
#5218=DIRECTION('',(0.,0.,1.));
#5219=DIRECTION('',(0.245089190604993,0.969500535661837,0.));
#5220=DIRECTION('center_axis',(0.930931901723867,-0.365192818046556,0.));
#5221=DIRECTION('ref_axis',(0.365192818046556,0.930931901723867,0.));
#5222=DIRECTION('',(0.365192818046556,0.930931901723867,0.));
#5223=DIRECTION('',(0.,0.,1.));
#5224=DIRECTION('',(0.365192818046556,0.930931901723867,0.));
#5225=DIRECTION('center_axis',(0.,0.,1.));
#5226=DIRECTION('ref_axis',(1.,0.,0.));
#5227=DIRECTION('center_axis',(-0.930931901723867,0.365192818046556,0.));
#5228=DIRECTION('ref_axis',(-0.365192818046556,-0.930931901723867,0.));
#5229=DIRECTION('',(-0.365192818046556,-0.930931901723867,0.));
#5230=DIRECTION('',(-0.365192818046556,-0.930931901723867,0.));
#5231=DIRECTION('',(0.,0.,1.));
#5232=DIRECTION('center_axis',(0.,0.,1.));
#5233=DIRECTION('ref_axis',(-0.595510527426325,-0.803347503714563,0.));
#5234=DIRECTION('center_axis',(0.,0.,1.));
#5235=DIRECTION('ref_axis',(-0.595510527426325,-0.803347503714563,0.));
#5236=DIRECTION('center_axis',(0.,0.,1.));
#5237=DIRECTION('ref_axis',(-0.595510527426325,-0.803347503714563,0.));
#5238=DIRECTION('center_axis',(0.,0.,1.));
#5239=DIRECTION('ref_axis',(1.,0.,0.));
#5240=DIRECTION('center_axis',(0.,0.,1.));
#5241=DIRECTION('ref_axis',(-0.997831760867791,0.0658162366250417,0.));
#5242=DIRECTION('center_axis',(0.,0.,-1.));
#5243=DIRECTION('ref_axis',(-0.997831760867791,0.0658162366250417,0.));
#5244=DIRECTION('',(0.,0.,1.));
#5245=DIRECTION('center_axis',(0.,0.,-1.));
#5246=DIRECTION('ref_axis',(-0.997831760867791,0.0658162366250417,0.));
#5247=DIRECTION('',(0.,0.,1.));
#5248=DIRECTION('center_axis',(0.,0.,1.));
#5249=DIRECTION('ref_axis',(-0.769685148578212,0.638423661887728,0.));
#5250=DIRECTION('center_axis',(0.,0.,1.));
#5251=DIRECTION('ref_axis',(-0.769685148578212,0.638423661887728,0.));
#5252=DIRECTION('center_axis',(0.,0.,1.));
#5253=DIRECTION('ref_axis',(-0.769685148578212,0.638423661887728,0.));
#5254=DIRECTION('center_axis',(0.,0.,1.));
#5255=DIRECTION('ref_axis',(1.,0.,0.));
#5256=DIRECTION('center_axis',(0.,0.,1.));
#5257=DIRECTION('ref_axis',(1.,0.,0.));
#5258=DIRECTION('center_axis',(0.,0.,1.));
#5259=DIRECTION('ref_axis',(1.,0.,0.));
#5260=DIRECTION('',(0.,0.,-1.));
#5261=DIRECTION('center_axis',(0.,0.,1.));
#5262=DIRECTION('ref_axis',(1.,0.,0.));
#5263=DIRECTION('center_axis',(0.,0.,1.));
#5264=DIRECTION('ref_axis',(1.,0.,0.));
#5265=DIRECTION('center_axis',(0.,0.,1.));
#5266=DIRECTION('ref_axis',(1.,0.,0.));
#5267=CARTESIAN_POINT('',(0.,0.,0.));
#5268=CARTESIAN_POINT('Origin',(0.,0.,0.8));
#5269=CARTESIAN_POINT('',(0.305,-3.73517273739943E-17,0.8));
#5270=CARTESIAN_POINT('Origin',(0.,0.,0.8));
#5271=CARTESIAN_POINT('',(0.305,-3.73517273739943E-17,0.685));
#5272=CARTESIAN_POINT('',(0.305,-3.73517273739943E-17,0.8));
#5273=CARTESIAN_POINT('Origin',(0.,0.,0.685));
#5274=CARTESIAN_POINT('Origin',(0.,0.,0.685));
#5275=CARTESIAN_POINT('',(-0.3,-3.67394039744206E-17,0.685));
#5276=CARTESIAN_POINT('Origin',(0.,0.,0.685));
#5277=CARTESIAN_POINT('Origin',(1.0352762,3.8637033,0.));
#5278=CARTESIAN_POINT('',(0.9502762,3.8637033,0.32));
#5279=CARTESIAN_POINT('Origin',(1.0352762,3.8637033,0.32));
#5280=CARTESIAN_POINT('',(0.9502762,3.8637033,0.6));
#5281=CARTESIAN_POINT('',(0.9502762,3.8637033,0.));
#5282=CARTESIAN_POINT('Origin',(1.0352762,3.8637033,0.6));
#5283=CARTESIAN_POINT('Origin',(1.0352762,3.8637033,0.6));
#5284=CARTESIAN_POINT('Origin',(3.,0.,0.));
#5285=CARTESIAN_POINT('',(2.6,-4.89858719658941E-17,0.32));
#5286=CARTESIAN_POINT('Origin',(3.,0.,0.32));
#5287=CARTESIAN_POINT('',(2.6,-4.89858719658941E-17,0.8));
#5288=CARTESIAN_POINT('',(2.6,-4.89858719658941E-17,0.));
#5289=CARTESIAN_POINT('Origin',(3.,0.,0.8));
#5290=CARTESIAN_POINT('Origin',(-3.,0.,0.));
#5291=CARTESIAN_POINT('',(-3.4,-4.89858719658941E-17,0.32));
#5292=CARTESIAN_POINT('Origin',(-3.,0.,0.32));
#5293=CARTESIAN_POINT('',(-3.4,-4.89858719658941E-17,0.8));
#5294=CARTESIAN_POINT('',(-3.4,-4.89858719658941E-17,0.));
#5295=CARTESIAN_POINT('Origin',(-3.,0.,0.8));
#5296=CARTESIAN_POINT('Origin',(0.,0.,0.));
#5297=CARTESIAN_POINT('',(-0.3,-3.67394039744206E-17,0.32));
#5298=CARTESIAN_POINT('Origin',(0.,0.,0.32));
#5299=CARTESIAN_POINT('',(-0.3,-3.67394039744206E-17,0.));
#5300=CARTESIAN_POINT('Origin',(8.660254,5.,0.));
#5301=CARTESIAN_POINT('',(8.37782566584458,5.10116440118037,0.32));
#5302=CARTESIAN_POINT('',(8.37782566584457,5.10116440118039,0.));
#5303=CARTESIAN_POINT('',(8.37782566584457,5.10116440118039,0.));
#5304=CARTESIAN_POINT('',(8.59424911981245,5.29264886090916,0.32));
#5305=CARTESIAN_POINT('Origin',(8.660254,5.,0.32));
#5306=CARTESIAN_POINT('',(8.59424911981245,5.29264886090916,0.));
#5307=CARTESIAN_POINT('',(8.59424911981245,5.29264886090916,0.));
#5308=CARTESIAN_POINT('',(8.8767514794853,4.79232515468523,0.));
#5309=CARTESIAN_POINT('Origin',(8.660254,5.,0.));
#5310=CARTESIAN_POINT('',(8.8767514794853,4.79232515468524,0.32));
#5311=CARTESIAN_POINT('',(8.8767514794853,4.79232515468523,0.));
#5312=CARTESIAN_POINT('',(8.60060838730383,4.70598911434083,0.32));
#5313=CARTESIAN_POINT('Origin',(8.660254,5.,0.32));
#5314=CARTESIAN_POINT('',(8.60060838730383,4.70598911434081,0.));
#5315=CARTESIAN_POINT('',(8.60060838730383,4.70598911434081,0.));
#5316=CARTESIAN_POINT('',(8.360254,5.,0.));
#5317=CARTESIAN_POINT('Origin',(8.660254,5.,0.));
#5318=CARTESIAN_POINT('',(8.360254,5.,0.8));
#5319=CARTESIAN_POINT('',(8.360254,5.,0.));
#5320=CARTESIAN_POINT('Origin',(8.660254,5.,0.8));
#5321=CARTESIAN_POINT('Origin',(8.660254,5.,0.));
#5322=CARTESIAN_POINT('Origin',(-8.660254,5.,0.));
#5323=CARTESIAN_POINT('',(-8.81781833489642,4.74470902803143,0.32));
#5324=CARTESIAN_POINT('',(-8.81781833489641,4.74470902803144,0.));
#5325=CARTESIAN_POINT('',(-8.81781833489641,4.74470902803144,0.));
#5326=CARTESIAN_POINT('',(-8.960254,5.,0.32));
#5327=CARTESIAN_POINT('Origin',(-8.660254,5.,0.32));
#5328=CARTESIAN_POINT('',(-8.960254,5.,0.8));
#5329=CARTESIAN_POINT('',(-8.960254,5.,0.));
#5330=CARTESIAN_POINT('Origin',(-8.660254,5.,0.8));
#5331=CARTESIAN_POINT('',(-8.95331281607748,5.06416019263736,0.32));
#5332=CARTESIAN_POINT('Origin',(-8.660254,5.,0.32));
#5333=CARTESIAN_POINT('',(-8.95331281607749,5.06416019263734,0.));
#5334=CARTESIAN_POINT('',(-8.95331281607749,5.06416019263734,0.));
#5335=CARTESIAN_POINT('',(-8.85789375251839,5.2256956539778,0.));
#5336=CARTESIAN_POINT('Origin',(-8.660254,5.,0.));
#5337=CARTESIAN_POINT('',(-8.85789375251841,5.22569565397778,0.32));
#5338=CARTESIAN_POINT('',(-8.85789375251839,5.2256956539778,0.));
#5339=CARTESIAN_POINT('',(-8.51305200101655,5.26140308241351,0.32));
#5340=CARTESIAN_POINT('Origin',(-8.660254,5.,0.32));
#5341=CARTESIAN_POINT('',(-8.51305200101656,5.2614030824135,0.));
#5342=CARTESIAN_POINT('',(-8.51305200101656,5.2614030824135,0.));
#5343=CARTESIAN_POINT('Origin',(-8.660254,5.,0.));
#5344=CARTESIAN_POINT('Origin',(0.,-10.,0.));
#5345=CARTESIAN_POINT('',(-0.222557258006957,-10.2011672610253,0.));
#5346=CARTESIAN_POINT('',(-0.222557258006942,-10.2011672610253,0.32));
#5347=CARTESIAN_POINT('',(-0.222557258006957,-10.2011672610253,0.));
#5348=CARTESIAN_POINT('',(-0.3,-10.,0.));
#5349=CARTESIAN_POINT('Origin',(0.,-10.,0.));
#5350=CARTESIAN_POINT('',(-0.3,-10.,0.8));
#5351=CARTESIAN_POINT('',(-0.3,-10.,0.));
#5352=CARTESIAN_POINT('Origin',(0.,-10.,0.8));
#5353=CARTESIAN_POINT('',(-0.274587888123901,-9.87916336774117,0.));
#5354=CARTESIAN_POINT('Origin',(0.,-10.,0.));
#5355=CARTESIAN_POINT('',(-0.274587888123889,-9.87916336774117,0.32));
#5356=CARTESIAN_POINT('',(-0.274587888123901,-9.87916336774117,0.));
#5357=CARTESIAN_POINT('',(0.276977617414947,-9.88474636903276,0.32));
#5358=CARTESIAN_POINT('Origin',(0.,-10.,0.32));
#5359=CARTESIAN_POINT('',(0.276977617414959,-9.88474636903276,0.));
#5360=CARTESIAN_POINT('',(0.276977617414959,-9.88474636903276,0.));
#5361=CARTESIAN_POINT('',(0.21843960450056,-10.2056310754376,0.));
#5362=CARTESIAN_POINT('Origin',(0.,-10.,0.));
#5363=CARTESIAN_POINT('',(0.218439604500544,-10.2056310754376,0.32));
#5364=CARTESIAN_POINT('',(0.21843960450056,-10.2056310754376,0.));
#5365=CARTESIAN_POINT('Origin',(0.,-10.,0.32));
#5366=CARTESIAN_POINT('Origin',(-0.0689034983129896,0.0788788462113483,
0.));
#5367=CARTESIAN_POINT('',(9.6964609013718,-1.02032477530649,0.32));
#5368=CARTESIAN_POINT('Origin',(-0.0689034983129896,0.0788788462113483,
0.32));
#5369=CARTESIAN_POINT('',(9.6964609013718,-1.02032477530649,0.));
#5370=CARTESIAN_POINT('',(9.6964609013718,-1.02032477530649,0.));
#5371=CARTESIAN_POINT('Origin',(-0.0689034983129896,0.0788788462113483,
0.));
#5372=CARTESIAN_POINT('Origin',(-0.0689034983129896,0.0788788462113483,
0.));
#5373=CARTESIAN_POINT('',(2.55954642361883,9.54787228670845,0.));
#5374=CARTESIAN_POINT('Origin',(-0.0689034983129896,0.0788788462113483,
0.));
#5375=CARTESIAN_POINT('',(2.55954642361883,9.54787228670845,0.32));
#5376=CARTESIAN_POINT('',(2.55954642361883,9.54787228670845,0.));
#5377=CARTESIAN_POINT('Origin',(-0.0689034983129896,0.0788788462113483,
0.32));
#5378=CARTESIAN_POINT('Origin',(-0.0101744942190567,0.104336495510101,0.));
#5379=CARTESIAN_POINT('',(7.41008692460587,-6.67020492121724,0.));
#5380=CARTESIAN_POINT('Origin',(-0.0101744942190567,0.104336495510101,0.));
#5381=CARTESIAN_POINT('',(7.41008692460587,-6.67020492121724,0.32));
#5382=CARTESIAN_POINT('',(7.41008692460587,-6.67020492121724,0.));
#5383=CARTESIAN_POINT('Origin',(-0.0101744942190567,0.104336495510101,0.32));
#5384=CARTESIAN_POINT('Origin',(-0.0886010730045807,-0.0558956808108706,
0.));
#5385=CARTESIAN_POINT('Origin',(-0.0886010730045807,-0.0558956808108706,
0.32));
#5386=CARTESIAN_POINT('Origin',(-0.0886010730045807,-0.0558956808108706,
0.));
#5387=CARTESIAN_POINT('Origin',(-0.0886010730045807,-0.0558956808108706,
0.));
#5388=CARTESIAN_POINT('',(-9.15325687927096,4.07654363390271,0.));
#5389=CARTESIAN_POINT('Origin',(-0.0886010730045807,-0.0558956808108706,
0.));
#5390=CARTESIAN_POINT('',(-9.15325687927096,4.07654363390271,0.32));
#5391=CARTESIAN_POINT('',(-9.15325687927096,4.07654363390271,0.));
#5392=CARTESIAN_POINT('Origin',(-0.0886010730045807,-0.0558956808108706,
0.32));
#5393=CARTESIAN_POINT('Origin',(-0.0221927975677675,-0.102506310766088,
0.));
#5394=CARTESIAN_POINT('',(-5.12117668321607,8.8674274056175,0.));
#5395=CARTESIAN_POINT('Origin',(-0.0221927975677675,-0.102506310766088,
0.));
#5396=CARTESIAN_POINT('',(-5.12117668321606,8.8674274056175,0.32));
#5397=CARTESIAN_POINT('',(-5.12117668321607,8.8674274056175,0.));
#5398=CARTESIAN_POINT('Origin',(-0.0221927975677675,-0.102506310766088,
0.32));
#5399=CARTESIAN_POINT('Origin',(0.101485943685098,0.02617461652069,0.));
#5400=CARTESIAN_POINT('',(7.64621557002097,-6.8861752547068,0.));
#5401=CARTESIAN_POINT('Origin',(0.101485943685098,0.02617461652069,0.));
#5402=CARTESIAN_POINT('',(7.64621557002097,-6.8861752547068,0.32));
#5403=CARTESIAN_POINT('',(7.64621557002097,-6.8861752547068,0.));
#5404=CARTESIAN_POINT('Origin',(0.101485943685098,0.02617461652069,0.32));
#5405=CARTESIAN_POINT('Origin',(-0.150845289169092,0.14993858905826,0.32));
#5406=CARTESIAN_POINT('Origin',(0.101485943685098,0.02617461652069,0.32));
#5407=CARTESIAN_POINT('',(-5.3553503710729,-8.24909514001116,0.32));
#5408=CARTESIAN_POINT('Origin',(0.101485943685098,0.02617461652069,0.32));
#5409=CARTESIAN_POINT('',(-8.86197498085983,3.94404918900363,0.32));
#5410=CARTESIAN_POINT('Origin',(0.0415379279027601,-0.0961980184561762,
0.32));
#5411=CARTESIAN_POINT('',(2.47421542532423,9.23945934425334,0.32));
#5412=CARTESIAN_POINT('Origin',(-0.0886010730045807,-0.0558956808108706,
0.32));
#5413=CARTESIAN_POINT('',(9.37851191281049,-0.984154388435921,0.32));
#5414=CARTESIAN_POINT('Origin',(-0.0689034983129896,0.0788788462113483,
0.32));
#5415=CARTESIAN_POINT('',(3.56961201358103,-8.61391938067495,0.32));
#5416=CARTESIAN_POINT('Origin',(0.0556216118507188,0.0876244409346986,0.32));
#5417=CARTESIAN_POINT('',(-6.51491792658871,-6.51707028773671,0.32));
#5418=CARTESIAN_POINT('Origin',(0.0972058133791687,-0.0154584672618343,
0.32));
#5419=CARTESIAN_POINT('',(-8.40726945970929,3.48075800689741,0.32));
#5420=CARTESIAN_POINT('Origin',(0.0239733251631767,-0.101410660405348,0.32));
#5421=CARTESIAN_POINT('',(-0.00155722605896846,8.99000757815758,0.32));
#5422=CARTESIAN_POINT('Origin',(-0.0798000843727721,-0.0577270975586635,
0.32));
#5423=CARTESIAN_POINT('',(8.19828965896275,3.39752888861924,0.32));
#5424=CARTESIAN_POINT('Origin',(-0.0885243823808557,0.054833471272944,0.32));
#5425=CARTESIAN_POINT('',(6.19892387992491,-6.19666922751431,0.32));
#5426=CARTESIAN_POINT('Origin',(0.0157586372462648,0.0972867219830029,0.32));
#5427=CARTESIAN_POINT('',(-3.30854129157168,-7.99169512611571,0.32));
#5428=CARTESIAN_POINT('Origin',(0.101328172794764,0.0236715727363471,0.32));
#5429=CARTESIAN_POINT('',(-8.54000833615924,-0.00163324874552018,0.32));
#5430=CARTESIAN_POINT('Origin',(0.0575699149340917,-0.0800708931747643,
0.32));
#5431=CARTESIAN_POINT('',(-3.22545262598332,7.78265720670651,0.32));
#5432=CARTESIAN_POINT('Origin',(-0.0549906564642808,-0.0882511646318907,
0.32));
#5433=CARTESIAN_POINT('',(5.8784151820526,5.88078297805764,0.32));
#5434=CARTESIAN_POINT('Origin',(-0.0973664592294411,0.0160639306782582,
0.32));
#5435=CARTESIAN_POINT('',(7.57612394647335,-3.13631726083685,0.32));
#5436=CARTESIAN_POINT('Origin',(-0.0233644383181952,0.101246598397061,0.32));
#5437=CARTESIAN_POINT('',(0.0017175565485239,-8.09000921901715,0.32));
#5438=CARTESIAN_POINT('Origin',(0.0803447143146078,0.057407926571272,0.32));
#5439=CARTESIAN_POINT('',(-7.36702157726214,-3.05338436526838,0.32));
#5440=CARTESIAN_POINT('Origin',(0.0879745298301752,-0.0551526476910679,
0.32));
#5441=CARTESIAN_POINT('',(-5.56264851209921,5.56015489661221,0.32));
#5442=CARTESIAN_POINT('Origin',(-0.0163752008877698,-0.0974448206389034,
0.32));
#5443=CARTESIAN_POINT('',(2.96408467077887,7.16055646493556,0.32));
#5444=CARTESIAN_POINT('Origin',(-0.101166082194645,-0.0230510090403521,
0.32));
#5445=CARTESIAN_POINT('',(7.64000842215762,0.00164165145670747,0.32));
#5446=CARTESIAN_POINT('Origin',(-0.0572403016437665,0.080622056240995,0.32));
#5447=CARTESIAN_POINT('',(7.95999157784238,-0.00164165145670747,0.32));
#5448=CARTESIAN_POINT('Origin',(7.8,1.11022302462516E-17,0.32));
#5449=CARTESIAN_POINT('',(3.08967912755713,7.45487947183869,0.32));
#5450=CARTESIAN_POINT('Origin',(-0.0572403016437665,0.080622056240995,0.32));
#5451=CARTESIAN_POINT('',(-5.78653684422336,5.78878994600766,0.32));
#5452=CARTESIAN_POINT('Origin',(-0.101166082194645,-0.0230510090403521,
0.32));
#5453=CARTESIAN_POINT('',(-7.6639129894276,-3.17278071926102,0.32));
#5454=CARTESIAN_POINT('Origin',(-0.0163752008877698,-0.0974448206389034,
0.32));
#5455=CARTESIAN_POINT('',(-0.0015473602873155,-8.40999251756298,0.32));
#5456=CARTESIAN_POINT('Origin',(0.0879745298301752,-0.0551526476910679,
0.32));
#5457=CARTESIAN_POINT('',(7.87051873604818,-3.2617433659109,0.32));
#5458=CARTESIAN_POINT('Origin',(0.0803447143146078,0.057407926571272,0.32));
#5459=CARTESIAN_POINT('',(6.10692552531085,6.10479858915295,0.32));
#5460=CARTESIAN_POINT('Origin',(-0.0233644383181952,0.101246598397061,0.32));
#5461=CARTESIAN_POINT('',(-3.34500974412546,8.07948391619034,0.32));
#5462=CARTESIAN_POINT('Origin',(-0.0973664592294411,0.0160639306782582,
0.32));
#5463=CARTESIAN_POINT('',(-8.85999331279127,0.00146282674093623,0.32));
#5464=CARTESIAN_POINT('Origin',(-0.0549906564642808,-0.0882511646318907,
0.32));
#5465=CARTESIAN_POINT('',(-3.43381619902714,-8.28615428715873,0.32));
#5466=CARTESIAN_POINT('Origin',(0.0575699149340917,-0.0800708931747643,
0.32));
#5467=CARTESIAN_POINT('',(6.4230538789752,-6.42506737646758,0.32));
#5468=CARTESIAN_POINT('Origin',(0.101328172794764,0.0236715727363471,0.32));
#5469=CARTESIAN_POINT('',(8.49505803316426,3.51723073502388,0.32));
#5470=CARTESIAN_POINT('Origin',(0.0157586372462648,0.0972867219830029,0.32));
#5471=CARTESIAN_POINT('',(0.00138661081981883,9.30999399148229,0.32));
#5472=CARTESIAN_POINT('Origin',(-0.0885243823808557,0.054833471272944,0.32));
#5473=CARTESIAN_POINT('',(-8.70178667221804,3.60589637628826,0.32));
#5474=CARTESIAN_POINT('Origin',(-0.0798000843727721,-0.0577270975586635,
0.32));
#5475=CARTESIAN_POINT('',(-6.74321460022853,-6.74130364757332,0.32));
#5476=CARTESIAN_POINT('Origin',(0.0239733251631767,-0.101410660405348,0.32));
#5477=CARTESIAN_POINT('',(3.68943808427959,-8.91063761870635,0.32));
#5478=CARTESIAN_POINT('Origin',(0.0972058133791687,-0.0154584672618343,
0.32));
#5479=CARTESIAN_POINT('Origin',(0.0556216118507188,0.0876244409346986,0.32));
#5480=CARTESIAN_POINT('',(2.9319805,-3.1819805,0.32));
#5481=CARTESIAN_POINT('Origin',(3.1819805,-3.1819805,0.32));
#5482=CARTESIAN_POINT('',(-3.4319805,3.1819805,0.32));
#5483=CARTESIAN_POINT('Origin',(-3.1819805,3.1819805,0.32));
#5484=CARTESIAN_POINT('',(2.9319805,3.1819805,0.32));
#5485=CARTESIAN_POINT('Origin',(3.1819805,3.1819805,0.32));
#5486=CARTESIAN_POINT('',(-3.4319805,-3.1819805,0.32));
#5487=CARTESIAN_POINT('Origin',(-3.1819805,-3.1819805,0.32));
#5488=CARTESIAN_POINT('Origin',(-0.150845289169092,0.14993858905826,0.32));
#5489=CARTESIAN_POINT('',(-5.53175122124337,-8.51608327132055,0.32));
#5490=CARTESIAN_POINT('Origin',(0.0415379279027601,-0.0961980184561762,
0.32));
#5491=CARTESIAN_POINT('Origin',(0.101485943685098,0.02617461652069,0.32));
#5492=CARTESIAN_POINT('',(8.10243107993271,6.55981395051339,0.32));
#5493=CARTESIAN_POINT('Origin',(-0.0101744942190567,0.104336495510101,0.32));
#5494=CARTESIAN_POINT('',(-5.27906623195582,9.14576319635062,0.32));
#5495=CARTESIAN_POINT('Origin',(-0.10467982644442,0.0060781672748517,0.32));
#5496=CARTESIAN_POINT('',(-9.98501942993707,-3.83175389748849,0.32));
#5497=CARTESIAN_POINT('Origin',(-0.0221927975677675,-0.102506310766088,
0.32));
#5498=CARTESIAN_POINT('',(2.25066047757912,-10.593552499159,0.32));
#5499=CARTESIAN_POINT('Origin',(0.0978668144372408,-0.0377819107219608,
0.32));
#5500=CARTESIAN_POINT('',(10.9500234626775,0.572834587813367,0.32));
#5501=CARTESIAN_POINT('Origin',(0.0524704206025242,0.0908715113682367,0.32));
#5502=CARTESIAN_POINT('',(1.1612759627898,11.039083638044,0.32));
#5503=CARTESIAN_POINT('Origin',(-0.0816872734505185,0.0659046645270523,
0.32));
#5504=CARTESIAN_POINT('',(-10.8518414448276,2.9090633413435,0.32));
#5505=CARTESIAN_POINT('Origin',(-0.0777609181424846,-0.0705336960769469,
0.32));
#5506=CARTESIAN_POINT('',(-8.80197076756362,-7.12606650148623,0.32));
#5507=CARTESIAN_POINT('Origin',(0.019790012710993,-0.0971221601543755,0.32));
#5508=CARTESIAN_POINT('',(0.596160644878572,-11.3994169393275,0.32));
#5509=CARTESIAN_POINT('Origin',(0.090208579504612,-0.0410704352689926,0.32));
#5510=CARTESIAN_POINT('',(9.64834864052261,-6.266922711212,0.32));
#5511=CARTESIAN_POINT('Origin',(0.0862467436694591,0.0488454431258147,0.32));
#5512=CARTESIAN_POINT('',(8.08202179787096,8.36728429457153,0.32));
#5513=CARTESIAN_POINT('Origin',(-0.0196450997786461,0.0992206934908853,
0.32));
#5514=CARTESIAN_POINT('',(-0.203027635580367,11.70638154828,0.32));
#5515=CARTESIAN_POINT('Origin',(-0.0843930543728191,0.0526590759891535,
0.32));
#5516=CARTESIAN_POINT('',(-8.47516361874958,8.18617739335772,0.32));
#5517=CARTESIAN_POINT('Origin',(-0.0969533159034885,-0.0223410244491087,
0.32));
#5518=CARTESIAN_POINT('',(-11.8563128789044,-0.205660500058618,0.32));
#5519=CARTESIAN_POINT('Origin',(-0.0528586998688886,-0.0843145938130874,
0.32));
#5520=CARTESIAN_POINT('',(-8.29033328357059,-8.5830426512517,0.32));
#5521=CARTESIAN_POINT('Origin',(0.0221442668959113,-0.0970390410531963,
0.32));
#5522=CARTESIAN_POINT('',(0.208292957810968,-12.0062442116748,0.32));
#5523=CARTESIAN_POINT('Origin',(0.0842360318378282,-0.0530585645445412,
0.32));
#5524=CARTESIAN_POINT('',(8.11430264791905,-8.94547189734279,0.32));
#5525=CARTESIAN_POINT('Origin',(0.0971248629184954,0.0219472719844254,0.32));
#5526=CARTESIAN_POINT('',(8.08874803136443,-9.26459948807663,0.32));
#5527=CARTESIAN_POINT('Origin',(9.19238815542512,-9.19238815542512,0.32));
#5528=CARTESIAN_POINT('',(7.83499253413221,-9.53562137759555,0.32));
#5529=CARTESIAN_POINT('',(7.83499253413221,-9.53562137759555,0.32));
#5530=CARTESIAN_POINT('',(7.77665188372606,-9.6005188133977,0.32));
#5531=CARTESIAN_POINT('',(7.77665188372606,-9.6005188133977,0.32));
#5532=CARTESIAN_POINT('',(5.30857386173987,-11.1267309652251,0.32));
#5533=CARTESIAN_POINT('Origin',(-0.0259551378527454,0.258580319018091,0.32));
#5534=CARTESIAN_POINT('',(-0.962256855178968,-12.2404750179607,0.32));
#5535=CARTESIAN_POINT('Origin',(0.0950710825042281,0.016873107089229,0.32));
#5536=CARTESIAN_POINT('',(-11.5512764633593,-3.82473917929572,0.32));
#5537=CARTESIAN_POINT('Origin',(0.0739921815376433,-0.0669899755273159,
0.32));
#5538=CARTESIAN_POINT('',(-11.5122925128549,-3.72761808880021,0.32));
#5539=CARTESIAN_POINT('Origin',(-12.5570357417579,-3.36464758633277,0.32));
#5540=CARTESIAN_POINT('',(-11.4511804013625,-3.34675998953908,0.32));
#5541=CARTESIAN_POINT('Origin',(-12.5627519556199,-3.36373014329965,0.32));
#5542=CARTESIAN_POINT('',(-12.2597579913068,-2.29934859586731,0.32));
#5543=CARTESIAN_POINT('Origin',(-12.5570357417579,-3.36464758633277,0.32));
#5544=CARTESIAN_POINT('',(-12.2646222277502,-2.27191870834203,0.32));
#5545=CARTESIAN_POINT('',(-12.2458549821855,-2.37774897399274,0.32));
#5546=CARTESIAN_POINT('',(-10.2169733726138,7.02362116166255,0.32));
#5547=CARTESIAN_POINT('Origin',(-0.0748537234284624,-0.0838162443396297,
0.32));
#5548=CARTESIAN_POINT('',(2.5562709661842,12.0212101526438,0.32));
#5549=CARTESIAN_POINT('Origin',(-0.0903298695244718,-0.0366361629971872,
0.32));
#5550=CARTESIAN_POINT('',(2.67723133748497,11.9780071793701,0.32));
#5551=CARTESIAN_POINT('',(2.5562709661842,12.0212101526438,0.32));
#5552=CARTESIAN_POINT('',(2.97614931750815,11.8671769359637,0.32));
#5553=CARTESIAN_POINT('',(2.87650999083376,11.9041203504325,0.32));
#5554=CARTESIAN_POINT('',(3.07842034665972,11.8250043440234,0.32));
#5555=CARTESIAN_POINT('',(2.97614931750815,11.8671769359637,0.32));
#5556=CARTESIAN_POINT('',(3.08037301928398,11.8242438405136,0.32));
#5557=CARTESIAN_POINT('Origin',(3.36464758633274,12.5570357417579,0.32));
#5558=CARTESIAN_POINT('',(3.16499595117849,11.796815231261,0.32));
#5559=CARTESIAN_POINT('',(3.07986637974147,11.8244080562614,0.32));
#5560=CARTESIAN_POINT('',(3.17554823448768,11.7941219621394,0.32));
#5561=CARTESIAN_POINT('Origin',(3.36464758633274,12.5570357417579,0.32));
#5562=CARTESIAN_POINT('',(3.25638582996682,11.7782211676804,0.32));
#5563=CARTESIAN_POINT('',(3.1698428860289,11.795244206964,0.32));
#5564=CARTESIAN_POINT('',(3.3541815708183,11.7623408459498,0.32));
#5565=CARTESIAN_POINT('',(3.25638582996682,11.7782211676804,0.32));
#5566=CARTESIAN_POINT('',(3.46183405334923,11.7423338934391,0.32));
#5567=CARTESIAN_POINT('',(3.3541815708183,11.7623408459498,0.32));
#5568=CARTESIAN_POINT('',(3.77457465442852,11.6841014271435,0.32));
#5569=CARTESIAN_POINT('',(3.6703277874021,11.703512249242,0.32));
#5570=CARTESIAN_POINT('',(3.95595066845977,11.6223718101402,0.32));
#5571=CARTESIAN_POINT('Origin',(-0.088915807485385,0.0349379108491452,0.32));
#5572=CARTESIAN_POINT('',(3.19884003479973,11.4635350074853,0.32));
#5573=CARTESIAN_POINT('Origin',(3.36464758633274,12.5570357417579,0.32));
#5574=CARTESIAN_POINT('',(3.29900982111452,11.4471518162451,0.32));
#5575=CARTESIAN_POINT('',(3.29900982111452,11.4471518162451,0.32));
#5576=CARTESIAN_POINT('',(3.61175042219383,11.3889193499495,0.32));
#5577=CARTESIAN_POINT('',(3.61175042219383,11.3889193499495,0.32));
#5578=CARTESIAN_POINT('',(3.6946469845697,11.3750298379987,0.32));
#5579=CARTESIAN_POINT('',(3.6946469845697,11.3750298379987,0.32));
#5580=CARTESIAN_POINT('',(4.85898488618114,10.91755356453,0.32));
#5581=CARTESIAN_POINT('Origin',(-0.088915807485385,0.0349379108491452,0.32));
#5582=CARTESIAN_POINT('',(8.27463665615547,8.5702833148913,0.32));
#5583=CARTESIAN_POINT('Origin',(-0.157253250834491,-0.0406648143330615,
0.32));
#5584=CARTESIAN_POINT('',(11.836191322991,0.207752845597993,0.32));
#5585=CARTESIAN_POINT('Origin',(-0.0217500486111284,0.0972107779521616,
0.32));
#5586=CARTESIAN_POINT('',(8.46242593891771,-8.17045868077403,0.32));
#5587=CARTESIAN_POINT('Origin',(0.0532586609909684,0.0841573723288277,0.32));
#5588=CARTESIAN_POINT('',(0.205151306573623,-11.686259686926,0.32));
#5589=CARTESIAN_POINT('Origin',(0.0971248629184954,0.0219472719844254,0.32));
#5590=CARTESIAN_POINT('',(-8.06628043220818,-8.35456883252016,0.32));
#5591=CARTESIAN_POINT('Origin',(0.0842360318378282,-0.0530585645445412,
0.32));
#5592=CARTESIAN_POINT('',(-11.5363280482889,-0.202550158670413,0.32));
#5593=CARTESIAN_POINT('Origin',(0.0221442668959113,-0.0970390410531963,
0.32));
#5594=CARTESIAN_POINT('',(-8.24671200617081,7.96210189992781,0.32));
#5595=CARTESIAN_POINT('Origin',(-0.0528586998688886,-0.0843145938130874,
0.32));
#5596=CARTESIAN_POINT('',(-0.199949417120892,11.3863964070392,0.32));
#5597=CARTESIAN_POINT('Origin',(-0.0969533159034885,-0.0223410244491087,
0.32));
#5598=CARTESIAN_POINT('',(7.8579272678151,8.13885136033958,0.32));
#5599=CARTESIAN_POINT('Origin',(-0.0843930543728191,0.0526590759891535,
0.32));
#5600=CARTESIAN_POINT('',(9.38121254560949,-6.09074594084294,0.32));
#5601=CARTESIAN_POINT('Origin',(-0.0196450997786461,0.0992206934908853,
0.32));
#5602=CARTESIAN_POINT('',(0.581921116430436,-11.0797339153347,0.32));
#5603=CARTESIAN_POINT('Origin',(0.0862467436694591,0.0488454431258147,0.32));
#5604=CARTESIAN_POINT('',(-8.55169894079077,-6.92665734241024,0.32));
#5605=CARTESIAN_POINT('Origin',(0.090208579504612,-0.0410704352689926,0.32));
#5606=CARTESIAN_POINT('',(-10.5434170472991,2.82377330101071,0.32));
#5607=CARTESIAN_POINT('Origin',(0.019790012710993,-0.0971221601543755,0.32));
#5608=CARTESIAN_POINT('',(1.12552886876444,10.721086677305,0.32));
#5609=CARTESIAN_POINT('Origin',(-0.0777609181424846,-0.0705336960769469,
0.32));
#5610=CARTESIAN_POINT('',(10.6303481929456,0.558424738820833,0.32));
#5611=CARTESIAN_POINT('Origin',(-0.0816872734505185,0.0659046645270523,
0.32));
#5612=CARTESIAN_POINT('',(2.18644881282139,-10.2800612169952,0.32));
#5613=CARTESIAN_POINT('Origin',(0.0524704206025242,0.0908715113682367,0.32));
#5614=CARTESIAN_POINT('',(-9.68542199240942,-3.71932037326267,0.32));
#5615=CARTESIAN_POINT('Origin',(0.0978668144372408,-0.0377819107219608,
0.32));
#5616=CARTESIAN_POINT('Origin',(-0.0221927975677675,-0.102506310766088,
0.32));
#5617=CARTESIAN_POINT('Origin',(-0.150845289169092,0.14993858905826,0.32));
#5618=CARTESIAN_POINT('',(7.85220150077764,6.36035197472974,0.32));
#5619=CARTESIAN_POINT('Origin',(-0.10467982644442,0.0060781672748517,0.32));
#5620=CARTESIAN_POINT('Origin',(-0.0101744942190567,0.104336495510101,0.32));
#5621=CARTESIAN_POINT('Origin',(0.,0.,0.));
#5622=CARTESIAN_POINT('',(3.68943808427959,-8.91063761870635,0.));
#5623=CARTESIAN_POINT('Origin',(0.0556216118507188,0.0876244409346986,0.));
#5624=CARTESIAN_POINT('',(-6.74321460022853,-6.74130364757332,0.));
#5625=CARTESIAN_POINT('Origin',(0.0972058133791687,-0.0154584672618343,
0.));
#5626=CARTESIAN_POINT('',(-8.70178667221804,3.60589637628826,0.));
#5627=CARTESIAN_POINT('Origin',(0.0239733251631767,-0.101410660405348,0.));
#5628=CARTESIAN_POINT('',(0.00138661081981883,9.30999399148229,0.));
#5629=CARTESIAN_POINT('Origin',(-0.0798000843727721,-0.0577270975586635,
0.));
#5630=CARTESIAN_POINT('',(8.49505803316426,3.51723073502388,0.));
#5631=CARTESIAN_POINT('Origin',(-0.0885243823808557,0.054833471272944,0.));
#5632=CARTESIAN_POINT('',(6.4230538789752,-6.42506737646758,0.));
#5633=CARTESIAN_POINT('Origin',(0.0157586372462648,0.0972867219830029,0.));
#5634=CARTESIAN_POINT('',(-3.43381619902714,-8.28615428715873,0.));
#5635=CARTESIAN_POINT('Origin',(0.101328172794764,0.0236715727363471,0.));
#5636=CARTESIAN_POINT('',(-8.85999331279127,0.00146282674093579,0.));
#5637=CARTESIAN_POINT('Origin',(0.0575699149340917,-0.0800708931747643,
0.));
#5638=CARTESIAN_POINT('',(-3.34500974412546,8.07948391619034,0.));
#5639=CARTESIAN_POINT('Origin',(-0.0549906564642808,-0.0882511646318907,
0.));
#5640=CARTESIAN_POINT('',(6.10692552531085,6.10479858915295,0.));
#5641=CARTESIAN_POINT('Origin',(-0.0973664592294411,0.0160639306782582,
0.));
#5642=CARTESIAN_POINT('',(7.87051873604818,-3.2617433659109,0.));
#5643=CARTESIAN_POINT('Origin',(-0.0233644383181952,0.101246598397061,0.));
#5644=CARTESIAN_POINT('',(-0.0015473602873155,-8.40999251756298,0.));
#5645=CARTESIAN_POINT('Origin',(0.0803447143146078,0.057407926571272,0.));
#5646=CARTESIAN_POINT('',(-7.6639129894276,-3.17278071926102,0.));
#5647=CARTESIAN_POINT('Origin',(0.0879745298301752,-0.0551526476910679,
0.));
#5648=CARTESIAN_POINT('',(-5.78653684422336,5.78878994600766,0.));
#5649=CARTESIAN_POINT('Origin',(-0.0163752008877698,-0.0974448206389034,
0.));
#5650=CARTESIAN_POINT('',(3.08967912755713,7.45487947183869,0.));
#5651=CARTESIAN_POINT('Origin',(-0.101166082194645,-0.0230510090403521,
0.));
#5652=CARTESIAN_POINT('',(7.95999157784238,-0.00164165145670736,0.));
#5653=CARTESIAN_POINT('Origin',(-0.0572403016437665,0.080622056240995,0.));
#5654=CARTESIAN_POINT('',(7.64000842215762,0.00164165145670736,0.));
#5655=CARTESIAN_POINT('Origin',(7.8,1.11022302462516E-17,0.));
#5656=CARTESIAN_POINT('',(2.96408467077887,7.16055646493556,0.));
#5657=CARTESIAN_POINT('Origin',(-0.0572403016437665,0.080622056240995,0.));
#5658=CARTESIAN_POINT('',(-5.56264851209921,5.56015489661221,0.));
#5659=CARTESIAN_POINT('Origin',(-0.101166082194645,-0.0230510090403521,
0.));
#5660=CARTESIAN_POINT('',(-7.36702157726214,-3.05338436526838,0.));
#5661=CARTESIAN_POINT('Origin',(-0.0163752008877698,-0.0974448206389034,
0.));
#5662=CARTESIAN_POINT('',(0.00171755654852393,-8.09000921901715,0.));
#5663=CARTESIAN_POINT('Origin',(0.0879745298301752,-0.0551526476910679,
0.));
#5664=CARTESIAN_POINT('',(7.57612394647335,-3.13631726083685,0.));
#5665=CARTESIAN_POINT('Origin',(0.0803447143146078,0.057407926571272,0.));
#5666=CARTESIAN_POINT('',(5.8784151820526,5.88078297805764,0.));
#5667=CARTESIAN_POINT('Origin',(-0.0233644383181952,0.101246598397061,0.));
#5668=CARTESIAN_POINT('',(-3.22545262598332,7.78265720670651,0.));
#5669=CARTESIAN_POINT('Origin',(-0.0973664592294411,0.0160639306782582,
0.));
#5670=CARTESIAN_POINT('',(-8.54000833615924,-0.0016332487455198,0.));
#5671=CARTESIAN_POINT('Origin',(-0.0549906564642808,-0.0882511646318907,
0.));
#5672=CARTESIAN_POINT('',(-3.30854129157168,-7.99169512611571,0.));
#5673=CARTESIAN_POINT('Origin',(0.0575699149340917,-0.0800708931747643,
0.));
#5674=CARTESIAN_POINT('',(6.19892387992491,-6.19666922751431,0.));
#5675=CARTESIAN_POINT('Origin',(0.101328172794764,0.0236715727363471,0.));
#5676=CARTESIAN_POINT('',(8.19828965896275,3.39752888861924,0.));
#5677=CARTESIAN_POINT('Origin',(0.0157586372462648,0.0972867219830029,0.));
#5678=CARTESIAN_POINT('',(-0.00155722605896852,8.99000757815758,0.));
#5679=CARTESIAN_POINT('Origin',(-0.0885243823808557,0.054833471272944,0.));
#5680=CARTESIAN_POINT('',(-8.40726945970929,3.48075800689741,0.));
#5681=CARTESIAN_POINT('Origin',(-0.0798000843727721,-0.0577270975586635,
0.));
#5682=CARTESIAN_POINT('',(-6.51491792658871,-6.51707028773671,0.));
#5683=CARTESIAN_POINT('Origin',(0.0239733251631767,-0.101410660405348,0.));
#5684=CARTESIAN_POINT('',(3.56961201358103,-8.61391938067495,0.));
#5685=CARTESIAN_POINT('Origin',(0.0972058133791687,-0.0154584672618343,
0.));
#5686=CARTESIAN_POINT('',(9.37851191281049,-0.98415438843592,0.));
#5687=CARTESIAN_POINT('Origin',(0.0556216118507188,0.0876244409346986,0.));
#5688=CARTESIAN_POINT('',(2.47421542532423,9.23945934425334,0.));
#5689=CARTESIAN_POINT('Origin',(-0.0689034983129896,0.0788788462113483,
0.));
#5690=CARTESIAN_POINT('',(-8.86197498085983,3.94404918900363,0.));
#5691=CARTESIAN_POINT('Origin',(-0.0886010730045807,-0.0558956808108706,
0.));
#5692=CARTESIAN_POINT('',(-5.3553503710729,-8.24909514001116,0.));
#5693=CARTESIAN_POINT('Origin',(0.0415379279027601,-0.0961980184561762,
0.));
#5694=CARTESIAN_POINT('Origin',(0.101485943685098,0.02617461652069,0.));
#5695=CARTESIAN_POINT('',(-5.53175122124337,-8.51608327132055,0.));
#5696=CARTESIAN_POINT('Origin',(0.101485943685098,0.02617461652069,0.));
#5697=CARTESIAN_POINT('Origin',(0.0415379279027601,-0.0961980184561762,
0.));
#5698=CARTESIAN_POINT('Origin',(0.101485943685098,0.02617461652069,0.));
#5699=CARTESIAN_POINT('Origin',(0.101485943685098,0.02617461652069,0.));
#5700=CARTESIAN_POINT('Origin',(-3.1819805,-3.1819805,0.));
#5701=CARTESIAN_POINT('',(-3.4319805,-3.1819805,0.65));
#5702=CARTESIAN_POINT('',(-3.4319805,-3.1819805,0.));
#5703=CARTESIAN_POINT('Origin',(-3.1819805,-3.1819805,0.65));
#5704=CARTESIAN_POINT('Origin',(-3.1819805,-3.1819805,0.65));
#5705=CARTESIAN_POINT('Origin',(3.1819805,3.1819805,0.));
#5706=CARTESIAN_POINT('',(2.9319805,3.1819805,0.65));
#5707=CARTESIAN_POINT('',(2.9319805,3.1819805,0.));
#5708=CARTESIAN_POINT('Origin',(3.1819805,3.1819805,0.65));
#5709=CARTESIAN_POINT('Origin',(3.1819805,3.1819805,0.65));
#5710=CARTESIAN_POINT('Origin',(6.75,-11.691343,0.));
#5711=CARTESIAN_POINT('',(6.5,-11.691343,0.));
#5712=CARTESIAN_POINT('Origin',(6.75,-11.691343,0.));
#5713=CARTESIAN_POINT('',(6.5,-11.691343,0.65));
#5714=CARTESIAN_POINT('',(6.5,-11.691343,0.));
#5715=CARTESIAN_POINT('Origin',(6.75,-11.691343,0.65));
#5716=CARTESIAN_POINT('Origin',(6.75,-11.691343,0.65));
#5717=CARTESIAN_POINT('Origin',(-6.75,-11.691343,0.));
#5718=CARTESIAN_POINT('',(-7.,-11.691343,0.));
#5719=CARTESIAN_POINT('Origin',(-6.75,-11.691343,0.));
#5720=CARTESIAN_POINT('',(-7.,-11.691343,0.65));
#5721=CARTESIAN_POINT('',(-7.,-11.691343,0.));
#5722=CARTESIAN_POINT('Origin',(-6.75,-11.691343,0.65));
#5723=CARTESIAN_POINT('Origin',(-6.75,-11.691343,0.65));
#5724=CARTESIAN_POINT('Origin',(-11.691343,-6.75,0.));
#5725=CARTESIAN_POINT('',(-11.941343,-6.75,0.));
#5726=CARTESIAN_POINT('Origin',(-11.691343,-6.75,0.));
#5727=CARTESIAN_POINT('',(-11.941343,-6.75,0.65));
#5728=CARTESIAN_POINT('',(-11.941343,-6.75,0.));
#5729=CARTESIAN_POINT('Origin',(-11.691343,-6.75,0.65));
#5730=CARTESIAN_POINT('Origin',(-11.691343,-6.75,0.65));
#5731=CARTESIAN_POINT('Origin',(-11.691343,6.75,0.));
#5732=CARTESIAN_POINT('',(-11.941343,6.75,0.));
#5733=CARTESIAN_POINT('Origin',(-11.691343,6.75,0.));
#5734=CARTESIAN_POINT('',(-11.941343,6.75,0.65));
#5735=CARTESIAN_POINT('',(-11.941343,6.75,0.));
#5736=CARTESIAN_POINT('Origin',(-11.691343,6.75,0.65));
#5737=CARTESIAN_POINT('Origin',(-11.691343,6.75,0.65));
#5738=CARTESIAN_POINT('Origin',(0.,13.5,0.));
#5739=CARTESIAN_POINT('',(-0.25,13.5,0.));
#5740=CARTESIAN_POINT('Origin',(0.,13.5,0.));
#5741=CARTESIAN_POINT('',(-0.25,13.5,0.65));
#5742=CARTESIAN_POINT('',(-0.25,13.5,0.));
#5743=CARTESIAN_POINT('Origin',(0.,13.5,0.65));
#5744=CARTESIAN_POINT('Origin',(0.,13.5,0.65));
#5745=CARTESIAN_POINT('Origin',(11.691343,6.75,0.));
#5746=CARTESIAN_POINT('',(11.441343,6.75,0.));
#5747=CARTESIAN_POINT('Origin',(11.691343,6.75,0.));
#5748=CARTESIAN_POINT('',(11.441343,6.75,0.65));
#5749=CARTESIAN_POINT('',(11.441343,6.75,0.));
#5750=CARTESIAN_POINT('Origin',(11.691343,6.75,0.65));
#5751=CARTESIAN_POINT('Origin',(11.691343,6.75,0.65));
#5752=CARTESIAN_POINT('Origin',(6.75,11.691343,0.));
#5753=CARTESIAN_POINT('',(6.5,11.691343,0.));
#5754=CARTESIAN_POINT('Origin',(6.75,11.691343,0.));
#5755=CARTESIAN_POINT('',(6.5,11.691343,0.65));
#5756=CARTESIAN_POINT('',(6.5,11.691343,0.));
#5757=CARTESIAN_POINT('Origin',(6.75,11.691343,0.65));
#5758=CARTESIAN_POINT('Origin',(6.75,11.691343,0.65));
#5759=CARTESIAN_POINT('Origin',(-6.75,11.691343,0.));
#5760=CARTESIAN_POINT('',(-7.,11.691343,0.));
#5761=CARTESIAN_POINT('Origin',(-6.75,11.691343,0.));
#5762=CARTESIAN_POINT('',(-7.,11.691343,0.65));
#5763=CARTESIAN_POINT('',(-7.,11.691343,0.));
#5764=CARTESIAN_POINT('Origin',(-6.75,11.691343,0.65));
#5765=CARTESIAN_POINT('Origin',(-6.75,11.691343,0.65));
#5766=CARTESIAN_POINT('Origin',(-13.5,0.,0.));
#5767=CARTESIAN_POINT('',(-13.75,-3.06161699786838E-17,0.));
#5768=CARTESIAN_POINT('Origin',(-13.5,0.,0.));
#5769=CARTESIAN_POINT('',(-13.75,-3.06161699786838E-17,0.65));
#5770=CARTESIAN_POINT('',(-13.75,-3.06161699786838E-17,0.));
#5771=CARTESIAN_POINT('Origin',(-13.5,0.,0.65));
#5772=CARTESIAN_POINT('Origin',(-13.5,0.,0.65));
#5773=CARTESIAN_POINT('Origin',(13.5,0.,0.));
#5774=CARTESIAN_POINT('',(13.25,-3.06161699786838E-17,0.));
#5775=CARTESIAN_POINT('Origin',(13.5,0.,0.));
#5776=CARTESIAN_POINT('',(13.25,-3.06161699786838E-17,0.65));
#5777=CARTESIAN_POINT('',(13.25,-3.06161699786838E-17,0.));
#5778=CARTESIAN_POINT('Origin',(13.5,0.,0.65));
#5779=CARTESIAN_POINT('Origin',(13.5,0.,0.65));
#5780=CARTESIAN_POINT('Origin',(0.,-13.5,0.));
#5781=CARTESIAN_POINT('',(-0.25,-13.5,0.));
#5782=CARTESIAN_POINT('Origin',(0.,-13.5,0.));
#5783=CARTESIAN_POINT('',(-0.25,-13.5,0.65));
#5784=CARTESIAN_POINT('',(-0.25,-13.5,0.));
#5785=CARTESIAN_POINT('Origin',(0.,-13.5,0.65));
#5786=CARTESIAN_POINT('Origin',(0.,-13.5,0.65));
#5787=CARTESIAN_POINT('Origin',(11.691343,-6.75,0.));
#5788=CARTESIAN_POINT('',(11.441343,-6.75,0.));
#5789=CARTESIAN_POINT('Origin',(11.691343,-6.75,0.));
#5790=CARTESIAN_POINT('',(11.441343,-6.75,0.65));
#5791=CARTESIAN_POINT('',(11.441343,-6.75,0.));
#5792=CARTESIAN_POINT('Origin',(11.691343,-6.75,0.65));
#5793=CARTESIAN_POINT('Origin',(11.691343,-6.75,0.65));
#5794=CARTESIAN_POINT('Origin',(-3.1819805,3.1819805,0.));
#5795=CARTESIAN_POINT('',(-3.4319805,3.1819805,0.65));
#5796=CARTESIAN_POINT('',(-3.4319805,3.1819805,0.));
#5797=CARTESIAN_POINT('Origin',(-3.1819805,3.1819805,0.65));
#5798=CARTESIAN_POINT('Origin',(-3.1819805,3.1819805,0.65));
#5799=CARTESIAN_POINT('Origin',(3.1819805,-3.1819805,0.));
#5800=CARTESIAN_POINT('',(2.9319805,-3.1819805,0.65));
#5801=CARTESIAN_POINT('',(2.9319805,-3.1819805,0.));
#5802=CARTESIAN_POINT('Origin',(3.1819805,-3.1819805,0.65));
#5803=CARTESIAN_POINT('Origin',(3.1819805,-3.1819805,0.65));
#5804=CARTESIAN_POINT('Origin',(3.63160530000303,12.3845652000113,0.));
#5805=CARTESIAN_POINT('',(3.63160530000303,12.3845652000113,0.));
#5806=CARTESIAN_POINT('',(3.682075,12.5729207,0.));
#5807=CARTESIAN_POINT('',(1.9618990643962,6.15313618694326,0.));
#5808=CARTESIAN_POINT('',(3.63160530000303,12.3845652000113,0.3));
#5809=CARTESIAN_POINT('',(3.63160530000303,12.3845652000113,0.));
#5810=CARTESIAN_POINT('',(3.682075,12.5729207,0.3));
#5811=CARTESIAN_POINT('',(3.682075,12.5729207,0.3));
#5812=CARTESIAN_POINT('',(3.682075,12.5729207,0.));
#5813=CARTESIAN_POINT('Origin',(3.3394127,12.462858,0.));
#5814=CARTESIAN_POINT('',(3.04722008169873,12.5411507316987,0.));
#5815=CARTESIAN_POINT('Origin',(3.3394127,12.462858,0.));
#5816=CARTESIAN_POINT('',(3.04722008169873,12.5411507316987,0.3));
#5817=CARTESIAN_POINT('',(3.04722008169873,12.5411507316987,0.));
#5818=CARTESIAN_POINT('Origin',(3.3394127,12.462858,0.3));
#5819=CARTESIAN_POINT('Origin',(3.0976899,12.7295063,0.));
#5820=CARTESIAN_POINT('',(3.09768990010397,12.729506300388,0.));
#5821=CARTESIAN_POINT('',(1.40274963663782,6.40389924725856,0.));
#5822=CARTESIAN_POINT('',(3.09768990010397,12.729506300388,0.3));
#5823=CARTESIAN_POINT('',(3.09768990010397,12.729506300388,0.));
#5824=CARTESIAN_POINT('',(3.0472202,12.5411507,0.3));
#5825=CARTESIAN_POINT('Origin',(3.3898824,12.6512135,0.));
#5826=CARTESIAN_POINT('Origin',(3.3898824,12.6512135,0.));
#5827=CARTESIAN_POINT('Origin',(3.3898824,12.6512135,0.3));
#5828=CARTESIAN_POINT('Origin',(3.36464750170371,12.5570357017037,0.3));
#5829=CARTESIAN_POINT('Origin',(-12.5411507000113,-3.04722020000303,0.));
#5830=CARTESIAN_POINT('',(-12.5411507000113,-3.04722020000303,0.));
#5831=CARTESIAN_POINT('',(-12.7295063,-3.0976899,0.));
#5832=CARTESIAN_POINT('',(-6.30972144726423,-1.37751478663934,0.));
#5833=CARTESIAN_POINT('',(-12.5411507000113,-3.04722020000303,0.3));
#5834=CARTESIAN_POINT('',(-12.5411507000113,-3.04722020000303,0.));
#5835=CARTESIAN_POINT('',(-12.7295063,-3.0976899,0.3));
#5836=CARTESIAN_POINT('',(-12.7295063,-3.0976899,0.3));
#5837=CARTESIAN_POINT('',(-12.7295063,-3.0976899,0.));
#5838=CARTESIAN_POINT('Origin',(-12.462858,-3.3394127,0.));
#5839=CARTESIAN_POINT('',(-12.3845652316987,-3.63160518169873,0.));
#5840=CARTESIAN_POINT('Origin',(-12.462858,-3.3394127,0.));
#5841=CARTESIAN_POINT('',(-12.3845652316987,-3.63160518169873,0.3));
#5842=CARTESIAN_POINT('',(-12.3845652316987,-3.63160518169873,0.));
#5843=CARTESIAN_POINT('Origin',(-12.462858,-3.3394127,0.3));
#5844=CARTESIAN_POINT('Origin',(-12.5729207,-3.682075,0.));
#5845=CARTESIAN_POINT('',(-12.5729207000119,-3.68207500000318,0.));
#5846=CARTESIAN_POINT('',(-6.2473139369376,-1.98713391439468,0.));
#5847=CARTESIAN_POINT('',(-12.5729207000119,-3.68207500000318,0.3));
#5848=CARTESIAN_POINT('',(-12.5729207000119,-3.68207500000318,0.));
#5849=CARTESIAN_POINT('',(-12.3845652,-3.6316053,0.3));
#5850=CARTESIAN_POINT('Origin',(-12.6512135,-3.3898824,0.));
#5851=CARTESIAN_POINT('Origin',(-12.6512135,-3.3898824,0.));
#5852=CARTESIAN_POINT('Origin',(-12.6512135,-3.3898824,0.3));
#5853=CARTESIAN_POINT('Origin',(-12.5570358112372,-3.36464761123724,0.3));
#5854=CARTESIAN_POINT('Origin',(8.9095454,-9.337345,0.));
#5855=CARTESIAN_POINT('',(8.9095454,-9.337345,0.));
#5856=CARTESIAN_POINT('',(9.0474313,-9.4752309,0.));
#5857=CARTESIAN_POINT('',(4.3478228,-4.7756224,0.));
#5858=CARTESIAN_POINT('',(8.9095454,-9.337345,0.3));
#5859=CARTESIAN_POINT('',(8.9095454,-9.337345,0.));
#5860=CARTESIAN_POINT('',(9.0474313,-9.4752309,0.3));
#5861=CARTESIAN_POINT('',(9.0474313,-9.4752309,0.3));
#5862=CARTESIAN_POINT('',(9.0474313,-9.4752309,0.));
#5863=CARTESIAN_POINT('Origin',(9.1234452,-9.1234452,0.));
#5864=CARTESIAN_POINT('',(9.337345,-8.9095454,0.));
#5865=CARTESIAN_POINT('Origin',(9.1234452,-9.1234452,0.));
#5866=CARTESIAN_POINT('',(9.337345,-8.9095454,0.3));
#5867=CARTESIAN_POINT('',(9.337345,-8.9095454,0.));
#5868=CARTESIAN_POINT('Origin',(9.1234452,-9.1234452,0.3));
#5869=CARTESIAN_POINT('Origin',(9.4752309,-9.0474313,0.));
#5870=CARTESIAN_POINT('',(9.4752309,-9.0474313,0.));
#5871=CARTESIAN_POINT('',(4.84456535,-4.41676575,0.));
#5872=CARTESIAN_POINT('',(9.4752309,-9.0474313,0.3));
#5873=CARTESIAN_POINT('',(9.4752309,-9.0474313,0.));
#5874=CARTESIAN_POINT('',(9.337345,-8.9095454,0.3));
#5875=CARTESIAN_POINT('Origin',(9.2613311,-9.2613311,0.));
#5876=CARTESIAN_POINT('Origin',(9.2613311,-9.2613311,0.));
#5877=CARTESIAN_POINT('Origin',(9.2613311,-9.2613311,0.3));
#5878=CARTESIAN_POINT('Origin',(9.19238815,-9.19238815,0.3));
#5879=CARTESIAN_POINT('Origin',(-18.6928480060001,-53.6828640905038,0.));
#5880=CARTESIAN_POINT('',(3.56378167557574,13.3173919835955,0.));
#5881=CARTESIAN_POINT('',(3.66110956667428,13.2849823704416,0.));
#5882=CARTESIAN_POINT('Origin',(-18.6928480060001,-53.6828640905038,0.));
#5883=CARTESIAN_POINT('',(3.56378167557574,13.3173919835955,0.32));
#5884=CARTESIAN_POINT('',(3.56378167557574,13.3173919835955,0.));
#5885=CARTESIAN_POINT('',(3.66110956667428,13.2849823704416,0.32));
#5886=CARTESIAN_POINT('Origin',(-18.6928480060001,-53.6828640905038,0.32));
#5887=CARTESIAN_POINT('',(3.66110956667428,13.2849823704416,0.));
#5888=CARTESIAN_POINT('Origin',(3.36464758633277,12.5570357417579,0.));
#5889=CARTESIAN_POINT('Origin',(3.36464758633277,12.5570357417579,0.));
#5890=CARTESIAN_POINT('Origin',(3.36464758633277,12.5570357417579,0.32));
#5891=CARTESIAN_POINT('Origin',(3.61244562112502,13.3011871770185,0.32));
#5892=CARTESIAN_POINT('Origin',(-12.5627519556199,-3.36373014329965,0.));
#5893=CARTESIAN_POINT('',(-11.7711395254315,-3.35187507037432,0.));
#5894=CARTESIAN_POINT('',(-11.8146086544551,-3.62271350821921,0.));
#5895=CARTESIAN_POINT('Origin',(-12.5627519556199,-3.36373014329965,0.));
#5896=CARTESIAN_POINT('',(-11.7711395254315,-3.35187507037432,0.32));
#5897=CARTESIAN_POINT('',(-11.7711395254315,-3.35187507037432,0.));
#5898=CARTESIAN_POINT('',(-11.8146086544551,-3.62271350821921,0.32));
#5899=CARTESIAN_POINT('Origin',(-12.5627519556199,-3.36373014329965,0.32));
#5900=CARTESIAN_POINT('',(-11.8146086544551,-3.62271350821921,0.));
#5901=CARTESIAN_POINT('Origin',(-12.5570357417579,-3.36464758633277,0.));
#5902=CARTESIAN_POINT('Origin',(-12.5570357417579,-3.36464758633277,0.));
#5903=CARTESIAN_POINT('Origin',(-12.5570357417579,-3.36464758633277,0.32));
#5904=CARTESIAN_POINT('Origin',(-11.7928221981065,-3.48729428929676,0.32));
#5905=CARTESIAN_POINT('Origin',(-0.0572403016437665,0.080622056240995,0.));
#5906=CARTESIAN_POINT('',(7.64000842215762,0.00164165145670736,0.));
#5907=CARTESIAN_POINT('',(2.96408467077887,7.16055646493556,0.));
#5908=CARTESIAN_POINT('Origin',(7.8,1.11022302462516E-17,0.));
#5909=CARTESIAN_POINT('',(7.95999157784238,-0.00164165145670736,0.));
#5910=CARTESIAN_POINT('Origin',(-0.0572403016437665,0.080622056240995,0.));
#5911=CARTESIAN_POINT('',(3.08967912755713,7.45487947183869,0.));
#5912=CARTESIAN_POINT('Origin',(-0.101166082194645,-0.0230510090403521,
0.));
#5913=CARTESIAN_POINT('',(-5.78653684422336,5.78878994600766,0.));
#5914=CARTESIAN_POINT('Origin',(-0.0163752008877698,-0.0974448206389034,
0.));
#5915=CARTESIAN_POINT('',(-7.6639129894276,-3.17278071926102,0.));
#5916=CARTESIAN_POINT('Origin',(0.0879745298301752,-0.0551526476910679,
0.));
#5917=CARTESIAN_POINT('',(-0.0015473602873155,-8.40999251756298,0.));
#5918=CARTESIAN_POINT('Origin',(0.0803447143146078,0.057407926571272,0.));
#5919=CARTESIAN_POINT('',(7.87051873604818,-3.2617433659109,0.));
#5920=CARTESIAN_POINT('Origin',(-0.0233644383181952,0.101246598397061,0.));
#5921=CARTESIAN_POINT('',(6.10692552531085,6.10479858915295,0.));
#5922=CARTESIAN_POINT('Origin',(-0.0973664592294411,0.0160639306782582,
0.));
#5923=CARTESIAN_POINT('',(-3.34500974412546,8.07948391619034,0.));
#5924=CARTESIAN_POINT('Origin',(-0.0549906564642808,-0.0882511646318907,
0.));
#5925=CARTESIAN_POINT('',(-8.85999331279127,0.00146282674093579,0.));
#5926=CARTESIAN_POINT('Origin',(0.0575699149340917,-0.0800708931747643,
0.));
#5927=CARTESIAN_POINT('',(-3.43381619902714,-8.28615428715873,0.));
#5928=CARTESIAN_POINT('Origin',(0.101328172794764,0.0236715727363471,0.));
#5929=CARTESIAN_POINT('',(6.4230538789752,-6.42506737646758,0.));
#5930=CARTESIAN_POINT('Origin',(0.0157586372462648,0.0972867219830029,0.));
#5931=CARTESIAN_POINT('',(8.49505803316426,3.51723073502388,0.));
#5932=CARTESIAN_POINT('Origin',(-0.0885243823808557,0.054833471272944,0.));
#5933=CARTESIAN_POINT('',(0.00138661081981883,9.30999399148229,0.));
#5934=CARTESIAN_POINT('Origin',(-0.0798000843727721,-0.0577270975586635,
0.));
#5935=CARTESIAN_POINT('',(-8.70178667221804,3.60589637628826,0.));
#5936=CARTESIAN_POINT('Origin',(0.0239733251631767,-0.101410660405348,0.));
#5937=CARTESIAN_POINT('',(-6.74321460022853,-6.74130364757332,0.));
#5938=CARTESIAN_POINT('Origin',(0.0972058133791687,-0.0154584672618343,
0.));
#5939=CARTESIAN_POINT('',(3.68943808427959,-8.91063761870635,0.));
#5940=CARTESIAN_POINT('Origin',(0.0556216118507188,0.0876244409346986,0.));
#5941=CARTESIAN_POINT('Origin',(0.0415379279027601,-0.0961980184561762,
0.));
#5942=CARTESIAN_POINT('',(-5.53175122124337,-8.51608327132055,0.));
#5943=CARTESIAN_POINT('Origin',(0.101485943685098,0.02617461652069,0.));
#5944=CARTESIAN_POINT('Origin',(-0.0101744942190567,0.104336495510101,0.));
#5945=CARTESIAN_POINT('',(8.10243107993271,6.55981395051339,0.));
#5946=CARTESIAN_POINT('Origin',(-0.0101744942190567,0.104336495510101,0.));
#5947=CARTESIAN_POINT('',(8.10243107993271,6.55981395051339,0.));
#5948=CARTESIAN_POINT('Origin',(-0.10467982644442,0.0060781672748517,0.));
#5949=CARTESIAN_POINT('',(-5.27906623195583,9.14576319635062,0.));
#5950=CARTESIAN_POINT('Origin',(-0.10467982644442,0.0060781672748517,0.));
#5951=CARTESIAN_POINT('',(-5.27906623195583,9.14576319635062,0.));
#5952=CARTESIAN_POINT('Origin',(-0.0221927975677675,-0.102506310766088,
0.));
#5953=CARTESIAN_POINT('',(-9.98501942993707,-3.83175389748849,0.));
#5954=CARTESIAN_POINT('Origin',(-0.0221927975677675,-0.102506310766088,
0.));
#5955=CARTESIAN_POINT('',(-9.98501942993707,-3.83175389748849,0.));
#5956=CARTESIAN_POINT('Origin',(0.0978668144372408,-0.0377819107219608,
0.));
#5957=CARTESIAN_POINT('',(2.25066047757912,-10.593552499159,0.));
#5958=CARTESIAN_POINT('Origin',(0.0978668144372408,-0.0377819107219608,
0.));
#5959=CARTESIAN_POINT('',(2.25066047757912,-10.593552499159,0.));
#5960=CARTESIAN_POINT('Origin',(0.0524704206025242,0.0908715113682367,0.));
#5961=CARTESIAN_POINT('',(10.9500234626775,0.572834587813368,0.));
#5962=CARTESIAN_POINT('Origin',(0.0524704206025242,0.0908715113682367,0.));
#5963=CARTESIAN_POINT('',(10.9500234626775,0.572834587813368,0.));
#5964=CARTESIAN_POINT('Origin',(-0.0816872734505185,0.0659046645270523,
0.));
#5965=CARTESIAN_POINT('',(1.1612759627898,11.039083638044,0.));
#5966=CARTESIAN_POINT('Origin',(-0.0816872734505185,0.0659046645270523,
0.));
#5967=CARTESIAN_POINT('',(1.1612759627898,11.039083638044,0.));
#5968=CARTESIAN_POINT('Origin',(-0.0777609181424846,-0.0705336960769469,
0.));
#5969=CARTESIAN_POINT('',(-10.8518414448276,2.9090633413435,0.));
#5970=CARTESIAN_POINT('Origin',(-0.0777609181424846,-0.0705336960769469,
0.));
#5971=CARTESIAN_POINT('',(-10.8518414448276,2.9090633413435,0.));
#5972=CARTESIAN_POINT('Origin',(0.019790012710993,-0.0971221601543755,0.));
#5973=CARTESIAN_POINT('',(-8.80197076756362,-7.12606650148623,0.));
#5974=CARTESIAN_POINT('Origin',(0.019790012710993,-0.0971221601543755,0.));
#5975=CARTESIAN_POINT('',(-8.80197076756362,-7.12606650148623,0.));
#5976=CARTESIAN_POINT('Origin',(0.090208579504612,-0.0410704352689926,0.));
#5977=CARTESIAN_POINT('',(0.596160644878572,-11.3994169393275,0.));
#5978=CARTESIAN_POINT('Origin',(0.090208579504612,-0.0410704352689926,0.));
#5979=CARTESIAN_POINT('',(0.596160644878572,-11.3994169393275,0.));
#5980=CARTESIAN_POINT('Origin',(0.0862467436694591,0.0488454431258147,0.));
#5981=CARTESIAN_POINT('',(9.64834864052261,-6.266922711212,0.));
#5982=CARTESIAN_POINT('Origin',(0.0862467436694591,0.0488454431258147,0.));
#5983=CARTESIAN_POINT('',(9.64834864052261,-6.266922711212,0.));
#5984=CARTESIAN_POINT('Origin',(-0.0196450997786461,0.0992206934908853,
0.));
#5985=CARTESIAN_POINT('',(8.08202179787096,8.36728429457153,0.));
#5986=CARTESIAN_POINT('Origin',(-0.0196450997786461,0.0992206934908853,
0.));
#5987=CARTESIAN_POINT('',(8.08202179787096,8.36728429457153,0.));
#5988=CARTESIAN_POINT('Origin',(-0.0843930543728191,0.0526590759891535,
0.));
#5989=CARTESIAN_POINT('',(-0.203027635580367,11.70638154828,0.));
#5990=CARTESIAN_POINT('Origin',(-0.0843930543728191,0.0526590759891535,
0.));
#5991=CARTESIAN_POINT('',(-0.203027635580367,11.70638154828,0.));
#5992=CARTESIAN_POINT('Origin',(-0.0969533159034885,-0.0223410244491087,
0.));
#5993=CARTESIAN_POINT('',(-8.47516361874958,8.18617739335772,0.));
#5994=CARTESIAN_POINT('Origin',(-0.0969533159034885,-0.0223410244491087,
0.));
#5995=CARTESIAN_POINT('',(-8.47516361874958,8.18617739335772,0.));
#5996=CARTESIAN_POINT('Origin',(-0.0528586998688886,-0.0843145938130874,
0.));
#5997=CARTESIAN_POINT('',(-11.8563128789044,-0.205660500058618,0.));
#5998=CARTESIAN_POINT('Origin',(-0.0528586998688886,-0.0843145938130874,
0.));
#5999=CARTESIAN_POINT('',(-11.8563128789044,-0.205660500058618,0.));
#6000=CARTESIAN_POINT('Origin',(0.0221442668959113,-0.0970390410531963,
0.));
#6001=CARTESIAN_POINT('',(-8.29033328357059,-8.58304265125169,0.));
#6002=CARTESIAN_POINT('Origin',(0.0221442668959113,-0.0970390410531963,
0.));
#6003=CARTESIAN_POINT('',(-8.29033328357059,-8.58304265125169,0.));
#6004=CARTESIAN_POINT('Origin',(0.0842360318378282,-0.0530585645445412,
0.));
#6005=CARTESIAN_POINT('',(0.208292957810968,-12.0062442116748,0.));
#6006=CARTESIAN_POINT('Origin',(0.0842360318378282,-0.0530585645445412,
0.));
#6007=CARTESIAN_POINT('',(0.208292957810968,-12.0062442116748,0.));
#6008=CARTESIAN_POINT('Origin',(0.0971248629184954,0.0219472719844254,0.));
#6009=CARTESIAN_POINT('',(8.11430264791905,-8.94547189734279,0.));
#6010=CARTESIAN_POINT('Origin',(0.0971248629184954,0.0219472719844254,0.));
#6011=CARTESIAN_POINT('',(8.11430264791905,-8.94547189734279,0.));
#6012=CARTESIAN_POINT('Origin',(9.19238815542512,-9.19238815542512,0.));
#6013=CARTESIAN_POINT('',(8.08874803136443,-9.26459948807663,0.));
#6014=CARTESIAN_POINT('Origin',(9.19238815542512,-9.19238815542512,0.));
#6015=CARTESIAN_POINT('',(8.08874803136443,-9.26459948807663,0.));
#6016=CARTESIAN_POINT('',(8.11430264791905,-8.94547189734279,0.));
#6017=CARTESIAN_POINT('Origin',(7.83499253413221,-9.53562137759555,0.));
#6018=CARTESIAN_POINT('',(7.83499253413221,-9.53562137759555,0.));
#6019=CARTESIAN_POINT('',(8.38374919443322,-8.94952543649058,0.));
#6020=CARTESIAN_POINT('',(7.83499253413221,-9.53562137759555,0.));
#6021=CARTESIAN_POINT('Origin',(7.77665188372606,-9.6005188133977,0.));
#6022=CARTESIAN_POINT('',(7.77665188372606,-9.6005188133977,0.));
#6023=CARTESIAN_POINT('',(8.42536030827949,-8.87890338669813,0.));
#6024=CARTESIAN_POINT('',(7.77665188372606,-9.6005188133977,0.));
#6025=CARTESIAN_POINT('Origin',(-0.0259551378527454,0.258580319018091,0.));
#6026=CARTESIAN_POINT('',(5.30857386173987,-11.1267309652251,0.));
#6027=CARTESIAN_POINT('Origin',(-0.0259551378527454,0.258580319018091,0.));
#6028=CARTESIAN_POINT('',(5.30857386173987,-11.1267309652251,0.));
#6029=CARTESIAN_POINT('Origin',(0.0950710825042281,0.016873107089229,0.));
#6030=CARTESIAN_POINT('',(-0.962256855178968,-12.2404750179607,0.));
#6031=CARTESIAN_POINT('Origin',(0.0950710825042281,0.016873107089229,0.));
#6032=CARTESIAN_POINT('',(-0.962256855178968,-12.2404750179607,0.));
#6033=CARTESIAN_POINT('Origin',(0.0739921815376433,-0.0669899755273159,
0.));
#6034=CARTESIAN_POINT('',(-11.5512764633593,-3.82473917929572,0.));
#6035=CARTESIAN_POINT('Origin',(0.0739921815376433,-0.0669899755273159,
0.));
#6036=CARTESIAN_POINT('',(-11.5512764633593,-3.82473917929572,0.));
#6037=CARTESIAN_POINT('Origin',(-12.5570357417579,-3.36464758633277,0.));
#6038=CARTESIAN_POINT('',(-11.512292512855,-3.7276180888002,0.));
#6039=CARTESIAN_POINT('Origin',(-12.5570357417579,-3.36464758633277,0.));
#6040=CARTESIAN_POINT('',(-11.512292512855,-3.7276180888002,0.));
#6041=CARTESIAN_POINT('Origin',(-12.5627519556199,-3.36373014329965,0.));
#6042=CARTESIAN_POINT('',(-11.4511804013625,-3.34675998953908,0.));
#6043=CARTESIAN_POINT('Origin',(-12.5627519556199,-3.36373014329965,0.));
#6044=CARTESIAN_POINT('',(-11.4511804013625,-3.34675998953908,0.));
#6045=CARTESIAN_POINT('Origin',(-12.5570357417579,-3.36464758633277,0.));
#6046=CARTESIAN_POINT('',(-12.2597579913068,-2.29934859586731,0.));
#6047=CARTESIAN_POINT('Origin',(-12.5570357417579,-3.36464758633277,0.));
#6048=CARTESIAN_POINT('',(-12.2597579913068,-2.29934859586731,0.));
#6049=CARTESIAN_POINT('Origin',(-12.2646222277502,-2.27191870834203,0.));
#6050=CARTESIAN_POINT('',(-12.2646222277502,-2.27191870834203,0.));
#6051=CARTESIAN_POINT('',(-12.2729599056384,-2.22490175730524,0.));
#6052=CARTESIAN_POINT('',(-12.2646222277502,-2.27191870834203,0.));
#6053=CARTESIAN_POINT('Origin',(-0.0748537234284624,-0.0838162443396297,
0.));
#6054=CARTESIAN_POINT('',(-10.2169733726138,7.02362116166255,0.));
#6055=CARTESIAN_POINT('Origin',(-0.0748537234284624,-0.0838162443396297,
0.));
#6056=CARTESIAN_POINT('',(-10.2169733726138,7.02362116166255,0.));
#6057=CARTESIAN_POINT('Origin',(-0.0903298695244718,-0.0366361629971872,
0.));
#6058=CARTESIAN_POINT('',(2.5562709661842,12.0212101526438,0.));
#6059=CARTESIAN_POINT('Origin',(-0.0903298695244718,-0.0366361629971872,
0.));
#6060=CARTESIAN_POINT('',(2.5562709661842,12.0212101526438,0.));
#6061=CARTESIAN_POINT('Origin',(2.67723133748497,11.9780071793701,0.));
#6062=CARTESIAN_POINT('',(2.67723133748497,11.9780071793701,0.));
#6063=CARTESIAN_POINT('',(3.38712641904461,11.7244565503008,0.));
#6064=CARTESIAN_POINT('',(2.67723133748497,11.9780071793701,0.));
#6065=CARTESIAN_POINT('Origin',(2.97614931750815,11.8671769359637,0.));
#6066=CARTESIAN_POINT('',(2.97614931750815,11.8671769359637,0.));
#6067=CARTESIAN_POINT('',(3.60203786745734,11.6351153506061,0.));
#6068=CARTESIAN_POINT('',(2.97614931750815,11.8671769359637,0.));
#6069=CARTESIAN_POINT('Origin',(3.07842034665972,11.8250043440234,0.));
#6070=CARTESIAN_POINT('',(3.07842034665972,11.8250043440234,0.));
#6071=CARTESIAN_POINT('',(3.84666273794127,11.5082110825537,0.));
#6072=CARTESIAN_POINT('',(3.07842034665972,11.8250043440234,0.));
#6073=CARTESIAN_POINT('Origin',(3.36464758633274,12.5570357417579,0.));
#6074=CARTESIAN_POINT('',(3.08037301928398,11.8242438405136,0.));
#6075=CARTESIAN_POINT('Origin',(3.36464758633274,12.5570357417579,0.));
#6076=CARTESIAN_POINT('',(3.08037301928398,11.8242438405136,0.));
#6077=CARTESIAN_POINT('Origin',(3.16499595117849,11.796815231261,0.));
#6078=CARTESIAN_POINT('',(3.16499595117849,11.796815231261,0.));
#6079=CARTESIAN_POINT('',(3.46302308455347,11.700216477176,0.));
#6080=CARTESIAN_POINT('',(3.16499595117849,11.796815231261,0.));
#6081=CARTESIAN_POINT('Origin',(3.36464758633274,12.5570357417579,0.));
#6082=CARTESIAN_POINT('',(3.17554823448768,11.7941219621394,0.));
#6083=CARTESIAN_POINT('Origin',(3.36464758633274,12.5570357417579,0.));
#6084=CARTESIAN_POINT('',(3.17554823448768,11.7941219621394,0.));
#6085=CARTESIAN_POINT('Origin',(3.25638582996682,11.7782211676804,0.));
#6086=CARTESIAN_POINT('',(3.25638582996682,11.7782211676804,0.));
#6087=CARTESIAN_POINT('',(2.80408389059204,11.8671891797643,0.));
#6088=CARTESIAN_POINT('',(3.25638582996682,11.7782211676804,0.));
#6089=CARTESIAN_POINT('Origin',(3.3541815708183,11.7623408459498,0.));
#6090=CARTESIAN_POINT('',(3.3541815708183,11.7623408459498,0.));
#6091=CARTESIAN_POINT('',(2.65064124898899,11.8765835170906,0.));
#6092=CARTESIAN_POINT('',(3.3541815708183,11.7623408459498,0.));
#6093=CARTESIAN_POINT('Origin',(3.46183405334923,11.7423338934391,0.));
#6094=CARTESIAN_POINT('',(3.46183405334923,11.7423338934391,0.));
#6095=CARTESIAN_POINT('',(2.84341879186325,11.8572648683463,0.));
#6096=CARTESIAN_POINT('',(3.46183405334923,11.7423338934391,0.));
#6097=CARTESIAN_POINT('Origin',(3.77457465442851,11.6841014271435,0.));
#6098=CARTESIAN_POINT('',(3.77457465442852,11.6841014271435,0.));
#6099=CARTESIAN_POINT('',(3.00187042663847,11.8279793654282,0.));
#6100=CARTESIAN_POINT('',(3.77457465442852,11.6841014271435,0.));
#6101=CARTESIAN_POINT('Origin',(-0.088915807485385,0.0349379108491452,0.));
#6102=CARTESIAN_POINT('',(3.95595066845977,11.6223718101402,0.));
#6103=CARTESIAN_POINT('Origin',(-0.088915807485385,0.0349379108491452,0.));
#6104=CARTESIAN_POINT('',(3.95595066845977,11.6223718101402,0.));
#6105=CARTESIAN_POINT('Origin',(3.36464758633274,12.5570357417579,0.));
#6106=CARTESIAN_POINT('',(3.19884003479973,11.4635350074853,0.));
#6107=CARTESIAN_POINT('Origin',(3.36464758633274,12.5570357417579,0.));
#6108=CARTESIAN_POINT('',(3.19884003479973,11.4635350074853,0.));
#6109=CARTESIAN_POINT('Origin',(3.29900982111452,11.4471518162451,0.));
#6110=CARTESIAN_POINT('',(3.29900982111452,11.4471518162451,0.));
#6111=CARTESIAN_POINT('',(2.60420589527307,11.5607899301942,0.));
#6112=CARTESIAN_POINT('',(3.29900982111452,11.4471518162451,0.));
#6113=CARTESIAN_POINT('Origin',(3.61175042219383,11.3889193499495,0.));
#6114=CARTESIAN_POINT('',(3.61175042219383,11.3889193499495,0.));
#6115=CARTESIAN_POINT('',(2.89116962791779,11.5230918771849,0.));
#6116=CARTESIAN_POINT('',(3.61175042219383,11.3889193499495,0.));
#6117=CARTESIAN_POINT('Origin',(3.6946469845697,11.3750298379987,0.));
#6118=CARTESIAN_POINT('',(3.6946469845697,11.3750298379987,0.));
#6119=CARTESIAN_POINT('',(2.82470248602715,11.5207910633473,0.));
#6120=CARTESIAN_POINT('',(3.6946469845697,11.3750298379987,0.));
#6121=CARTESIAN_POINT('Origin',(-0.088915807485385,0.0349379108491452,0.));
#6122=CARTESIAN_POINT('',(4.85898488618114,10.91755356453,0.));
#6123=CARTESIAN_POINT('Origin',(-0.088915807485385,0.0349379108491452,0.));
#6124=CARTESIAN_POINT('',(4.85898488618114,10.91755356453,0.));
#6125=CARTESIAN_POINT('Origin',(-0.157253250834491,-0.0406648143330615,
0.));
#6126=CARTESIAN_POINT('',(8.27463665615547,8.5702833148913,0.));
#6127=CARTESIAN_POINT('Origin',(-0.157253250834491,-0.0406648143330615,
0.));
#6128=CARTESIAN_POINT('',(8.27463665615547,8.5702833148913,0.));
#6129=CARTESIAN_POINT('Origin',(-0.0217500486111284,0.0972107779521616,
0.));
#6130=CARTESIAN_POINT('',(11.836191322991,0.207752845597993,0.));
#6131=CARTESIAN_POINT('Origin',(-0.0217500486111284,0.0972107779521616,
0.));
#6132=CARTESIAN_POINT('',(11.836191322991,0.207752845597993,0.));
#6133=CARTESIAN_POINT('Origin',(0.0532586609909684,0.0841573723288277,0.));
#6134=CARTESIAN_POINT('',(8.46242593891771,-8.17045868077403,0.));
#6135=CARTESIAN_POINT('Origin',(0.0532586609909684,0.0841573723288277,0.));
#6136=CARTESIAN_POINT('',(8.46242593891771,-8.17045868077403,0.));
#6137=CARTESIAN_POINT('Origin',(0.0971248629184954,0.0219472719844254,0.));
#6138=CARTESIAN_POINT('',(0.205151306573623,-11.686259686926,0.));
#6139=CARTESIAN_POINT('Origin',(0.0971248629184954,0.0219472719844254,0.));
#6140=CARTESIAN_POINT('',(0.205151306573623,-11.686259686926,0.));
#6141=CARTESIAN_POINT('Origin',(0.0842360318378282,-0.0530585645445412,
0.));
#6142=CARTESIAN_POINT('',(-8.06628043220818,-8.35456883252016,0.));
#6143=CARTESIAN_POINT('Origin',(0.0842360318378282,-0.0530585645445412,
0.));
#6144=CARTESIAN_POINT('',(-8.06628043220818,-8.35456883252016,0.));
#6145=CARTESIAN_POINT('Origin',(0.0221442668959113,-0.0970390410531963,
0.));
#6146=CARTESIAN_POINT('',(-11.5363280482889,-0.202550158670413,0.));
#6147=CARTESIAN_POINT('Origin',(0.0221442668959113,-0.0970390410531963,
0.));
#6148=CARTESIAN_POINT('',(-11.5363280482889,-0.202550158670413,0.));
#6149=CARTESIAN_POINT('Origin',(-0.0528586998688886,-0.0843145938130874,
0.));
#6150=CARTESIAN_POINT('',(-8.24671200617081,7.96210189992781,0.));
#6151=CARTESIAN_POINT('Origin',(-0.0528586998688886,-0.0843145938130874,
0.));
#6152=CARTESIAN_POINT('',(-8.24671200617081,7.96210189992781,0.));
#6153=CARTESIAN_POINT('Origin',(-0.0969533159034885,-0.0223410244491087,
0.));
#6154=CARTESIAN_POINT('',(-0.199949417120892,11.3863964070392,0.));
#6155=CARTESIAN_POINT('Origin',(-0.0969533159034885,-0.0223410244491087,
0.));
#6156=CARTESIAN_POINT('',(-0.199949417120892,11.3863964070392,0.));
#6157=CARTESIAN_POINT('Origin',(-0.0843930543728191,0.0526590759891535,
0.));
#6158=CARTESIAN_POINT('',(7.8579272678151,8.13885136033958,0.));
#6159=CARTESIAN_POINT('Origin',(-0.0843930543728191,0.0526590759891535,
0.));
#6160=CARTESIAN_POINT('',(7.8579272678151,8.13885136033958,0.));
#6161=CARTESIAN_POINT('Origin',(-0.0196450997786461,0.0992206934908853,
0.));
#6162=CARTESIAN_POINT('',(9.38121254560949,-6.09074594084294,0.));
#6163=CARTESIAN_POINT('Origin',(-0.0196450997786461,0.0992206934908853,
0.));
#6164=CARTESIAN_POINT('',(9.38121254560949,-6.09074594084294,0.));
#6165=CARTESIAN_POINT('Origin',(0.0862467436694591,0.0488454431258147,0.));
#6166=CARTESIAN_POINT('',(0.581921116430436,-11.0797339153347,0.));
#6167=CARTESIAN_POINT('Origin',(0.0862467436694591,0.0488454431258147,0.));
#6168=CARTESIAN_POINT('',(0.581921116430436,-11.0797339153347,0.));
#6169=CARTESIAN_POINT('Origin',(0.090208579504612,-0.0410704352689926,0.));
#6170=CARTESIAN_POINT('',(-8.55169894079077,-6.92665734241024,0.));
#6171=CARTESIAN_POINT('Origin',(0.090208579504612,-0.0410704352689926,0.));
#6172=CARTESIAN_POINT('',(-8.55169894079077,-6.92665734241024,0.));
#6173=CARTESIAN_POINT('Origin',(0.019790012710993,-0.0971221601543755,0.));
#6174=CARTESIAN_POINT('',(-10.5434170472991,2.82377330101071,0.));
#6175=CARTESIAN_POINT('Origin',(0.019790012710993,-0.0971221601543755,0.));
#6176=CARTESIAN_POINT('',(-10.5434170472991,2.82377330101071,0.));
#6177=CARTESIAN_POINT('Origin',(-0.0777609181424846,-0.0705336960769469,
0.));
#6178=CARTESIAN_POINT('',(1.12552886876444,10.721086677305,0.));
#6179=CARTESIAN_POINT('Origin',(-0.0777609181424846,-0.0705336960769469,
0.));
#6180=CARTESIAN_POINT('',(1.12552886876444,10.721086677305,0.));
#6181=CARTESIAN_POINT('Origin',(-0.0816872734505185,0.0659046645270523,
0.));
#6182=CARTESIAN_POINT('',(10.6303481929456,0.558424738820833,0.));
#6183=CARTESIAN_POINT('Origin',(-0.0816872734505185,0.0659046645270523,
0.));
#6184=CARTESIAN_POINT('',(10.6303481929456,0.558424738820833,0.));
#6185=CARTESIAN_POINT('Origin',(0.0524704206025242,0.0908715113682367,0.));
#6186=CARTESIAN_POINT('',(2.18644881282139,-10.2800612169952,0.));
#6187=CARTESIAN_POINT('Origin',(0.0524704206025242,0.0908715113682367,0.));
#6188=CARTESIAN_POINT('',(2.18644881282139,-10.2800612169952,0.));
#6189=CARTESIAN_POINT('Origin',(0.0978668144372408,-0.0377819107219608,
0.));
#6190=CARTESIAN_POINT('',(-9.68542199240943,-3.71932037326267,0.));
#6191=CARTESIAN_POINT('Origin',(0.0978668144372408,-0.0377819107219608,
0.));
#6192=CARTESIAN_POINT('',(-9.68542199240943,-3.71932037326267,0.));
#6193=CARTESIAN_POINT('Origin',(-0.0221927975677675,-0.102506310766088,
0.));
#6194=CARTESIAN_POINT('Origin',(-0.0221927975677675,-0.102506310766088,
0.));
#6195=CARTESIAN_POINT('Origin',(-0.10467982644442,0.0060781672748517,0.));
#6196=CARTESIAN_POINT('',(7.85220150077764,6.36035197472974,0.));
#6197=CARTESIAN_POINT('Origin',(-0.10467982644442,0.0060781672748517,0.));
#6198=CARTESIAN_POINT('',(7.85220150077764,6.36035197472974,0.));
#6199=CARTESIAN_POINT('Origin',(-0.0101744942190567,0.104336495510101,0.));
#6200=CARTESIAN_POINT('Origin',(-0.0101744942190567,0.104336495510101,0.));
#6201=CARTESIAN_POINT('Origin',(0.101485943685098,0.02617461652069,0.));
#6202=CARTESIAN_POINT('',(-5.3553503710729,-8.24909514001116,0.));
#6203=CARTESIAN_POINT('Origin',(0.0415379279027601,-0.0961980184561762,
0.));
#6204=CARTESIAN_POINT('',(-8.86197498085983,3.94404918900363,0.));
#6205=CARTESIAN_POINT('Origin',(-0.0886010730045807,-0.0558956808108706,
0.));
#6206=CARTESIAN_POINT('',(2.47421542532423,9.23945934425334,0.));
#6207=CARTESIAN_POINT('Origin',(-0.0689034983129896,0.0788788462113483,
0.));
#6208=CARTESIAN_POINT('',(9.37851191281049,-0.98415438843592,0.));
#6209=CARTESIAN_POINT('Origin',(0.0556216118507188,0.0876244409346986,0.));
#6210=CARTESIAN_POINT('',(3.56961201358103,-8.61391938067495,0.));
#6211=CARTESIAN_POINT('Origin',(0.0972058133791687,-0.0154584672618343,
0.));
#6212=CARTESIAN_POINT('',(-6.51491792658871,-6.51707028773671,0.));
#6213=CARTESIAN_POINT('Origin',(0.0239733251631767,-0.101410660405348,0.));
#6214=CARTESIAN_POINT('',(-8.40726945970929,3.48075800689741,0.));
#6215=CARTESIAN_POINT('Origin',(-0.0798000843727721,-0.0577270975586635,
0.));
#6216=CARTESIAN_POINT('',(-0.00155722605896852,8.99000757815758,0.));
#6217=CARTESIAN_POINT('Origin',(-0.0885243823808557,0.054833471272944,0.));
#6218=CARTESIAN_POINT('',(8.19828965896275,3.39752888861924,0.));
#6219=CARTESIAN_POINT('Origin',(0.0157586372462648,0.0972867219830029,0.));
#6220=CARTESIAN_POINT('',(6.19892387992491,-6.19666922751431,0.));
#6221=CARTESIAN_POINT('Origin',(0.101328172794764,0.0236715727363471,0.));
#6222=CARTESIAN_POINT('',(-3.30854129157168,-7.99169512611571,0.));
#6223=CARTESIAN_POINT('Origin',(0.0575699149340917,-0.0800708931747643,
0.));
#6224=CARTESIAN_POINT('',(-8.54000833615924,-0.0016332487455198,0.));
#6225=CARTESIAN_POINT('Origin',(-0.0549906564642808,-0.0882511646318907,
0.));
#6226=CARTESIAN_POINT('',(-3.22545262598332,7.78265720670651,0.));
#6227=CARTESIAN_POINT('Origin',(-0.0973664592294411,0.0160639306782582,
0.));
#6228=CARTESIAN_POINT('',(5.8784151820526,5.88078297805764,0.));
#6229=CARTESIAN_POINT('Origin',(-0.0233644383181952,0.101246598397061,0.));
#6230=CARTESIAN_POINT('',(7.57612394647335,-3.13631726083685,0.));
#6231=CARTESIAN_POINT('Origin',(0.0803447143146078,0.057407926571272,0.));
#6232=CARTESIAN_POINT('',(0.00171755654852393,-8.09000921901715,0.));
#6233=CARTESIAN_POINT('Origin',(0.0879745298301752,-0.0551526476910679,
0.));
#6234=CARTESIAN_POINT('',(-7.36702157726214,-3.05338436526838,0.));
#6235=CARTESIAN_POINT('Origin',(-0.0163752008877698,-0.0974448206389034,
0.));
#6236=CARTESIAN_POINT('',(-5.56264851209921,5.56015489661221,0.));
#6237=CARTESIAN_POINT('Origin',(-0.101166082194645,-0.0230510090403521,
0.));
#6238=CARTESIAN_POINT('Origin',(0.0532586609909684,0.0841573723288277,0.));
#6239=CARTESIAN_POINT('',(8.69092140312537,-8.39448945743093,0.));
#6240=CARTESIAN_POINT('',(8.96033187474472,-8.11100668591643,0.));
#6241=CARTESIAN_POINT('Origin',(0.0532586609909684,0.0841573723288277,0.));
#6242=CARTESIAN_POINT('',(8.69092140312537,-8.39448945743093,0.32));
#6243=CARTESIAN_POINT('',(8.69092140312537,-8.39448945743093,0.));
#6244=CARTESIAN_POINT('',(8.96033187474472,-8.11100668591643,0.32));
#6245=CARTESIAN_POINT('Origin',(0.0532586609909684,0.0841573723288277,0.32));
#6246=CARTESIAN_POINT('',(8.96033187474472,-8.11100668591643,0.));
#6247=CARTESIAN_POINT('Origin',(0.0971248629184954,0.0219472719844254,0.));
#6248=CARTESIAN_POINT('Origin',(0.0971248629184954,0.0219472719844254,0.));
#6249=CARTESIAN_POINT('Origin',(0.0971248629184954,0.0219472719844254,0.32));
#6250=CARTESIAN_POINT('Origin',(9.19238815542512,-9.19238815542512,0.));
#6251=CARTESIAN_POINT('Origin',(9.19238815542512,-9.19238815542512,0.));
#6252=CARTESIAN_POINT('Origin',(9.19238815542512,-9.19238815542512,0.32));
#6253=CARTESIAN_POINT('Origin',(8.53731726133188,-8.52823929162961,0.32));
#6254=CARTESIAN_POINT('Origin',(-11.8576908575952,-3.72341315462964,0.));
#6255=CARTESIAN_POINT('',(-11.8576908575952,-3.72341315462964,0.));
#6256=CARTESIAN_POINT('',(-11.8647231616875,-3.7368025157322,0.));
#6257=CARTESIAN_POINT('',(-9.80942804347847,0.176436751028695,0.));
#6258=CARTESIAN_POINT('',(-11.8576908575952,-3.72341315462964,0.32));
#6259=CARTESIAN_POINT('',(-11.8576908575952,-3.72341315462964,0.));
#6260=CARTESIAN_POINT('',(-11.8647231616875,-3.7368025157322,0.32));
#6261=CARTESIAN_POINT('',(-11.8650644817257,-3.73745238200397,0.32));
#6262=CARTESIAN_POINT('',(-11.8647231616875,-3.7368025157322,0.));
#6263=CARTESIAN_POINT('Origin',(-12.5570357417579,-3.36464758633277,0.));
#6264=CARTESIAN_POINT('Origin',(-12.5570357417579,-3.36464758633277,0.));
#6265=CARTESIAN_POINT('Origin',(-12.5570357417579,-3.36464758633277,0.32));
#6266=CARTESIAN_POINT('Origin',(-11.8612070096413,-3.73010783518092,0.32));
#6267=CARTESIAN_POINT('Origin',(9.96298636365045,-9.34722484836297,0.));
#6268=CARTESIAN_POINT('',(9.96298636365045,-9.34722484836297,0.));
#6269=CARTESIAN_POINT('',(9.94399144434188,-9.42236314556429,0.));
#6270=CARTESIAN_POINT('',(10.7742707049009,-6.13802332676671,0.));
#6271=CARTESIAN_POINT('',(9.96298636365045,-9.34722484836297,0.32));
#6272=CARTESIAN_POINT('',(9.96298636365045,-9.34722484836297,0.));
#6273=CARTESIAN_POINT('',(9.94399144434188,-9.42236314556429,0.32));
#6274=CARTESIAN_POINT('',(9.94242826178729,-9.42854663460463,0.32));
#6275=CARTESIAN_POINT('',(9.94399144434188,-9.42236314556429,0.));
#6276=CARTESIAN_POINT('Origin',(9.19238815542513,-9.19238815542514,0.));
#6277=CARTESIAN_POINT('Origin',(9.19238815542513,-9.19238815542514,0.));
#6278=CARTESIAN_POINT('',(9.94399144434188,-9.42236314556429,0.));
#6279=CARTESIAN_POINT('Origin',(9.19238815542513,-9.19238815542514,0.32));
#6280=CARTESIAN_POINT('Origin',(9.95348890399617,-9.38479399696363,0.32));
#6281=CARTESIAN_POINT('Origin',(9.19238815542513,-9.19238815542514,0.));
#6282=CARTESIAN_POINT('',(9.94053005979936,-9.4333854394747,0.));
#6283=CARTESIAN_POINT('Origin',(9.19238815542513,-9.19238815542514,0.));
#6284=CARTESIAN_POINT('',(9.94053005979936,-9.4333854394747,0.32));
#6285=CARTESIAN_POINT('Origin',(9.19238815542513,-9.19238815542514,0.32));
#6286=CARTESIAN_POINT('',(9.94053005979936,-9.4333854394747,0.));
#6287=CARTESIAN_POINT('Origin',(9.94242826178729,-9.42854663460463,0.));
#6288=CARTESIAN_POINT('',(9.94242826178729,-9.42854663460463,0.));
#6289=CARTESIAN_POINT('',(10.7639916539693,-6.17868421988754,0.));
#6290=CARTESIAN_POINT('',(9.94242826178729,-9.42854663460463,0.32));
#6291=CARTESIAN_POINT('',(9.94242826178729,-9.42854663460463,0.));
#6292=CARTESIAN_POINT('',(9.94242826178729,-9.42854663460463,0.32));
#6293=CARTESIAN_POINT('Origin',(9.94053005979936,-9.4333854394747,0.));
#6294=CARTESIAN_POINT('',(10.8811990635593,-7.03547742680581,0.));
#6295=CARTESIAN_POINT('',(9.94053005979936,-9.4333854394747,0.));
#6296=CARTESIAN_POINT('',(9.90484050308381,-9.52436353450575,0.32));
#6297=CARTESIAN_POINT('Origin',(9.94226075207062,-9.42787429251949,0.32));
#6298=CARTESIAN_POINT('Origin',(9.94053005979936,-9.4333854394747,0.));
#6299=CARTESIAN_POINT('',(9.90484050308381,-9.52436353450575,0.));
#6300=CARTESIAN_POINT('',(10.8811990635593,-7.03547742680581,0.));
#6301=CARTESIAN_POINT('',(9.90484050308381,-9.52436353450575,0.32));
#6302=CARTESIAN_POINT('',(9.90484050308381,-9.52436353450575,0.32));
#6303=CARTESIAN_POINT('',(9.90484050308381,-9.52436353450575,0.));
#6304=CARTESIAN_POINT('Origin',(9.19238815542513,-9.19238815542514,0.));
#6305=CARTESIAN_POINT('Origin',(9.19238815542513,-9.19238815542514,0.));
#6306=CARTESIAN_POINT('Origin',(9.19238815542513,-9.19238815542514,0.32));
#6307=CARTESIAN_POINT('Origin',(9.92268528144156,-9.47887448699022,0.32));
#6308=CARTESIAN_POINT('Origin',(0.0389034161112887,-0.0876978768873901,
0.));
#6309=CARTESIAN_POINT('',(-13.3331722050361,-4.1525867910751,0.));
#6310=CARTESIAN_POINT('',(-13.6187599129576,-3.05484477115775,0.));
#6311=CARTESIAN_POINT('Origin',(0.0389034161112887,-0.0876978768873901,
0.));
#6312=CARTESIAN_POINT('',(-13.3331722050361,-4.1525867910751,0.32));
#6313=CARTESIAN_POINT('',(-13.3331722050361,-4.1525867910751,0.));
#6314=CARTESIAN_POINT('',(-13.6187599129576,-3.05484477115775,0.32));
#6315=CARTESIAN_POINT('Origin',(0.0389034161112887,-0.0876978768873901,
0.32));
#6316=CARTESIAN_POINT('',(-13.6187599129576,-3.05484477115775,0.));
#6317=CARTESIAN_POINT('Origin',(-12.5570357417579,-3.36464758633276,0.));
#6318=CARTESIAN_POINT('Origin',(-12.5570357417579,-3.36464758633276,0.));
#6319=CARTESIAN_POINT('Origin',(-12.5570357417579,-3.36464758633276,0.32));
#6320=CARTESIAN_POINT('Origin',(-13.498103973397,-3.60371578111642,0.32));
#6321=CARTESIAN_POINT('Origin',(0.,0.,0.));
#6322=CARTESIAN_POINT('',(-15.,-1.83697019872103E-15,0.8));
#6323=CARTESIAN_POINT('Origin',(0.,0.,0.8));
#6324=CARTESIAN_POINT('',(-15.,-1.83697019872103E-15,0.));
#6325=CARTESIAN_POINT('',(-15.,-1.83697019872103E-15,0.));
#6326=CARTESIAN_POINT('Origin',(0.,0.,0.));
#6327=CARTESIAN_POINT('Origin',(0.,0.,0.8));
#6328=CARTESIAN_POINT('Origin',(0.,0.,0.));
#6329=UNCERTAINTY_MEASURE_WITH_UNIT(LENGTH_MEASURE(0.001),#6333,
'DISTANCE_ACCURACY_VALUE',
'Maximum model space distance between geometric entities at asserted c
onnectivities');
#6330=UNCERTAINTY_MEASURE_WITH_UNIT(LENGTH_MEASURE(0.001),#6333,
'DISTANCE_ACCURACY_VALUE',
'Maximum model space distance between geometric entities at asserted c
onnectivities');
#6331=(
GEOMETRIC_REPRESENTATION_CONTEXT(3)
GLOBAL_UNCERTAINTY_ASSIGNED_CONTEXT((#6329))
GLOBAL_UNIT_ASSIGNED_CONTEXT((#6333,#6335,#6336))
REPRESENTATION_CONTEXT('','3D')
);
#6332=(
GEOMETRIC_REPRESENTATION_CONTEXT(3)
GLOBAL_UNCERTAINTY_ASSIGNED_CONTEXT((#6330))
GLOBAL_UNIT_ASSIGNED_CONTEXT((#6333,#6335,#6336))
REPRESENTATION_CONTEXT('','3D')
);
#6333=(
LENGTH_UNIT()
NAMED_UNIT(*)
SI_UNIT(.CENTI.,.METRE.)
);
#6334=(
LENGTH_UNIT()
NAMED_UNIT(*)
SI_UNIT($,.METRE.)
);
#6335=(
NAMED_UNIT(*)
PLANE_ANGLE_UNIT()
SI_UNIT($,.RADIAN.)
);
#6336=(
NAMED_UNIT(*)
SI_UNIT($,.STERADIAN.)
SOLID_ANGLE_UNIT()
);
#6337=SHAPE_DEFINITION_REPRESENTATION(#6338,#6339);
#6338=PRODUCT_DEFINITION_SHAPE('',$,#6341);
#6339=SHAPE_REPRESENTATION('',(#3547),#6331);
#6340=PRODUCT_DEFINITION_CONTEXT('part definition',#6345,'design');
#6341=PRODUCT_DEFINITION('SEWCP-300_HEATER_PLATE',
'SEWCP-300_HEATER_PLATE v2',#6342,#6340);
#6342=PRODUCT_DEFINITION_FORMATION('',$,#6347);
#6343=PRODUCT_RELATED_PRODUCT_CATEGORY('SEWCP-300_HEATER_PLATE v2',
'SEWCP-300_HEATER_PLATE v2',(#6347));
#6344=APPLICATION_PROTOCOL_DEFINITION('international standard',
'automotive_design',2009,#6345);
#6345=APPLICATION_CONTEXT(
'Core Data for Automotive Mechanical Design Process');
#6346=PRODUCT_CONTEXT('part definition',#6345,'mechanical');
#6347=PRODUCT('SEWCP-300_HEATER_PLATE','SEWCP-300_HEATER_PLATE v2',$,(#6346));
#6348=PRESENTATION_STYLE_ASSIGNMENT((#6349));
#6349=SURFACE_STYLE_USAGE(.BOTH.,#6350);
#6350=SURFACE_SIDE_STYLE('',(#6351));
#6351=SURFACE_STYLE_FILL_AREA(#6352);
#6352=FILL_AREA_STYLE('Aluminum - Satin',(#6353));
#6353=FILL_AREA_STYLE_COLOUR('Aluminum - Satin',#6354);
#6354=COLOUR_RGB('Aluminum - Satin',0.96078431372549,0.96078431372549,0.964705882352941);
ENDSEC;
END-ISO-10303-21;
