ISO-10303-21;
HEADER;
/* Generated by software containing ST-Developer
 * from STEP Tools, Inc. (www.steptools.com) 
 */

FILE_DESCRIPTION(
/* description */ (''),
/* implementation_level */ '2;1');

FILE_NAME(
/* name */ 'SEWCP-200_COOLING_PLATE.step',
/* time_stamp */ '2026-08-11T22:49:56+05:30',
/* author */ (''),
/* organization */ (''),
/* preprocessor_version */ 'ST-DEVELOPER v20.1',
/* originating_system */ 'Autodesk Translation Framework v15.8.0.0',
/* authorisation */ '');

FILE_SCHEMA (('AUTOMOTIVE_DESIGN { 1 0 10303 214 3 1 1 }'));
ENDSEC;

DATA;
#10=MECHANICAL_DESIGN_GEOMETRIC_PRESENTATION_REPRESENTATION('',(#13),#9776);
#11=SHAPE_REPRESENTATION_RELATIONSHIP('SRR','None',#9783,#12);
#12=ADVANCED_BREP_SHAPE_REPRESENTATION('',(#14),#9775);
#13=STYLED_ITEM('',(#9793),#14);
#14=MANIFOLD_SOLID_BREP('CP_BODY',#5428);
#15=FACE_BOUND('',#610,.T.);
#16=FACE_BOUND('',#616,.T.);
#17=FACE_BOUND('',#622,.T.);
#18=FACE_BOUND('',#628,.T.);
#19=FACE_BOUND('',#634,.T.);
#20=FACE_BOUND('',#640,.T.);
#21=FACE_BOUND('',#646,.T.);
#22=FACE_BOUND('',#652,.T.);
#23=FACE_BOUND('',#658,.T.);
#24=FACE_BOUND('',#664,.T.);
#25=FACE_BOUND('',#670,.T.);
#26=FACE_BOUND('',#676,.T.);
#27=FACE_BOUND('',#682,.T.);
#28=FACE_BOUND('',#688,.T.);
#29=FACE_BOUND('',#694,.T.);
#30=FACE_BOUND('',#700,.T.);
#31=FACE_BOUND('',#788,.T.);
#32=FACE_BOUND('',#791,.T.);
#33=FACE_BOUND('',#794,.T.);
#34=FACE_BOUND('',#797,.T.);
#35=FACE_BOUND('',#808,.T.);
#36=FACE_BOUND('',#817,.T.);
#37=FACE_BOUND('',#820,.T.);
#38=FACE_BOUND('',#823,.T.);
#39=FACE_BOUND('',#832,.T.);
#40=FACE_BOUND('',#835,.T.);
#41=FACE_BOUND('',#838,.T.);
#42=FACE_BOUND('',#857,.T.);
#43=FACE_BOUND('',#858,.T.);
#44=FACE_BOUND('',#859,.T.);
#45=FACE_BOUND('',#860,.T.);
#46=FACE_BOUND('',#861,.T.);
#47=FACE_BOUND('',#862,.T.);
#48=FACE_BOUND('',#863,.T.);
#49=FACE_BOUND('',#864,.T.);
#50=FACE_BOUND('',#865,.T.);
#51=FACE_BOUND('',#866,.T.);
#52=FACE_BOUND('',#867,.T.);
#53=FACE_BOUND('',#868,.T.);
#54=FACE_BOUND('',#869,.T.);
#55=FACE_BOUND('',#870,.T.);
#56=FACE_BOUND('',#871,.T.);
#57=FACE_BOUND('',#872,.T.);
#58=FACE_BOUND('',#873,.T.);
#59=FACE_BOUND('',#874,.T.);
#60=FACE_BOUND('',#875,.T.);
#61=FACE_BOUND('',#876,.T.);
#62=FACE_BOUND('',#877,.T.);
#63=FACE_BOUND('',#878,.T.);
#64=FACE_BOUND('',#879,.T.);
#65=FACE_BOUND('',#880,.T.);
#66=FACE_BOUND('',#881,.T.);
#67=FACE_BOUND('',#882,.T.);
#68=FACE_BOUND('',#883,.T.);
#69=FACE_BOUND('',#884,.T.);
#70=FACE_BOUND('',#885,.T.);
#71=FACE_BOUND('',#886,.T.);
#72=FACE_BOUND('',#887,.T.);
#73=FACE_BOUND('',#888,.T.);
#74=FACE_BOUND('',#889,.T.);
#75=FACE_BOUND('',#890,.T.);
#76=FACE_BOUND('',#891,.T.);
#77=FACE_BOUND('',#892,.T.);
#78=FACE_BOUND('',#893,.T.);
#79=FACE_BOUND('',#894,.T.);
#80=FACE_BOUND('',#895,.T.);
#81=FACE_BOUND('',#896,.T.);
#82=FACE_BOUND('',#897,.T.);
#83=FACE_BOUND('',#898,.T.);
#84=FACE_BOUND('',#899,.T.);
#85=FACE_BOUND('',#900,.T.);
#86=FACE_BOUND('',#901,.T.);
#87=FACE_BOUND('',#902,.T.);
#88=FACE_BOUND('',#903,.T.);
#89=FACE_BOUND('',#904,.T.);
#90=FACE_BOUND('',#905,.T.);
#91=FACE_BOUND('',#906,.T.);
#92=FACE_BOUND('',#913,.T.);
#93=FACE_BOUND('',#924,.T.);
#94=FACE_BOUND('',#931,.T.);
#95=FACE_BOUND('',#932,.T.);
#96=FACE_BOUND('',#933,.T.);
#97=FACE_BOUND('',#941,.T.);
#98=FACE_BOUND('',#942,.T.);
#99=FACE_BOUND('',#943,.T.);
#100=FACE_BOUND('',#944,.T.);
#101=FACE_BOUND('',#945,.T.);
#102=FACE_BOUND('',#946,.T.);
#103=FACE_BOUND('',#947,.T.);
#104=FACE_BOUND('',#948,.T.);
#105=FACE_BOUND('',#949,.T.);
#106=FACE_BOUND('',#950,.T.);
#107=FACE_BOUND('',#951,.T.);
#108=FACE_BOUND('',#952,.T.);
#109=FACE_BOUND('',#953,.T.);
#110=FACE_BOUND('',#954,.T.);
#111=FACE_BOUND('',#955,.T.);
#112=FACE_BOUND('',#956,.T.);
#113=FACE_BOUND('',#957,.T.);
#114=FACE_BOUND('',#958,.T.);
#115=FACE_BOUND('',#959,.T.);
#116=FACE_BOUND('',#960,.T.);
#117=FACE_BOUND('',#961,.T.);
#118=FACE_BOUND('',#962,.T.);
#119=FACE_BOUND('',#963,.T.);
#120=FACE_BOUND('',#964,.T.);
#121=FACE_BOUND('',#965,.T.);
#122=PLANE('',#5449);
#123=PLANE('',#5453);
#124=PLANE('',#5455);
#125=PLANE('',#5463);
#126=PLANE('',#5472);
#127=PLANE('',#5478);
#128=PLANE('',#5482);
#129=PLANE('',#5486);
#130=PLANE('',#5489);
#131=PLANE('',#5493);
#132=PLANE('',#5497);
#133=PLANE('',#5500);
#134=PLANE('',#5504);
#135=PLANE('',#5508);
#136=PLANE('',#5511);
#137=PLANE('',#5515);
#138=PLANE('',#5519);
#139=PLANE('',#5522);
#140=PLANE('',#5526);
#141=PLANE('',#5530);
#142=PLANE('',#5533);
#143=PLANE('',#5537);
#144=PLANE('',#5541);
#145=PLANE('',#5544);
#146=PLANE('',#5548);
#147=PLANE('',#5552);
#148=PLANE('',#5555);
#149=PLANE('',#5559);
#150=PLANE('',#5563);
#151=PLANE('',#5566);
#152=PLANE('',#5570);
#153=PLANE('',#5574);
#154=PLANE('',#5577);
#155=PLANE('',#5581);
#156=PLANE('',#5585);
#157=PLANE('',#5588);
#158=PLANE('',#5592);
#159=PLANE('',#5596);
#160=PLANE('',#5599);
#161=PLANE('',#5603);
#162=PLANE('',#5607);
#163=PLANE('',#5610);
#164=PLANE('',#5614);
#165=PLANE('',#5618);
#166=PLANE('',#5621);
#167=PLANE('',#5625);
#168=PLANE('',#5629);
#169=PLANE('',#5632);
#170=PLANE('',#5636);
#171=PLANE('',#5640);
#172=PLANE('',#5643);
#173=PLANE('',#5647);
#174=PLANE('',#5651);
#175=PLANE('',#5654);
#176=PLANE('',#5657);
#177=PLANE('',#5660);
#178=PLANE('',#5663);
#179=PLANE('',#5666);
#180=PLANE('',#5669);
#181=PLANE('',#5672);
#182=PLANE('',#5675);
#183=PLANE('',#5678);
#184=PLANE('',#5681);
#185=PLANE('',#5684);
#186=PLANE('',#5687);
#187=PLANE('',#5690);
#188=PLANE('',#5693);
#189=PLANE('',#5696);
#190=PLANE('',#5699);
#191=PLANE('',#5702);
#192=PLANE('',#5705);
#193=PLANE('',#5708);
#194=PLANE('',#5711);
#195=PLANE('',#5714);
#196=PLANE('',#5717);
#197=PLANE('',#5720);
#198=PLANE('',#5723);
#199=PLANE('',#5726);
#200=PLANE('',#5729);
#201=PLANE('',#5732);
#202=PLANE('',#5735);
#203=PLANE('',#5738);
#204=PLANE('',#5741);
#205=PLANE('',#5744);
#206=PLANE('',#5747);
#207=PLANE('',#5753);
#208=PLANE('',#5757);
#209=PLANE('',#5761);
#210=PLANE('',#5765);
#211=PLANE('',#5769);
#212=PLANE('',#5773);
#213=PLANE('',#5774);
#214=PLANE('',#5775);
#215=PLANE('',#5776);
#216=PLANE('',#5780);
#217=PLANE('',#5784);
#218=PLANE('',#5794);
#219=PLANE('',#5799);
#220=PLANE('',#5804);
#221=PLANE('',#5815);
#222=PLANE('',#5819);
#223=PLANE('',#5823);
#224=PLANE('',#5827);
#225=PLANE('',#5834);
#226=PLANE('',#5838);
#227=PLANE('',#5842);
#228=PLANE('',#5846);
#229=PLANE('',#5850);
#230=PLANE('',#5854);
#231=PLANE('',#5858);
#232=PLANE('',#5862);
#233=PLANE('',#5866);
#234=PLANE('',#5870);
#235=PLANE('',#5874);
#236=PLANE('',#5878);
#237=PLANE('',#5882);
#238=PLANE('',#5886);
#239=PLANE('',#5890);
#240=PLANE('',#5894);
#241=PLANE('',#5898);
#242=PLANE('',#5902);
#243=PLANE('',#5906);
#244=PLANE('',#5910);
#245=PLANE('',#5911);
#246=PLANE('',#5950);
#247=PLANE('',#5958);
#248=PLANE('',#5959);
#249=PLANE('',#5960);
#250=PLANE('',#5961);
#251=PLANE('',#5962);
#252=PLANE('',#5965);
#253=PLANE('',#5966);
#254=PLANE('',#5967);
#255=PLANE('',#5968);
#256=PLANE('',#5969);
#257=PLANE('',#5970);
#258=PLANE('',#6009);
#259=PLANE('',#6016);
#260=PLANE('',#6018);
#261=PLANE('',#6019);
#262=PLANE('',#6020);
#263=PLANE('',#6021);
#264=PLANE('',#6025);
#265=PLANE('',#6026);
#266=PLANE('',#6027);
#267=PLANE('',#6028);
#268=PLANE('',#6029);
#269=PLANE('',#6031);
#270=PLANE('',#6048);
#271=PLANE('',#6050);
#272=PLANE('',#6051);
#273=PLANE('',#6053);
#274=PLANE('',#6054);
#275=FACE_OUTER_BOUND('',#588,.T.);
#276=FACE_OUTER_BOUND('',#589,.T.);
#277=FACE_OUTER_BOUND('',#590,.T.);
#278=FACE_OUTER_BOUND('',#591,.T.);
#279=FACE_OUTER_BOUND('',#592,.T.);
#280=FACE_OUTER_BOUND('',#593,.T.);
#281=FACE_OUTER_BOUND('',#594,.T.);
#282=FACE_OUTER_BOUND('',#595,.T.);
#283=FACE_OUTER_BOUND('',#596,.T.);
#284=FACE_OUTER_BOUND('',#597,.T.);
#285=FACE_OUTER_BOUND('',#598,.T.);
#286=FACE_OUTER_BOUND('',#599,.T.);
#287=FACE_OUTER_BOUND('',#600,.T.);
#288=FACE_OUTER_BOUND('',#601,.T.);
#289=FACE_OUTER_BOUND('',#602,.T.);
#290=FACE_OUTER_BOUND('',#603,.T.);
#291=FACE_OUTER_BOUND('',#604,.T.);
#292=FACE_OUTER_BOUND('',#605,.T.);
#293=FACE_OUTER_BOUND('',#606,.T.);
#294=FACE_OUTER_BOUND('',#607,.T.);
#295=FACE_OUTER_BOUND('',#608,.T.);
#296=FACE_OUTER_BOUND('',#609,.T.);
#297=FACE_OUTER_BOUND('',#611,.T.);
#298=FACE_OUTER_BOUND('',#612,.T.);
#299=FACE_OUTER_BOUND('',#613,.T.);
#300=FACE_OUTER_BOUND('',#614,.T.);
#301=FACE_OUTER_BOUND('',#615,.T.);
#302=FACE_OUTER_BOUND('',#617,.T.);
#303=FACE_OUTER_BOUND('',#618,.T.);
#304=FACE_OUTER_BOUND('',#619,.T.);
#305=FACE_OUTER_BOUND('',#620,.T.);
#306=FACE_OUTER_BOUND('',#621,.T.);
#307=FACE_OUTER_BOUND('',#623,.T.);
#308=FACE_OUTER_BOUND('',#624,.T.);
#309=FACE_OUTER_BOUND('',#625,.T.);
#310=FACE_OUTER_BOUND('',#626,.T.);
#311=FACE_OUTER_BOUND('',#627,.T.);
#312=FACE_OUTER_BOUND('',#629,.T.);
#313=FACE_OUTER_BOUND('',#630,.T.);
#314=FACE_OUTER_BOUND('',#631,.T.);
#315=FACE_OUTER_BOUND('',#632,.T.);
#316=FACE_OUTER_BOUND('',#633,.T.);
#317=FACE_OUTER_BOUND('',#635,.T.);
#318=FACE_OUTER_BOUND('',#636,.T.);
#319=FACE_OUTER_BOUND('',#637,.T.);
#320=FACE_OUTER_BOUND('',#638,.T.);
#321=FACE_OUTER_BOUND('',#639,.T.);
#322=FACE_OUTER_BOUND('',#641,.T.);
#323=FACE_OUTER_BOUND('',#642,.T.);
#324=FACE_OUTER_BOUND('',#643,.T.);
#325=FACE_OUTER_BOUND('',#644,.T.);
#326=FACE_OUTER_BOUND('',#645,.T.);
#327=FACE_OUTER_BOUND('',#647,.T.);
#328=FACE_OUTER_BOUND('',#648,.T.);
#329=FACE_OUTER_BOUND('',#649,.T.);
#330=FACE_OUTER_BOUND('',#650,.T.);
#331=FACE_OUTER_BOUND('',#651,.T.);
#332=FACE_OUTER_BOUND('',#653,.T.);
#333=FACE_OUTER_BOUND('',#654,.T.);
#334=FACE_OUTER_BOUND('',#655,.T.);
#335=FACE_OUTER_BOUND('',#656,.T.);
#336=FACE_OUTER_BOUND('',#657,.T.);
#337=FACE_OUTER_BOUND('',#659,.T.);
#338=FACE_OUTER_BOUND('',#660,.T.);
#339=FACE_OUTER_BOUND('',#661,.T.);
#340=FACE_OUTER_BOUND('',#662,.T.);
#341=FACE_OUTER_BOUND('',#663,.T.);
#342=FACE_OUTER_BOUND('',#665,.T.);
#343=FACE_OUTER_BOUND('',#666,.T.);
#344=FACE_OUTER_BOUND('',#667,.T.);
#345=FACE_OUTER_BOUND('',#668,.T.);
#346=FACE_OUTER_BOUND('',#669,.T.);
#347=FACE_OUTER_BOUND('',#671,.T.);
#348=FACE_OUTER_BOUND('',#672,.T.);
#349=FACE_OUTER_BOUND('',#673,.T.);
#350=FACE_OUTER_BOUND('',#674,.T.);
#351=FACE_OUTER_BOUND('',#675,.T.);
#352=FACE_OUTER_BOUND('',#677,.T.);
#353=FACE_OUTER_BOUND('',#678,.T.);
#354=FACE_OUTER_BOUND('',#679,.T.);
#355=FACE_OUTER_BOUND('',#680,.T.);
#356=FACE_OUTER_BOUND('',#681,.T.);
#357=FACE_OUTER_BOUND('',#683,.T.);
#358=FACE_OUTER_BOUND('',#684,.T.);
#359=FACE_OUTER_BOUND('',#685,.T.);
#360=FACE_OUTER_BOUND('',#686,.T.);
#361=FACE_OUTER_BOUND('',#687,.T.);
#362=FACE_OUTER_BOUND('',#689,.T.);
#363=FACE_OUTER_BOUND('',#690,.T.);
#364=FACE_OUTER_BOUND('',#691,.T.);
#365=FACE_OUTER_BOUND('',#692,.T.);
#366=FACE_OUTER_BOUND('',#693,.T.);
#367=FACE_OUTER_BOUND('',#695,.T.);
#368=FACE_OUTER_BOUND('',#696,.T.);
#369=FACE_OUTER_BOUND('',#697,.T.);
#370=FACE_OUTER_BOUND('',#698,.T.);
#371=FACE_OUTER_BOUND('',#699,.T.);
#372=FACE_OUTER_BOUND('',#701,.T.);
#373=FACE_OUTER_BOUND('',#702,.T.);
#374=FACE_OUTER_BOUND('',#703,.T.);
#375=FACE_OUTER_BOUND('',#704,.T.);
#376=FACE_OUTER_BOUND('',#705,.T.);
#377=FACE_OUTER_BOUND('',#706,.T.);
#378=FACE_OUTER_BOUND('',#707,.T.);
#379=FACE_OUTER_BOUND('',#708,.T.);
#380=FACE_OUTER_BOUND('',#709,.T.);
#381=FACE_OUTER_BOUND('',#710,.T.);
#382=FACE_OUTER_BOUND('',#711,.T.);
#383=FACE_OUTER_BOUND('',#712,.T.);
#384=FACE_OUTER_BOUND('',#713,.T.);
#385=FACE_OUTER_BOUND('',#714,.T.);
#386=FACE_OUTER_BOUND('',#715,.T.);
#387=FACE_OUTER_BOUND('',#716,.T.);
#388=FACE_OUTER_BOUND('',#717,.T.);
#389=FACE_OUTER_BOUND('',#718,.T.);
#390=FACE_OUTER_BOUND('',#719,.T.);
#391=FACE_OUTER_BOUND('',#720,.T.);
#392=FACE_OUTER_BOUND('',#721,.T.);
#393=FACE_OUTER_BOUND('',#722,.T.);
#394=FACE_OUTER_BOUND('',#723,.T.);
#395=FACE_OUTER_BOUND('',#724,.T.);
#396=FACE_OUTER_BOUND('',#725,.T.);
#397=FACE_OUTER_BOUND('',#726,.T.);
#398=FACE_OUTER_BOUND('',#727,.T.);
#399=FACE_OUTER_BOUND('',#728,.T.);
#400=FACE_OUTER_BOUND('',#729,.T.);
#401=FACE_OUTER_BOUND('',#730,.T.);
#402=FACE_OUTER_BOUND('',#731,.T.);
#403=FACE_OUTER_BOUND('',#732,.T.);
#404=FACE_OUTER_BOUND('',#733,.T.);
#405=FACE_OUTER_BOUND('',#734,.T.);
#406=FACE_OUTER_BOUND('',#735,.T.);
#407=FACE_OUTER_BOUND('',#736,.T.);
#408=FACE_OUTER_BOUND('',#737,.T.);
#409=FACE_OUTER_BOUND('',#738,.T.);
#410=FACE_OUTER_BOUND('',#739,.T.);
#411=FACE_OUTER_BOUND('',#740,.T.);
#412=FACE_OUTER_BOUND('',#741,.T.);
#413=FACE_OUTER_BOUND('',#742,.T.);
#414=FACE_OUTER_BOUND('',#743,.T.);
#415=FACE_OUTER_BOUND('',#744,.T.);
#416=FACE_OUTER_BOUND('',#745,.T.);
#417=FACE_OUTER_BOUND('',#746,.T.);
#418=FACE_OUTER_BOUND('',#747,.T.);
#419=FACE_OUTER_BOUND('',#748,.T.);
#420=FACE_OUTER_BOUND('',#749,.T.);
#421=FACE_OUTER_BOUND('',#750,.T.);
#422=FACE_OUTER_BOUND('',#751,.T.);
#423=FACE_OUTER_BOUND('',#752,.T.);
#424=FACE_OUTER_BOUND('',#753,.T.);
#425=FACE_OUTER_BOUND('',#754,.T.);
#426=FACE_OUTER_BOUND('',#755,.T.);
#427=FACE_OUTER_BOUND('',#756,.T.);
#428=FACE_OUTER_BOUND('',#757,.T.);
#429=FACE_OUTER_BOUND('',#758,.T.);
#430=FACE_OUTER_BOUND('',#759,.T.);
#431=FACE_OUTER_BOUND('',#760,.T.);
#432=FACE_OUTER_BOUND('',#761,.T.);
#433=FACE_OUTER_BOUND('',#762,.T.);
#434=FACE_OUTER_BOUND('',#763,.T.);
#435=FACE_OUTER_BOUND('',#764,.T.);
#436=FACE_OUTER_BOUND('',#765,.T.);
#437=FACE_OUTER_BOUND('',#766,.T.);
#438=FACE_OUTER_BOUND('',#767,.T.);
#439=FACE_OUTER_BOUND('',#768,.T.);
#440=FACE_OUTER_BOUND('',#769,.T.);
#441=FACE_OUTER_BOUND('',#770,.T.);
#442=FACE_OUTER_BOUND('',#771,.T.);
#443=FACE_OUTER_BOUND('',#772,.T.);
#444=FACE_OUTER_BOUND('',#773,.T.);
#445=FACE_OUTER_BOUND('',#774,.T.);
#446=FACE_OUTER_BOUND('',#775,.T.);
#447=FACE_OUTER_BOUND('',#776,.T.);
#448=FACE_OUTER_BOUND('',#777,.T.);
#449=FACE_OUTER_BOUND('',#778,.T.);
#450=FACE_OUTER_BOUND('',#779,.T.);
#451=FACE_OUTER_BOUND('',#780,.T.);
#452=FACE_OUTER_BOUND('',#781,.T.);
#453=FACE_OUTER_BOUND('',#782,.T.);
#454=FACE_OUTER_BOUND('',#783,.T.);
#455=FACE_OUTER_BOUND('',#784,.T.);
#456=FACE_OUTER_BOUND('',#785,.T.);
#457=FACE_OUTER_BOUND('',#786,.T.);
#458=FACE_OUTER_BOUND('',#787,.T.);
#459=FACE_OUTER_BOUND('',#789,.T.);
#460=FACE_OUTER_BOUND('',#790,.T.);
#461=FACE_OUTER_BOUND('',#792,.T.);
#462=FACE_OUTER_BOUND('',#793,.T.);
#463=FACE_OUTER_BOUND('',#795,.T.);
#464=FACE_OUTER_BOUND('',#796,.T.);
#465=FACE_OUTER_BOUND('',#798,.T.);
#466=FACE_OUTER_BOUND('',#799,.T.);
#467=FACE_OUTER_BOUND('',#800,.T.);
#468=FACE_OUTER_BOUND('',#801,.T.);
#469=FACE_OUTER_BOUND('',#802,.T.);
#470=FACE_OUTER_BOUND('',#803,.T.);
#471=FACE_OUTER_BOUND('',#804,.T.);
#472=FACE_OUTER_BOUND('',#805,.T.);
#473=FACE_OUTER_BOUND('',#806,.T.);
#474=FACE_OUTER_BOUND('',#807,.T.);
#475=FACE_OUTER_BOUND('',#809,.T.);
#476=FACE_OUTER_BOUND('',#810,.T.);
#477=FACE_OUTER_BOUND('',#811,.T.);
#478=FACE_OUTER_BOUND('',#812,.T.);
#479=FACE_OUTER_BOUND('',#813,.T.);
#480=FACE_OUTER_BOUND('',#814,.T.);
#481=FACE_OUTER_BOUND('',#815,.T.);
#482=FACE_OUTER_BOUND('',#816,.T.);
#483=FACE_OUTER_BOUND('',#818,.T.);
#484=FACE_OUTER_BOUND('',#819,.T.);
#485=FACE_OUTER_BOUND('',#821,.T.);
#486=FACE_OUTER_BOUND('',#822,.T.);
#487=FACE_OUTER_BOUND('',#824,.T.);
#488=FACE_OUTER_BOUND('',#825,.T.);
#489=FACE_OUTER_BOUND('',#826,.T.);
#490=FACE_OUTER_BOUND('',#827,.T.);
#491=FACE_OUTER_BOUND('',#828,.T.);
#492=FACE_OUTER_BOUND('',#829,.T.);
#493=FACE_OUTER_BOUND('',#830,.T.);
#494=FACE_OUTER_BOUND('',#831,.T.);
#495=FACE_OUTER_BOUND('',#833,.T.);
#496=FACE_OUTER_BOUND('',#834,.T.);
#497=FACE_OUTER_BOUND('',#836,.T.);
#498=FACE_OUTER_BOUND('',#837,.T.);
#499=FACE_OUTER_BOUND('',#839,.T.);
#500=FACE_OUTER_BOUND('',#840,.T.);
#501=FACE_OUTER_BOUND('',#841,.T.);
#502=FACE_OUTER_BOUND('',#842,.T.);
#503=FACE_OUTER_BOUND('',#843,.T.);
#504=FACE_OUTER_BOUND('',#844,.T.);
#505=FACE_OUTER_BOUND('',#845,.T.);
#506=FACE_OUTER_BOUND('',#846,.T.);
#507=FACE_OUTER_BOUND('',#847,.T.);
#508=FACE_OUTER_BOUND('',#848,.T.);
#509=FACE_OUTER_BOUND('',#849,.T.);
#510=FACE_OUTER_BOUND('',#850,.T.);
#511=FACE_OUTER_BOUND('',#851,.T.);
#512=FACE_OUTER_BOUND('',#852,.T.);
#513=FACE_OUTER_BOUND('',#853,.T.);
#514=FACE_OUTER_BOUND('',#854,.T.);
#515=FACE_OUTER_BOUND('',#855,.T.);
#516=FACE_OUTER_BOUND('',#856,.T.);
#517=FACE_OUTER_BOUND('',#907,.T.);
#518=FACE_OUTER_BOUND('',#908,.T.);
#519=FACE_OUTER_BOUND('',#909,.T.);
#520=FACE_OUTER_BOUND('',#910,.T.);
#521=FACE_OUTER_BOUND('',#911,.T.);
#522=FACE_OUTER_BOUND('',#912,.T.);
#523=FACE_OUTER_BOUND('',#914,.T.);
#524=FACE_OUTER_BOUND('',#915,.T.);
#525=FACE_OUTER_BOUND('',#916,.T.);
#526=FACE_OUTER_BOUND('',#917,.T.);
#527=FACE_OUTER_BOUND('',#918,.T.);
#528=FACE_OUTER_BOUND('',#919,.T.);
#529=FACE_OUTER_BOUND('',#920,.T.);
#530=FACE_OUTER_BOUND('',#921,.T.);
#531=FACE_OUTER_BOUND('',#922,.T.);
#532=FACE_OUTER_BOUND('',#923,.T.);
#533=FACE_OUTER_BOUND('',#925,.T.);
#534=FACE_OUTER_BOUND('',#926,.T.);
#535=FACE_OUTER_BOUND('',#927,.T.);
#536=FACE_OUTER_BOUND('',#928,.T.);
#537=FACE_OUTER_BOUND('',#929,.T.);
#538=FACE_OUTER_BOUND('',#930,.T.);
#539=FACE_OUTER_BOUND('',#934,.T.);
#540=FACE_OUTER_BOUND('',#935,.T.);
#541=FACE_OUTER_BOUND('',#936,.T.);
#542=FACE_OUTER_BOUND('',#937,.T.);
#543=FACE_OUTER_BOUND('',#938,.T.);
#544=FACE_OUTER_BOUND('',#939,.T.);
#545=FACE_OUTER_BOUND('',#940,.T.);
#546=FACE_OUTER_BOUND('',#966,.T.);
#547=FACE_OUTER_BOUND('',#967,.T.);
#548=FACE_OUTER_BOUND('',#968,.T.);
#549=FACE_OUTER_BOUND('',#969,.T.);
#550=FACE_OUTER_BOUND('',#970,.T.);
#551=FACE_OUTER_BOUND('',#971,.T.);
#552=FACE_OUTER_BOUND('',#972,.T.);
#553=FACE_OUTER_BOUND('',#973,.T.);
#554=FACE_OUTER_BOUND('',#974,.T.);
#555=FACE_OUTER_BOUND('',#975,.T.);
#556=FACE_OUTER_BOUND('',#976,.T.);
#557=FACE_OUTER_BOUND('',#977,.T.);
#558=FACE_OUTER_BOUND('',#978,.T.);
#559=FACE_OUTER_BOUND('',#979,.T.);
#560=FACE_OUTER_BOUND('',#980,.T.);
#561=FACE_OUTER_BOUND('',#981,.T.);
#562=FACE_OUTER_BOUND('',#982,.T.);
#563=FACE_OUTER_BOUND('',#983,.T.);
#564=FACE_OUTER_BOUND('',#984,.T.);
#565=FACE_OUTER_BOUND('',#985,.T.);
#566=FACE_OUTER_BOUND('',#986,.T.);
#567=FACE_OUTER_BOUND('',#987,.T.);
#568=FACE_OUTER_BOUND('',#988,.T.);
#569=FACE_OUTER_BOUND('',#989,.T.);
#570=FACE_OUTER_BOUND('',#990,.T.);
#571=FACE_OUTER_BOUND('',#991,.T.);
#572=FACE_OUTER_BOUND('',#992,.T.);
#573=FACE_OUTER_BOUND('',#993,.T.);
#574=FACE_OUTER_BOUND('',#994,.T.);
#575=FACE_OUTER_BOUND('',#995,.T.);
#576=FACE_OUTER_BOUND('',#996,.T.);
#577=FACE_OUTER_BOUND('',#997,.T.);
#578=FACE_OUTER_BOUND('',#998,.T.);
#579=FACE_OUTER_BOUND('',#999,.T.);
#580=FACE_OUTER_BOUND('',#1000,.T.);
#581=FACE_OUTER_BOUND('',#1001,.T.);
#582=FACE_OUTER_BOUND('',#1002,.T.);
#583=FACE_OUTER_BOUND('',#1003,.T.);
#584=FACE_OUTER_BOUND('',#1004,.T.);
#585=FACE_OUTER_BOUND('',#1005,.T.);
#586=FACE_OUTER_BOUND('',#1006,.T.);
#587=FACE_OUTER_BOUND('',#1007,.T.);
#588=EDGE_LOOP('',(#3439,#3440,#3441,#3442,#3443,#3444,#3445,#3446,#3447,
#3448,#3449));
#589=EDGE_LOOP('',(#3450,#3451,#3452,#3453));
#590=EDGE_LOOP('',(#3454));
#591=EDGE_LOOP('',(#3455,#3456,#3457,#3458));
#592=EDGE_LOOP('',(#3459));
#593=EDGE_LOOP('',(#3460,#3461,#3462,#3463,#3464,#3465,#3466,#3467));
#594=EDGE_LOOP('',(#3468));
#595=EDGE_LOOP('',(#3469,#3470,#3471,#3472,#3473));
#596=EDGE_LOOP('',(#3474,#3475,#3476));
#597=EDGE_LOOP('',(#3477,#3478,#3479,#3480,#3481));
#598=EDGE_LOOP('',(#3482,#3483,#3484,#3485,#3486,#3487));
#599=EDGE_LOOP('',(#3488));
#600=EDGE_LOOP('',(#3489,#3490,#3491,#3492,#3493,#3494,#3495,#3496,#3497,
#3498));
#601=EDGE_LOOP('',(#3499,#3500,#3501,#3502,#3503));
#602=EDGE_LOOP('',(#3504,#3505,#3506,#3507,#3508,#3509));
#603=EDGE_LOOP('',(#3510));
#604=EDGE_LOOP('',(#3511,#3512,#3513,#3514,#3515,#3516,#3517,#3518,#3519,
#3520));
#605=EDGE_LOOP('',(#3521,#3522,#3523,#3524));
#606=EDGE_LOOP('',(#3525,#3526,#3527,#3528));
#607=EDGE_LOOP('',(#3529,#3530,#3531,#3532));
#608=EDGE_LOOP('',(#3533,#3534,#3535,#3536));
#609=EDGE_LOOP('',(#3537,#3538,#3539,#3540));
#610=EDGE_LOOP('',(#3541,#3542,#3543,#3544));
#611=EDGE_LOOP('',(#3545,#3546,#3547,#3548));
#612=EDGE_LOOP('',(#3549,#3550,#3551,#3552));
#613=EDGE_LOOP('',(#3553,#3554,#3555,#3556));
#614=EDGE_LOOP('',(#3557,#3558,#3559,#3560));
#615=EDGE_LOOP('',(#3561,#3562,#3563,#3564));
#616=EDGE_LOOP('',(#3565,#3566,#3567,#3568));
#617=EDGE_LOOP('',(#3569,#3570,#3571,#3572));
#618=EDGE_LOOP('',(#3573,#3574,#3575,#3576));
#619=EDGE_LOOP('',(#3577,#3578,#3579,#3580));
#620=EDGE_LOOP('',(#3581,#3582,#3583,#3584));
#621=EDGE_LOOP('',(#3585,#3586,#3587,#3588));
#622=EDGE_LOOP('',(#3589,#3590,#3591,#3592));
#623=EDGE_LOOP('',(#3593,#3594,#3595,#3596));
#624=EDGE_LOOP('',(#3597,#3598,#3599,#3600));
#625=EDGE_LOOP('',(#3601,#3602,#3603,#3604));
#626=EDGE_LOOP('',(#3605,#3606,#3607,#3608));
#627=EDGE_LOOP('',(#3609,#3610,#3611,#3612));
#628=EDGE_LOOP('',(#3613,#3614,#3615,#3616));
#629=EDGE_LOOP('',(#3617,#3618,#3619,#3620));
#630=EDGE_LOOP('',(#3621,#3622,#3623,#3624));
#631=EDGE_LOOP('',(#3625,#3626,#3627,#3628));
#632=EDGE_LOOP('',(#3629,#3630,#3631,#3632));
#633=EDGE_LOOP('',(#3633,#3634,#3635,#3636));
#634=EDGE_LOOP('',(#3637,#3638,#3639,#3640));
#635=EDGE_LOOP('',(#3641,#3642,#3643,#3644));
#636=EDGE_LOOP('',(#3645,#3646,#3647,#3648));
#637=EDGE_LOOP('',(#3649,#3650,#3651,#3652));
#638=EDGE_LOOP('',(#3653,#3654,#3655,#3656));
#639=EDGE_LOOP('',(#3657,#3658,#3659,#3660));
#640=EDGE_LOOP('',(#3661,#3662,#3663,#3664));
#641=EDGE_LOOP('',(#3665,#3666,#3667,#3668));
#642=EDGE_LOOP('',(#3669,#3670,#3671,#3672));
#643=EDGE_LOOP('',(#3673,#3674,#3675,#3676));
#644=EDGE_LOOP('',(#3677,#3678,#3679,#3680));
#645=EDGE_LOOP('',(#3681,#3682,#3683,#3684));
#646=EDGE_LOOP('',(#3685,#3686,#3687,#3688));
#647=EDGE_LOOP('',(#3689,#3690,#3691,#3692));
#648=EDGE_LOOP('',(#3693,#3694,#3695,#3696));
#649=EDGE_LOOP('',(#3697,#3698,#3699,#3700));
#650=EDGE_LOOP('',(#3701,#3702,#3703,#3704));
#651=EDGE_LOOP('',(#3705,#3706,#3707,#3708));
#652=EDGE_LOOP('',(#3709,#3710,#3711,#3712));
#653=EDGE_LOOP('',(#3713,#3714,#3715,#3716));
#654=EDGE_LOOP('',(#3717,#3718,#3719,#3720));
#655=EDGE_LOOP('',(#3721,#3722,#3723,#3724));
#656=EDGE_LOOP('',(#3725,#3726,#3727,#3728));
#657=EDGE_LOOP('',(#3729,#3730,#3731,#3732));
#658=EDGE_LOOP('',(#3733,#3734,#3735,#3736));
#659=EDGE_LOOP('',(#3737,#3738,#3739,#3740));
#660=EDGE_LOOP('',(#3741,#3742,#3743,#3744));
#661=EDGE_LOOP('',(#3745,#3746,#3747,#3748));
#662=EDGE_LOOP('',(#3749,#3750,#3751,#3752));
#663=EDGE_LOOP('',(#3753,#3754,#3755,#3756));
#664=EDGE_LOOP('',(#3757,#3758,#3759,#3760));
#665=EDGE_LOOP('',(#3761,#3762,#3763,#3764));
#666=EDGE_LOOP('',(#3765,#3766,#3767,#3768));
#667=EDGE_LOOP('',(#3769,#3770,#3771,#3772));
#668=EDGE_LOOP('',(#3773,#3774,#3775,#3776));
#669=EDGE_LOOP('',(#3777,#3778,#3779,#3780));
#670=EDGE_LOOP('',(#3781,#3782,#3783,#3784));
#671=EDGE_LOOP('',(#3785,#3786,#3787,#3788));
#672=EDGE_LOOP('',(#3789,#3790,#3791,#3792));
#673=EDGE_LOOP('',(#3793,#3794,#3795,#3796));
#674=EDGE_LOOP('',(#3797,#3798,#3799,#3800));
#675=EDGE_LOOP('',(#3801,#3802,#3803,#3804));
#676=EDGE_LOOP('',(#3805,#3806,#3807,#3808));
#677=EDGE_LOOP('',(#3809,#3810,#3811,#3812));
#678=EDGE_LOOP('',(#3813,#3814,#3815,#3816));
#679=EDGE_LOOP('',(#3817,#3818,#3819,#3820));
#680=EDGE_LOOP('',(#3821,#3822,#3823,#3824));
#681=EDGE_LOOP('',(#3825,#3826,#3827,#3828));
#682=EDGE_LOOP('',(#3829,#3830,#3831,#3832));
#683=EDGE_LOOP('',(#3833,#3834,#3835,#3836));
#684=EDGE_LOOP('',(#3837,#3838,#3839,#3840));
#685=EDGE_LOOP('',(#3841,#3842,#3843,#3844));
#686=EDGE_LOOP('',(#3845,#3846,#3847,#3848));
#687=EDGE_LOOP('',(#3849,#3850,#3851,#3852));
#688=EDGE_LOOP('',(#3853,#3854,#3855,#3856));
#689=EDGE_LOOP('',(#3857,#3858,#3859,#3860));
#690=EDGE_LOOP('',(#3861,#3862,#3863,#3864));
#691=EDGE_LOOP('',(#3865,#3866,#3867,#3868));
#692=EDGE_LOOP('',(#3869,#3870,#3871,#3872));
#693=EDGE_LOOP('',(#3873,#3874,#3875,#3876));
#694=EDGE_LOOP('',(#3877,#3878,#3879,#3880));
#695=EDGE_LOOP('',(#3881,#3882,#3883,#3884));
#696=EDGE_LOOP('',(#3885,#3886,#3887,#3888));
#697=EDGE_LOOP('',(#3889,#3890,#3891,#3892));
#698=EDGE_LOOP('',(#3893,#3894,#3895,#3896));
#699=EDGE_LOOP('',(#3897,#3898,#3899,#3900));
#700=EDGE_LOOP('',(#3901,#3902,#3903,#3904));
#701=EDGE_LOOP('',(#3905,#3906,#3907,#3908));
#702=EDGE_LOOP('',(#3909,#3910,#3911,#3912));
#703=EDGE_LOOP('',(#3913,#3914,#3915,#3916));
#704=EDGE_LOOP('',(#3917,#3918,#3919,#3920));
#705=EDGE_LOOP('',(#3921,#3922,#3923,#3924));
#706=EDGE_LOOP('',(#3925,#3926,#3927,#3928));
#707=EDGE_LOOP('',(#3929,#3930,#3931,#3932));
#708=EDGE_LOOP('',(#3933,#3934,#3935,#3936));
#709=EDGE_LOOP('',(#3937,#3938,#3939,#3940));
#710=EDGE_LOOP('',(#3941,#3942,#3943,#3944));
#711=EDGE_LOOP('',(#3945,#3946,#3947,#3948));
#712=EDGE_LOOP('',(#3949,#3950,#3951,#3952));
#713=EDGE_LOOP('',(#3953,#3954,#3955,#3956));
#714=EDGE_LOOP('',(#3957,#3958,#3959,#3960));
#715=EDGE_LOOP('',(#3961,#3962,#3963,#3964));
#716=EDGE_LOOP('',(#3965,#3966,#3967,#3968));
#717=EDGE_LOOP('',(#3969,#3970,#3971,#3972));
#718=EDGE_LOOP('',(#3973,#3974,#3975,#3976));
#719=EDGE_LOOP('',(#3977,#3978,#3979,#3980));
#720=EDGE_LOOP('',(#3981,#3982,#3983,#3984));
#721=EDGE_LOOP('',(#3985,#3986,#3987,#3988));
#722=EDGE_LOOP('',(#3989,#3990,#3991,#3992));
#723=EDGE_LOOP('',(#3993,#3994,#3995,#3996));
#724=EDGE_LOOP('',(#3997,#3998,#3999,#4000));
#725=EDGE_LOOP('',(#4001,#4002,#4003,#4004));
#726=EDGE_LOOP('',(#4005,#4006,#4007,#4008));
#727=EDGE_LOOP('',(#4009,#4010,#4011,#4012));
#728=EDGE_LOOP('',(#4013,#4014,#4015,#4016));
#729=EDGE_LOOP('',(#4017,#4018,#4019,#4020));
#730=EDGE_LOOP('',(#4021,#4022,#4023,#4024));
#731=EDGE_LOOP('',(#4025,#4026,#4027,#4028));
#732=EDGE_LOOP('',(#4029,#4030,#4031,#4032));
#733=EDGE_LOOP('',(#4033,#4034,#4035,#4036));
#734=EDGE_LOOP('',(#4037,#4038,#4039,#4040));
#735=EDGE_LOOP('',(#4041,#4042,#4043,#4044));
#736=EDGE_LOOP('',(#4045,#4046,#4047,#4048));
#737=EDGE_LOOP('',(#4049,#4050,#4051,#4052));
#738=EDGE_LOOP('',(#4053,#4054,#4055,#4056));
#739=EDGE_LOOP('',(#4057,#4058,#4059,#4060));
#740=EDGE_LOOP('',(#4061,#4062,#4063,#4064));
#741=EDGE_LOOP('',(#4065,#4066,#4067,#4068));
#742=EDGE_LOOP('',(#4069,#4070,#4071,#4072));
#743=EDGE_LOOP('',(#4073,#4074,#4075,#4076));
#744=EDGE_LOOP('',(#4077,#4078,#4079,#4080));
#745=EDGE_LOOP('',(#4081,#4082,#4083,#4084));
#746=EDGE_LOOP('',(#4085,#4086,#4087,#4088));
#747=EDGE_LOOP('',(#4089,#4090,#4091,#4092));
#748=EDGE_LOOP('',(#4093,#4094,#4095,#4096));
#749=EDGE_LOOP('',(#4097,#4098,#4099,#4100));
#750=EDGE_LOOP('',(#4101,#4102,#4103,#4104));
#751=EDGE_LOOP('',(#4105,#4106,#4107,#4108));
#752=EDGE_LOOP('',(#4109,#4110,#4111,#4112));
#753=EDGE_LOOP('',(#4113,#4114,#4115,#4116));
#754=EDGE_LOOP('',(#4117,#4118,#4119,#4120));
#755=EDGE_LOOP('',(#4121,#4122,#4123,#4124));
#756=EDGE_LOOP('',(#4125,#4126,#4127,#4128));
#757=EDGE_LOOP('',(#4129,#4130,#4131,#4132));
#758=EDGE_LOOP('',(#4133,#4134,#4135,#4136));
#759=EDGE_LOOP('',(#4137,#4138,#4139,#4140));
#760=EDGE_LOOP('',(#4141,#4142,#4143,#4144));
#761=EDGE_LOOP('',(#4145,#4146,#4147,#4148));
#762=EDGE_LOOP('',(#4149,#4150,#4151,#4152));
#763=EDGE_LOOP('',(#4153,#4154,#4155,#4156));
#764=EDGE_LOOP('',(#4157,#4158,#4159,#4160));
#765=EDGE_LOOP('',(#4161,#4162,#4163,#4164));
#766=EDGE_LOOP('',(#4165));
#767=EDGE_LOOP('',(#4166,#4167,#4168,#4169));
#768=EDGE_LOOP('',(#4170));
#769=EDGE_LOOP('',(#4171,#4172,#4173,#4174));
#770=EDGE_LOOP('',(#4175));
#771=EDGE_LOOP('',(#4176,#4177,#4178,#4179));
#772=EDGE_LOOP('',(#4180));
#773=EDGE_LOOP('',(#4181,#4182,#4183,#4184));
#774=EDGE_LOOP('',(#4185));
#775=EDGE_LOOP('',(#4186,#4187,#4188,#4189));
#776=EDGE_LOOP('',(#4190));
#777=EDGE_LOOP('',(#4191,#4192,#4193));
#778=EDGE_LOOP('',(#4194,#4195,#4196));
#779=EDGE_LOOP('',(#4197,#4198,#4199));
#780=EDGE_LOOP('',(#4200,#4201,#4202,#4203));
#781=EDGE_LOOP('',(#4204));
#782=EDGE_LOOP('',(#4205,#4206,#4207,#4208));
#783=EDGE_LOOP('',(#4209));
#784=EDGE_LOOP('',(#4210,#4211,#4212,#4213));
#785=EDGE_LOOP('',(#4214,#4215,#4216,#4217));
#786=EDGE_LOOP('',(#4218,#4219,#4220,#4221));
#787=EDGE_LOOP('',(#4222));
#788=EDGE_LOOP('',(#4223));
#789=EDGE_LOOP('',(#4224,#4225,#4226,#4227));
#790=EDGE_LOOP('',(#4228));
#791=EDGE_LOOP('',(#4229));
#792=EDGE_LOOP('',(#4230,#4231,#4232,#4233));
#793=EDGE_LOOP('',(#4234));
#794=EDGE_LOOP('',(#4235));
#795=EDGE_LOOP('',(#4236,#4237,#4238,#4239));
#796=EDGE_LOOP('',(#4240,#4241,#4242,#4243));
#797=EDGE_LOOP('',(#4244,#4245));
#798=EDGE_LOOP('',(#4246,#4247,#4248,#4249));
#799=EDGE_LOOP('',(#4250,#4251,#4252,#4253));
#800=EDGE_LOOP('',(#4254));
#801=EDGE_LOOP('',(#4255,#4256,#4257,#4258));
#802=EDGE_LOOP('',(#4259));
#803=EDGE_LOOP('',(#4260,#4261,#4262,#4263));
#804=EDGE_LOOP('',(#4264));
#805=EDGE_LOOP('',(#4265,#4266,#4267,#4268));
#806=EDGE_LOOP('',(#4269));
#807=EDGE_LOOP('',(#4270,#4271,#4272,#4273));
#808=EDGE_LOOP('',(#4274,#4275));
#809=EDGE_LOOP('',(#4276,#4277,#4278,#4279));
#810=EDGE_LOOP('',(#4280));
#811=EDGE_LOOP('',(#4281,#4282,#4283,#4284));
#812=EDGE_LOOP('',(#4285));
#813=EDGE_LOOP('',(#4286,#4287,#4288,#4289));
#814=EDGE_LOOP('',(#4290));
#815=EDGE_LOOP('',(#4291,#4292,#4293,#4294));
#816=EDGE_LOOP('',(#4295));
#817=EDGE_LOOP('',(#4296));
#818=EDGE_LOOP('',(#4297,#4298,#4299,#4300));
#819=EDGE_LOOP('',(#4301));
#820=EDGE_LOOP('',(#4302));
#821=EDGE_LOOP('',(#4303,#4304,#4305,#4306));
#822=EDGE_LOOP('',(#4307));
#823=EDGE_LOOP('',(#4308));
#824=EDGE_LOOP('',(#4309,#4310,#4311,#4312));
#825=EDGE_LOOP('',(#4313));
#826=EDGE_LOOP('',(#4314,#4315,#4316,#4317));
#827=EDGE_LOOP('',(#4318));
#828=EDGE_LOOP('',(#4319,#4320,#4321,#4322));
#829=EDGE_LOOP('',(#4323));
#830=EDGE_LOOP('',(#4324,#4325,#4326,#4327));
#831=EDGE_LOOP('',(#4328));
#832=EDGE_LOOP('',(#4329));
#833=EDGE_LOOP('',(#4330,#4331,#4332,#4333));
#834=EDGE_LOOP('',(#4334));
#835=EDGE_LOOP('',(#4335));
#836=EDGE_LOOP('',(#4336,#4337,#4338,#4339));
#837=EDGE_LOOP('',(#4340));
#838=EDGE_LOOP('',(#4341));
#839=EDGE_LOOP('',(#4342,#4343,#4344,#4345));
#840=EDGE_LOOP('',(#4346));
#841=EDGE_LOOP('',(#4347,#4348,#4349,#4350));
#842=EDGE_LOOP('',(#4351));
#843=EDGE_LOOP('',(#4352,#4353,#4354,#4355));
#844=EDGE_LOOP('',(#4356));
#845=EDGE_LOOP('',(#4357,#4358,#4359,#4360));
#846=EDGE_LOOP('',(#4361));
#847=EDGE_LOOP('',(#4362,#4363,#4364,#4365));
#848=EDGE_LOOP('',(#4366));
#849=EDGE_LOOP('',(#4367,#4368,#4369,#4370));
#850=EDGE_LOOP('',(#4371));
#851=EDGE_LOOP('',(#4372,#4373,#4374,#4375));
#852=EDGE_LOOP('',(#4376));
#853=EDGE_LOOP('',(#4377,#4378,#4379,#4380));
#854=EDGE_LOOP('',(#4381));
#855=EDGE_LOOP('',(#4382,#4383,#4384,#4385,#4386,#4387,#4388,#4389,#4390,
#4391,#4392,#4393,#4394,#4395,#4396,#4397,#4398,#4399,#4400,#4401,#4402,
#4403,#4404,#4405,#4406,#4407,#4408,#4409,#4410,#4411,#4412,#4413,#4414,
#4415,#4416,#4417,#4418,#4419,#4420,#4421,#4422,#4423,#4424,#4425,#4426,
#4427,#4428,#4429,#4430,#4431,#4432,#4433,#4434,#4435,#4436));
#856=EDGE_LOOP('',(#4437));
#857=EDGE_LOOP('',(#4438,#4439,#4440,#4441));
#858=EDGE_LOOP('',(#4442,#4443,#4444,#4445));
#859=EDGE_LOOP('',(#4446,#4447,#4448,#4449));
#860=EDGE_LOOP('',(#4450,#4451,#4452,#4453));
#861=EDGE_LOOP('',(#4454,#4455,#4456,#4457));
#862=EDGE_LOOP('',(#4458,#4459,#4460,#4461));
#863=EDGE_LOOP('',(#4462,#4463,#4464,#4465));
#864=EDGE_LOOP('',(#4466,#4467,#4468,#4469));
#865=EDGE_LOOP('',(#4470,#4471,#4472,#4473));
#866=EDGE_LOOP('',(#4474,#4475,#4476,#4477));
#867=EDGE_LOOP('',(#4478,#4479,#4480,#4481));
#868=EDGE_LOOP('',(#4482,#4483,#4484,#4485));
#869=EDGE_LOOP('',(#4486,#4487,#4488,#4489));
#870=EDGE_LOOP('',(#4490,#4491,#4492,#4493));
#871=EDGE_LOOP('',(#4494,#4495,#4496,#4497));
#872=EDGE_LOOP('',(#4498,#4499,#4500,#4501));
#873=EDGE_LOOP('',(#4502));
#874=EDGE_LOOP('',(#4503));
#875=EDGE_LOOP('',(#4504));
#876=EDGE_LOOP('',(#4505));
#877=EDGE_LOOP('',(#4506));
#878=EDGE_LOOP('',(#4507));
#879=EDGE_LOOP('',(#4508));
#880=EDGE_LOOP('',(#4509));
#881=EDGE_LOOP('',(#4510));
#882=EDGE_LOOP('',(#4511));
#883=EDGE_LOOP('',(#4512));
#884=EDGE_LOOP('',(#4513));
#885=EDGE_LOOP('',(#4514));
#886=EDGE_LOOP('',(#4515));
#887=EDGE_LOOP('',(#4516));
#888=EDGE_LOOP('',(#4517));
#889=EDGE_LOOP('',(#4518));
#890=EDGE_LOOP('',(#4519));
#891=EDGE_LOOP('',(#4520));
#892=EDGE_LOOP('',(#4521));
#893=EDGE_LOOP('',(#4522));
#894=EDGE_LOOP('',(#4523));
#895=EDGE_LOOP('',(#4524));
#896=EDGE_LOOP('',(#4525));
#897=EDGE_LOOP('',(#4526));
#898=EDGE_LOOP('',(#4527));
#899=EDGE_LOOP('',(#4528));
#900=EDGE_LOOP('',(#4529));
#901=EDGE_LOOP('',(#4530));
#902=EDGE_LOOP('',(#4531));
#903=EDGE_LOOP('',(#4532));
#904=EDGE_LOOP('',(#4533));
#905=EDGE_LOOP('',(#4534));
#906=EDGE_LOOP('',(#4535));
#907=EDGE_LOOP('',(#4536,#4537,#4538,#4539,#4540,#4541,#4542));
#908=EDGE_LOOP('',(#4543,#4544,#4545));
#909=EDGE_LOOP('',(#4546,#4547,#4548));
#910=EDGE_LOOP('',(#4549,#4550,#4551));
#911=EDGE_LOOP('',(#4552,#4553,#4554));
#912=EDGE_LOOP('',(#4555));
#913=EDGE_LOOP('',(#4556));
#914=EDGE_LOOP('',(#4557,#4558,#4559,#4560,#4561,#4562));
#915=EDGE_LOOP('',(#4563,#4564,#4565,#4566,#4567,#4568,#4569));
#916=EDGE_LOOP('',(#4570,#4571,#4572,#4573,#4574));
#917=EDGE_LOOP('',(#4575,#4576,#4577,#4578,#4579));
#918=EDGE_LOOP('',(#4580,#4581,#4582,#4583));
#919=EDGE_LOOP('',(#4584,#4585,#4586,#4587,#4588,#4589));
#920=EDGE_LOOP('',(#4590,#4591,#4592,#4593,#4594,#4595,#4596,#4597,#4598,
#4599,#4600,#4601,#4602,#4603,#4604,#4605,#4606,#4607,#4608,#4609,#4610,
#4611,#4612,#4613,#4614,#4615,#4616,#4617,#4618,#4619,#4620,#4621,#4622,
#4623,#4624,#4625,#4626,#4627,#4628,#4629,#4630,#4631,#4632,#4633,#4634,
#4635,#4636));
#921=EDGE_LOOP('',(#4637,#4638,#4639,#4640));
#922=EDGE_LOOP('',(#4641,#4642,#4643,#4644,#4645,#4646,#4647));
#923=EDGE_LOOP('',(#4648));
#924=EDGE_LOOP('',(#4649));
#925=EDGE_LOOP('',(#4650,#4651,#4652));
#926=EDGE_LOOP('',(#4653,#4654,#4655));
#927=EDGE_LOOP('',(#4656,#4657,#4658));
#928=EDGE_LOOP('',(#4659,#4660,#4661));
#929=EDGE_LOOP('',(#4662,#4663,#4664,#4665,#4666,#4667));
#930=EDGE_LOOP('',(#4668,#4669,#4670,#4671));
#931=EDGE_LOOP('',(#4672,#4673));
#932=EDGE_LOOP('',(#4674,#4675,#4676));
#933=EDGE_LOOP('',(#4677,#4678,#4679));
#934=EDGE_LOOP('',(#4680,#4681,#4682,#4683,#4684,#4685,#4686,#4687,#4688,
#4689));
#935=EDGE_LOOP('',(#4690,#4691,#4692,#4693,#4694));
#936=EDGE_LOOP('',(#4695,#4696,#4697,#4698));
#937=EDGE_LOOP('',(#4699,#4700,#4701,#4702));
#938=EDGE_LOOP('',(#4703,#4704,#4705,#4706,#4707,#4708));
#939=EDGE_LOOP('',(#4709,#4710,#4711,#4712));
#940=EDGE_LOOP('',(#4713));
#941=EDGE_LOOP('',(#4714));
#942=EDGE_LOOP('',(#4715));
#943=EDGE_LOOP('',(#4716));
#944=EDGE_LOOP('',(#4717));
#945=EDGE_LOOP('',(#4718));
#946=EDGE_LOOP('',(#4719));
#947=EDGE_LOOP('',(#4720));
#948=EDGE_LOOP('',(#4721));
#949=EDGE_LOOP('',(#4722));
#950=EDGE_LOOP('',(#4723,#4724,#4725,#4726));
#951=EDGE_LOOP('',(#4727,#4728,#4729,#4730));
#952=EDGE_LOOP('',(#4731,#4732,#4733,#4734));
#953=EDGE_LOOP('',(#4735,#4736,#4737,#4738));
#954=EDGE_LOOP('',(#4739,#4740,#4741,#4742));
#955=EDGE_LOOP('',(#4743,#4744,#4745,#4746));
#956=EDGE_LOOP('',(#4747,#4748,#4749,#4750));
#957=EDGE_LOOP('',(#4751,#4752,#4753,#4754));
#958=EDGE_LOOP('',(#4755,#4756,#4757,#4758));
#959=EDGE_LOOP('',(#4759,#4760,#4761,#4762));
#960=EDGE_LOOP('',(#4763,#4764,#4765,#4766));
#961=EDGE_LOOP('',(#4767,#4768,#4769,#4770));
#962=EDGE_LOOP('',(#4771,#4772,#4773,#4774));
#963=EDGE_LOOP('',(#4775,#4776,#4777,#4778));
#964=EDGE_LOOP('',(#4779,#4780,#4781,#4782));
#965=EDGE_LOOP('',(#4783,#4784,#4785,#4786));
#966=EDGE_LOOP('',(#4787,#4788,#4789,#4790));
#967=EDGE_LOOP('',(#4791,#4792,#4793,#4794));
#968=EDGE_LOOP('',(#4795,#4796,#4797,#4798));
#969=EDGE_LOOP('',(#4799,#4800,#4801,#4802));
#970=EDGE_LOOP('',(#4803,#4804,#4805,#4806));
#971=EDGE_LOOP('',(#4807,#4808,#4809,#4810));
#972=EDGE_LOOP('',(#4811,#4812,#4813,#4814));
#973=EDGE_LOOP('',(#4815,#4816,#4817,#4818));
#974=EDGE_LOOP('',(#4819,#4820,#4821,#4822));
#975=EDGE_LOOP('',(#4823,#4824,#4825,#4826));
#976=EDGE_LOOP('',(#4827,#4828,#4829,#4830));
#977=EDGE_LOOP('',(#4831,#4832,#4833,#4834));
#978=EDGE_LOOP('',(#4835,#4836,#4837,#4838));
#979=EDGE_LOOP('',(#4839,#4840,#4841,#4842));
#980=EDGE_LOOP('',(#4843,#4844,#4845,#4846));
#981=EDGE_LOOP('',(#4847,#4848,#4849,#4850));
#982=EDGE_LOOP('',(#4851,#4852,#4853,#4854));
#983=EDGE_LOOP('',(#4855,#4856,#4857,#4858));
#984=EDGE_LOOP('',(#4859,#4860,#4861,#4862));
#985=EDGE_LOOP('',(#4863,#4864,#4865,#4866));
#986=EDGE_LOOP('',(#4867,#4868,#4869,#4870));
#987=EDGE_LOOP('',(#4871,#4872,#4873,#4874));
#988=EDGE_LOOP('',(#4875,#4876,#4877,#4878));
#989=EDGE_LOOP('',(#4879,#4880,#4881,#4882));
#990=EDGE_LOOP('',(#4883,#4884,#4885,#4886));
#991=EDGE_LOOP('',(#4887,#4888,#4889,#4890));
#992=EDGE_LOOP('',(#4891,#4892,#4893,#4894));
#993=EDGE_LOOP('',(#4895,#4896,#4897,#4898));
#994=EDGE_LOOP('',(#4899,#4900,#4901,#4902));
#995=EDGE_LOOP('',(#4903,#4904,#4905,#4906));
#996=EDGE_LOOP('',(#4907,#4908,#4909,#4910));
#997=EDGE_LOOP('',(#4911,#4912,#4913,#4914));
#998=EDGE_LOOP('',(#4915,#4916,#4917,#4918));
#999=EDGE_LOOP('',(#4919,#4920,#4921,#4922));
#1000=EDGE_LOOP('',(#4923,#4924,#4925,#4926));
#1001=EDGE_LOOP('',(#4927,#4928,#4929,#4930));
#1002=EDGE_LOOP('',(#4931,#4932,#4933,#4934));
#1003=EDGE_LOOP('',(#4935,#4936,#4937,#4938));
#1004=EDGE_LOOP('',(#4939,#4940,#4941,#4942));
#1005=EDGE_LOOP('',(#4943,#4944,#4945,#4946));
#1006=EDGE_LOOP('',(#4947,#4948,#4949,#4950));
#1007=EDGE_LOOP('',(#4951,#4952,#4953,#4954));
#1008=B_SPLINE_CURVE_WITH_KNOTS('',3,(#7760,#7761,#7762,#7763,#7764,#7765,
#7766,#7767),.UNSPECIFIED.,.F.,.F.,(4,2,2,4),(0.301966611937399,0.314241126037908,
0.344477317329006,0.374713508620104),.UNSPECIFIED.);
#1009=B_SPLINE_CURVE_WITH_KNOTS('',3,(#7769,#7770,#7771,#7772,#7773,#7774,
#7775,#7776,#7777,#7778,#7779,#7780,#7781,#7782,#7783,#7784,#7785,#7786,
#7787,#7788,#7789,#7790,#7791),.UNSPECIFIED.,.F.,.F.,(4,2,2,2,2,3,2,2,2,
2,4),(0.374713508620104,0.4049496999112,0.435185891202296,0.467401951347881,
0.483509981420674,0.499618011493467,0.515726041566259,0.531834071639052,
0.564050131784638,0.594286323075734,0.62452251436683),.UNSPECIFIED.);
#1010=B_SPLINE_CURVE_WITH_KNOTS('',3,(#7795,#7796,#7797,#7798,#7799,#7800,
#7801,#7802,#7803,#7804,#7805,#7806,#7807,#7808,#7809,#7810,#7811,#7812,
#7813,#7814,#7815,#7816,#7817),.UNSPECIFIED.,.F.,.F.,(4,2,2,2,2,3,2,2,2,
2,4),(0.374713508620103,0.4049496999112,0.435185891202296,0.467401951347881,
0.483509981420674,0.499618011493467,0.515726041566259,0.531834071639052,
0.564050131784638,0.594286323075734,0.62452251436683),.UNSPECIFIED.);
#1011=B_SPLINE_CURVE_WITH_KNOTS('',3,(#7818,#7819,#7820,#7821,#7822,#7823,
#7824,#7825,#7826,#7827,#7828,#7829,#7830,#7831,#7832,#7833,#7834,#7835,
#7836,#7837,#7838,#7839),.UNSPECIFIED.,.F.,.F.,(4,2,2,2,2,2,2,2,2,2,4),
(0.62452251436683,0.654758705657927,0.684994896949025,0.717210957094612,
0.733318987167406,0.7494270172402,0.765535047312993,0.781643077385787,0.813859137531375,
0.844095328822472,0.87433152011357),.UNSPECIFIED.);
#1012=B_SPLINE_CURVE_WITH_KNOTS('',3,(#7844,#7845,#7846,#7847,#7848,#7849,
#7850,#7851,#7852,#7853,#7854,#7855,#7856,#7857),.UNSPECIFIED.,.F.,.F.,
(4,2,2,2,2,2,4),(0.197651399556069,0.217592945601146,0.23370097567394,0.249809005746733,
0.265917035819527,0.282025065892321,0.301966611937399),.UNSPECIFIED.);
#1013=B_SPLINE_CURVE_WITH_KNOTS('',3,(#7873,#7874,#7875,#7876,#7877,#7878,
#7879,#7880),.UNSPECIFIED.,.F.,.F.,(4,2,2,4),(0.124904502873363,0.155140694164461,
0.185376885455559,0.197651399556069),.UNSPECIFIED.);
#1014=B_SPLINE_CURVE_WITH_KNOTS('',3,(#7884,#7885,#7886,#7887,#7888,#7889,
#7890,#7891,#7892,#7893),.UNSPECIFIED.,.F.,.F.,(4,2,2,2,4),(0.,0.0282515466758889,
0.0565030933517777,0.0847546400272067,0.113006186702636),.UNSPECIFIED.);
#1015=B_SPLINE_CURVE_WITH_KNOTS('',3,(#7894,#7895,#7896,#7897,#7898,#7899,
#7900,#7901,#7902,#7903,#7904,#7905,#7906,#7907,#7908,#7909,#7910,#7911,
#7912,#7913,#7914,#7915,#7916,#7917,#7918,#7919),.UNSPECIFIED.,.F.,.F.,
(4,2,2,2,2,2,2,2,2,2,2,2,4),(0.113006186702636,0.141257733378064,0.169509280053493,
0.197760826729381,0.22601237340527,0.254263920081158,0.282515466757047,
0.310767013432475,0.339018560107903,0.367270106783332,0.395521653458762,
0.42377320013465,0.452024746810539),.UNSPECIFIED.);
#1016=B_SPLINE_CURVE_WITH_KNOTS('',3,(#7930,#7931,#7932,#7933,#7934,#7935,
#7936,#7937,#7938,#7939,#7940,#7941,#7942,#7943,#7944,#7945,#7946,#7947,
#7948,#7949,#7950,#7951),.UNSPECIFIED.,.F.,.F.,(4,2,2,2,2,2,2,2,2,2,4),
(0.124948340642178,0.155175893592873,0.185403446543568,0.217606341791346,
0.233707789415235,0.249809237039124,0.265910684663013,0.282012132286903,
0.314215027534681,0.344442580485376,0.374670133436071),.UNSPECIFIED.);
#1017=B_SPLINE_CURVE_WITH_KNOTS('',3,(#7952,#7953,#7954,#7955,#7956,#7957,
#7958,#7959,#7960,#7961,#7962,#7963,#7964,#7965,#7966,#7967,#7968,#7969,
#7970,#7971,#7972,#7973,#7974),.UNSPECIFIED.,.F.,.F.,(4,2,2,2,2,3,2,2,2,
2,4),(0.374670133436071,0.404914989607041,0.435159845778011,0.46738915992813,
0.483503817003189,0.499618474078249,0.515733131153308,0.531847788228367,
0.564077102378486,0.594321958549456,0.624566814720426),.UNSPECIFIED.);
#1018=B_SPLINE_CURVE_WITH_KNOTS('',3,(#7981,#7982,#7983,#7984,#7985,#7986,
#7987,#7988,#7989,#7990,#7991,#7992,#7993,#7994,#7995,#7996,#7997,#7998,
#7999,#8000,#8001,#8002,#8003,#8004,#8005,#8006),.UNSPECIFIED.,.F.,.F.,
(4,2,2,2,2,2,2,2,2,2,2,2,4),(0.,0.0283243451397519,0.0566486902795038,0.0849720459741488,
0.113295401668794,0.141618235720941,0.169941069773087,0.198265354584577,
0.226589639396067,0.254913924207557,0.283238209019047,0.311561043071194,
0.33988387712334),.UNSPECIFIED.);
#1019=B_SPLINE_CURVE_WITH_KNOTS('',3,(#8007,#8008,#8009,#8010,#8011,#8012,
#8013,#8014,#8015,#8016),.UNSPECIFIED.,.F.,.F.,(4,2,2,2,4),(0.33988387712334,
0.368207232817985,0.39653058851263,0.424854933652382,0.453179278792134),
 .UNSPECIFIED.);
#1020=B_SPLINE_CURVE_WITH_KNOTS('',3,(#8020,#8021,#8022,#8023,#8024,#8025,
#8026,#8027,#8028,#8029,#8030,#8031,#8032,#8033,#8034,#8035,#8036,#8037,
#8038,#8039,#8040,#8041,#8042),.UNSPECIFIED.,.F.,.F.,(4,2,2,2,2,3,2,2,2,
2,4),(0.374670133436071,0.404914989607041,0.435159845778011,0.46738915992813,
0.48350381700319,0.499618474078249,0.515733131153308,0.531847788228368,
0.564077102378487,0.594321958549457,0.624566814720427),.UNSPECIFIED.);
#1021=B_SPLINE_CURVE_WITH_KNOTS('',3,(#8043,#8044,#8045,#8046,#8047,#8048,
#8049,#8050,#8051,#8052,#8053,#8054,#8055,#8056,#8057,#8058,#8059,#8060,
#8061,#8062,#8063,#8064),.UNSPECIFIED.,.F.,.F.,(4,2,2,2,2,2,2,2,2,2,4),
(0.624566814720427,0.654794367671122,0.685021920621817,0.717224815869595,
0.733326263493484,0.749427711117373,0.765529158741263,0.781630606365152,
0.81383350161293,0.844061054563625,0.87428860751432),.UNSPECIFIED.);
#1022=B_SPLINE_CURVE_WITH_KNOTS('',3,(#8077,#8078,#8079,#8080,#8081,#8082,
#8083,#8084,#8085,#8086,#8087,#8088,#8089,#8090,#8091,#8092,#8093,#8094,
#8095,#8096,#8097,#8098),.UNSPECIFIED.,.F.,.F.,(4,2,2,2,2,2,2,2,2,2,4),
(0.124904508144248,0.155140698392351,0.185376888640454,0.217592947193592,
0.233700976470161,0.24980900574673,0.265917035023299,0.282025064299868,
0.314241122853006,0.344477313101109,0.374713503349212),.UNSPECIFIED.);
#1023=B_SPLINE_CURVE_WITH_KNOTS('',3,(#8099,#8100,#8101,#8102,#8103,#8104,
#8105,#8106,#8107,#8108,#8109,#8110,#8111,#8112,#8113,#8114,#8115,#8116,
#8117,#8118,#8119,#8120,#8121),.UNSPECIFIED.,.F.,.F.,(4,2,2,2,2,3,2,2,2,
2,4),(0.374713503349212,0.404949695683303,0.435185888017393,0.467401949755426,
0.483509980624443,0.49961801149346,0.515726042362477,0.531834073231494,
0.564050134969527,0.594286327303618,0.624522519637708),.UNSPECIFIED.);
#1024=B_SPLINE_CURVE_WITH_KNOTS('',3,(#8128,#8129,#8130,#8131,#8132,#8133,
#8134,#8135,#8136,#8137,#8138,#8139,#8140,#8141,#8142,#8143,#8144,#8145,
#8146,#8147,#8148,#8149,#8150,#8151,#8152,#8153),.UNSPECIFIED.,.F.,.F.,
(4,2,2,2,2,2,2,2,2,2,2,2,4),(0.,0.0282976716239089,0.0565953432478178,0.0848925214300205,
0.113189699612223,0.141486877888837,0.16978405616545,0.198081727799711,
0.226379399433971,0.254677071068232,0.282974742702493,0.311271920979106,
0.33956909925572),.UNSPECIFIED.);
#1025=B_SPLINE_CURVE_WITH_KNOTS('',3,(#8154,#8155,#8156,#8157,#8158,#8159,
#8160,#8161,#8162,#8163),.UNSPECIFIED.,.F.,.F.,(4,2,2,2,4),(0.33956909925572,
0.367866277437922,0.396163455620125,0.424461127244034,0.452758798867943),
 .UNSPECIFIED.);
#1026=B_SPLINE_CURVE_WITH_KNOTS('',3,(#8167,#8168,#8169,#8170,#8171,#8172,
#8173,#8174,#8175,#8176,#8177,#8178,#8179,#8180,#8181,#8182,#8183,#8184,
#8185,#8186,#8187,#8188,#8189),.UNSPECIFIED.,.F.,.F.,(4,2,2,2,2,3,2,2,2,
2,4),(0.374713503349212,0.404949695683302,0.435185888017392,0.467401949755426,
0.483509980624443,0.49961801149346,0.515726042362477,0.531834073231494,
0.564050134969528,0.594286327303618,0.624522519637708),.UNSPECIFIED.);
#1027=B_SPLINE_CURVE_WITH_KNOTS('',3,(#8190,#8191,#8192,#8193,#8194,#8195,
#8196,#8197,#8198,#8199,#8200,#8201,#8202,#8203,#8204,#8205,#8206,#8207,
#8208,#8209,#8210,#8211),.UNSPECIFIED.,.F.,.F.,(4,2,2,2,2,2,2,2,2,2,4),
(0.624522519637708,0.654758709885811,0.684994900133914,0.717210958687052,
0.733318987963621,0.74942701724019,0.765535046516759,0.781643075793328,
0.813859134346467,0.844095324594569,0.874331514842672),.UNSPECIFIED.);
#1028=B_SPLINE_CURVE_WITH_KNOTS('',3,(#9433,#9434,#9435,#9436,#9437,#9438),
 .UNSPECIFIED.,.F.,.F.,(4,2,4),(0.534565925692402,0.791150379251401,1.05486715057679),
 .UNSPECIFIED.);
#1029=B_SPLINE_CURVE_WITH_KNOTS('',3,(#9440,#9441,#9442,#9443,#9444,#9445,
#9446,#9447,#9448,#9449,#9450,#9451,#9452,#9453,#9454,#9455,#9456,#9457,
#9458,#9459,#9460,#9461,#9462,#9463,#9464,#9465,#9466,#9467,#9468,#9469,
#9470),.UNSPECIFIED.,.F.,.F.,(4,2,2,2,2,2,2,2,2,2,2,3,2,2,4),(-2.64430022684593,
-2.6371679090796,-2.37345110511659,-2.10973430115359,-1.84601749719058,
-1.58230069322758,-1.31858392190219,-1.05486715057679,-0.791150379251401,
-0.527433607926009,-0.263716803963005,0.,0.263716803963005,0.52743360792601,
0.534565925692402),.UNSPECIFIED.);
#1030=B_SPLINE_CURVE_WITH_KNOTS('',3,(#9471,#9472,#9473,#9474,#9475,#9476),
 .UNSPECIFIED.,.F.,.F.,(4,2,4),(1.05486715057679,1.31858392190218,1.57516837546118),
 .UNSPECIFIED.);
#1031=B_SPLINE_CURVE_WITH_KNOTS('',3,(#9621,#9622,#9623,#9624,#9625,#9626),
 .UNSPECIFIED.,.F.,.F.,(4,2,4),(0.534565925692396,0.791150379251401,1.05486715057679),
 .UNSPECIFIED.);
#1032=B_SPLINE_CURVE_WITH_KNOTS('',3,(#9628,#9629,#9630,#9631,#9632,#9633,
#9634,#9635,#9636,#9637,#9638,#9639,#9640,#9641,#9642,#9643,#9644,#9645,
#9646,#9647,#9648,#9649,#9650,#9651,#9652,#9653,#9654,#9655,#9656,#9657,
#9658),.UNSPECIFIED.,.F.,.F.,(4,2,2,2,2,2,2,2,2,2,2,3,2,2,4),(-2.64430022684593,
-2.6371679090796,-2.37345110511659,-2.10973430115359,-1.84601749719058,
-1.58230069322758,-1.31858392190218,-1.05486715057679,-0.791150379251401,
-0.527433607926009,-0.263716803963005,0.,0.263716803963005,0.52743360792601,
0.534565925692397),.UNSPECIFIED.);
#1033=B_SPLINE_CURVE_WITH_KNOTS('',3,(#9659,#9660,#9661,#9662,#9663,#9664),
 .UNSPECIFIED.,.F.,.F.,(4,2,4),(1.05486715057679,1.31858392190218,1.57516837546119),
 .UNSPECIFIED.);
#1034=LINE('',#7758,#1447);
#1035=LINE('',#7843,#1448);
#1036=LINE('',#7862,#1449);
#1037=LINE('',#7869,#1450);
#1038=LINE('',#7882,#1451);
#1039=LINE('',#7924,#1452);
#1040=LINE('',#7976,#1453);
#1041=LINE('',#8018,#1454);
#1042=LINE('',#8070,#1455);
#1043=LINE('',#8123,#1456);
#1044=LINE('',#8165,#1457);
#1045=LINE('',#8217,#1458);
#1046=LINE('',#8224,#1459);
#1047=LINE('',#8226,#1460);
#1048=LINE('',#8228,#1461);
#1049=LINE('',#8229,#1462);
#1050=LINE('',#8234,#1463);
#1051=LINE('',#8238,#1464);
#1052=LINE('',#8240,#1465);
#1053=LINE('',#8241,#1466);
#1054=LINE('',#8248,#1467);
#1055=LINE('',#8252,#1468);
#1056=LINE('',#8257,#1469);
#1057=LINE('',#8259,#1470);
#1058=LINE('',#8261,#1471);
#1059=LINE('',#8262,#1472);
#1060=LINE('',#8267,#1473);
#1061=LINE('',#8271,#1474);
#1062=LINE('',#8273,#1475);
#1063=LINE('',#8274,#1476);
#1064=LINE('',#8281,#1477);
#1065=LINE('',#8285,#1478);
#1066=LINE('',#8290,#1479);
#1067=LINE('',#8292,#1480);
#1068=LINE('',#8294,#1481);
#1069=LINE('',#8295,#1482);
#1070=LINE('',#8300,#1483);
#1071=LINE('',#8304,#1484);
#1072=LINE('',#8306,#1485);
#1073=LINE('',#8307,#1486);
#1074=LINE('',#8314,#1487);
#1075=LINE('',#8318,#1488);
#1076=LINE('',#8323,#1489);
#1077=LINE('',#8325,#1490);
#1078=LINE('',#8327,#1491);
#1079=LINE('',#8328,#1492);
#1080=LINE('',#8333,#1493);
#1081=LINE('',#8337,#1494);
#1082=LINE('',#8339,#1495);
#1083=LINE('',#8340,#1496);
#1084=LINE('',#8347,#1497);
#1085=LINE('',#8351,#1498);
#1086=LINE('',#8356,#1499);
#1087=LINE('',#8358,#1500);
#1088=LINE('',#8360,#1501);
#1089=LINE('',#8361,#1502);
#1090=LINE('',#8366,#1503);
#1091=LINE('',#8370,#1504);
#1092=LINE('',#8372,#1505);
#1093=LINE('',#8373,#1506);
#1094=LINE('',#8380,#1507);
#1095=LINE('',#8384,#1508);
#1096=LINE('',#8389,#1509);
#1097=LINE('',#8391,#1510);
#1098=LINE('',#8393,#1511);
#1099=LINE('',#8394,#1512);
#1100=LINE('',#8399,#1513);
#1101=LINE('',#8403,#1514);
#1102=LINE('',#8405,#1515);
#1103=LINE('',#8406,#1516);
#1104=LINE('',#8413,#1517);
#1105=LINE('',#8417,#1518);
#1106=LINE('',#8422,#1519);
#1107=LINE('',#8424,#1520);
#1108=LINE('',#8426,#1521);
#1109=LINE('',#8427,#1522);
#1110=LINE('',#8432,#1523);
#1111=LINE('',#8436,#1524);
#1112=LINE('',#8438,#1525);
#1113=LINE('',#8439,#1526);
#1114=LINE('',#8446,#1527);
#1115=LINE('',#8450,#1528);
#1116=LINE('',#8455,#1529);
#1117=LINE('',#8457,#1530);
#1118=LINE('',#8459,#1531);
#1119=LINE('',#8460,#1532);
#1120=LINE('',#8465,#1533);
#1121=LINE('',#8469,#1534);
#1122=LINE('',#8471,#1535);
#1123=LINE('',#8472,#1536);
#1124=LINE('',#8479,#1537);
#1125=LINE('',#8483,#1538);
#1126=LINE('',#8488,#1539);
#1127=LINE('',#8490,#1540);
#1128=LINE('',#8492,#1541);
#1129=LINE('',#8493,#1542);
#1130=LINE('',#8498,#1543);
#1131=LINE('',#8502,#1544);
#1132=LINE('',#8504,#1545);
#1133=LINE('',#8505,#1546);
#1134=LINE('',#8512,#1547);
#1135=LINE('',#8516,#1548);
#1136=LINE('',#8521,#1549);
#1137=LINE('',#8523,#1550);
#1138=LINE('',#8525,#1551);
#1139=LINE('',#8526,#1552);
#1140=LINE('',#8531,#1553);
#1141=LINE('',#8535,#1554);
#1142=LINE('',#8537,#1555);
#1143=LINE('',#8538,#1556);
#1144=LINE('',#8545,#1557);
#1145=LINE('',#8549,#1558);
#1146=LINE('',#8554,#1559);
#1147=LINE('',#8556,#1560);
#1148=LINE('',#8558,#1561);
#1149=LINE('',#8559,#1562);
#1150=LINE('',#8564,#1563);
#1151=LINE('',#8568,#1564);
#1152=LINE('',#8570,#1565);
#1153=LINE('',#8571,#1566);
#1154=LINE('',#8578,#1567);
#1155=LINE('',#8582,#1568);
#1156=LINE('',#8587,#1569);
#1157=LINE('',#8589,#1570);
#1158=LINE('',#8591,#1571);
#1159=LINE('',#8592,#1572);
#1160=LINE('',#8597,#1573);
#1161=LINE('',#8601,#1574);
#1162=LINE('',#8603,#1575);
#1163=LINE('',#8604,#1576);
#1164=LINE('',#8611,#1577);
#1165=LINE('',#8615,#1578);
#1166=LINE('',#8620,#1579);
#1167=LINE('',#8622,#1580);
#1168=LINE('',#8624,#1581);
#1169=LINE('',#8625,#1582);
#1170=LINE('',#8630,#1583);
#1171=LINE('',#8634,#1584);
#1172=LINE('',#8636,#1585);
#1173=LINE('',#8637,#1586);
#1174=LINE('',#8644,#1587);
#1175=LINE('',#8648,#1588);
#1176=LINE('',#8653,#1589);
#1177=LINE('',#8655,#1590);
#1178=LINE('',#8657,#1591);
#1179=LINE('',#8658,#1592);
#1180=LINE('',#8663,#1593);
#1181=LINE('',#8667,#1594);
#1182=LINE('',#8669,#1595);
#1183=LINE('',#8670,#1596);
#1184=LINE('',#8677,#1597);
#1185=LINE('',#8681,#1598);
#1186=LINE('',#8686,#1599);
#1187=LINE('',#8688,#1600);
#1188=LINE('',#8690,#1601);
#1189=LINE('',#8691,#1602);
#1190=LINE('',#8696,#1603);
#1191=LINE('',#8700,#1604);
#1192=LINE('',#8702,#1605);
#1193=LINE('',#8703,#1606);
#1194=LINE('',#8710,#1607);
#1195=LINE('',#8714,#1608);
#1196=LINE('',#8719,#1609);
#1197=LINE('',#8721,#1610);
#1198=LINE('',#8723,#1611);
#1199=LINE('',#8724,#1612);
#1200=LINE('',#8729,#1613);
#1201=LINE('',#8733,#1614);
#1202=LINE('',#8735,#1615);
#1203=LINE('',#8736,#1616);
#1204=LINE('',#8743,#1617);
#1205=LINE('',#8747,#1618);
#1206=LINE('',#8751,#1619);
#1207=LINE('',#8753,#1620);
#1208=LINE('',#8754,#1621);
#1209=LINE('',#8757,#1622);
#1210=LINE('',#8761,#1623);
#1211=LINE('',#8763,#1624);
#1212=LINE('',#8764,#1625);
#1213=LINE('',#8767,#1626);
#1214=LINE('',#8771,#1627);
#1215=LINE('',#8773,#1628);
#1216=LINE('',#8774,#1629);
#1217=LINE('',#8777,#1630);
#1218=LINE('',#8781,#1631);
#1219=LINE('',#8783,#1632);
#1220=LINE('',#8784,#1633);
#1221=LINE('',#8787,#1634);
#1222=LINE('',#8791,#1635);
#1223=LINE('',#8793,#1636);
#1224=LINE('',#8794,#1637);
#1225=LINE('',#8797,#1638);
#1226=LINE('',#8801,#1639);
#1227=LINE('',#8803,#1640);
#1228=LINE('',#8804,#1641);
#1229=LINE('',#8807,#1642);
#1230=LINE('',#8811,#1643);
#1231=LINE('',#8813,#1644);
#1232=LINE('',#8814,#1645);
#1233=LINE('',#8817,#1646);
#1234=LINE('',#8821,#1647);
#1235=LINE('',#8823,#1648);
#1236=LINE('',#8824,#1649);
#1237=LINE('',#8827,#1650);
#1238=LINE('',#8831,#1651);
#1239=LINE('',#8833,#1652);
#1240=LINE('',#8834,#1653);
#1241=LINE('',#8837,#1654);
#1242=LINE('',#8841,#1655);
#1243=LINE('',#8843,#1656);
#1244=LINE('',#8844,#1657);
#1245=LINE('',#8847,#1658);
#1246=LINE('',#8851,#1659);
#1247=LINE('',#8853,#1660);
#1248=LINE('',#8854,#1661);
#1249=LINE('',#8857,#1662);
#1250=LINE('',#8861,#1663);
#1251=LINE('',#8863,#1664);
#1252=LINE('',#8864,#1665);
#1253=LINE('',#8867,#1666);
#1254=LINE('',#8871,#1667);
#1255=LINE('',#8873,#1668);
#1256=LINE('',#8874,#1669);
#1257=LINE('',#8877,#1670);
#1258=LINE('',#8881,#1671);
#1259=LINE('',#8883,#1672);
#1260=LINE('',#8884,#1673);
#1261=LINE('',#8887,#1674);
#1262=LINE('',#8891,#1675);
#1263=LINE('',#8893,#1676);
#1264=LINE('',#8894,#1677);
#1265=LINE('',#8897,#1678);
#1266=LINE('',#8901,#1679);
#1267=LINE('',#8903,#1680);
#1268=LINE('',#8904,#1681);
#1269=LINE('',#8907,#1682);
#1270=LINE('',#8911,#1683);
#1271=LINE('',#8912,#1684);
#1272=LINE('',#8917,#1685);
#1273=LINE('',#8918,#1686);
#1274=LINE('',#8923,#1687);
#1275=LINE('',#8924,#1688);
#1276=LINE('',#8929,#1689);
#1277=LINE('',#8930,#1690);
#1278=LINE('',#8935,#1691);
#1279=LINE('',#8936,#1692);
#1280=LINE('',#8941,#1693);
#1281=LINE('',#8942,#1694);
#1282=LINE('',#8947,#1695);
#1283=LINE('',#8948,#1696);
#1284=LINE('',#8953,#1697);
#1285=LINE('',#8954,#1698);
#1286=LINE('',#8959,#1699);
#1287=LINE('',#8960,#1700);
#1288=LINE('',#8965,#1701);
#1289=LINE('',#8966,#1702);
#1290=LINE('',#8971,#1703);
#1291=LINE('',#8972,#1704);
#1292=LINE('',#8977,#1705);
#1293=LINE('',#8978,#1706);
#1294=LINE('',#8983,#1707);
#1295=LINE('',#8984,#1708);
#1296=LINE('',#8989,#1709);
#1297=LINE('',#8990,#1710);
#1298=LINE('',#8995,#1711);
#1299=LINE('',#8996,#1712);
#1300=LINE('',#9001,#1713);
#1301=LINE('',#9002,#1714);
#1302=LINE('',#9009,#1715);
#1303=LINE('',#9016,#1716);
#1304=LINE('',#9023,#1717);
#1305=LINE('',#9030,#1718);
#1306=LINE('',#9037,#1719);
#1307=LINE('',#9044,#1720);
#1308=LINE('',#9054,#1721);
#1309=LINE('',#9061,#1722);
#1310=LINE('',#9068,#1723);
#1311=LINE('',#9074,#1724);
#1312=LINE('',#9080,#1725);
#1313=LINE('',#9089,#1726);
#1314=LINE('',#9098,#1727);
#1315=LINE('',#9105,#1728);
#1316=LINE('',#9109,#1729);
#1317=LINE('',#9113,#1730);
#1318=LINE('',#9119,#1731);
#1319=LINE('',#9126,#1732);
#1320=LINE('',#9133,#1733);
#1321=LINE('',#9140,#1734);
#1322=LINE('',#9147,#1735);
#1323=LINE('',#9153,#1736);
#1324=LINE('',#9160,#1737);
#1325=LINE('',#9167,#1738);
#1326=LINE('',#9174,#1739);
#1327=LINE('',#9181,#1740);
#1328=LINE('',#9188,#1741);
#1329=LINE('',#9195,#1742);
#1330=LINE('',#9202,#1743);
#1331=LINE('',#9209,#1744);
#1332=LINE('',#9216,#1745);
#1333=LINE('',#9223,#1746);
#1334=LINE('',#9230,#1747);
#1335=LINE('',#9237,#1748);
#1336=LINE('',#9244,#1749);
#1337=LINE('',#9251,#1750);
#1338=LINE('',#9258,#1751);
#1339=LINE('',#9265,#1752);
#1340=LINE('',#9272,#1753);
#1341=LINE('',#9279,#1754);
#1342=LINE('',#9286,#1755);
#1343=LINE('',#9292,#1756);
#1344=LINE('',#9294,#1757);
#1345=LINE('',#9296,#1758);
#1346=LINE('',#9298,#1759);
#1347=LINE('',#9336,#1760);
#1348=LINE('',#9338,#1761);
#1349=LINE('',#9342,#1762);
#1350=LINE('',#9344,#1763);
#1351=LINE('',#9346,#1764);
#1352=LINE('',#9348,#1765);
#1353=LINE('',#9350,#1766);
#1354=LINE('',#9352,#1767);
#1355=LINE('',#9354,#1768);
#1356=LINE('',#9356,#1769);
#1357=LINE('',#9360,#1770);
#1358=LINE('',#9398,#1771);
#1359=LINE('',#9399,#1772);
#1360=LINE('',#9412,#1773);
#1361=LINE('',#9415,#1774);
#1362=LINE('',#9418,#1775);
#1363=LINE('',#9419,#1776);
#1364=LINE('',#9422,#1777);
#1365=LINE('',#9423,#1778);
#1366=LINE('',#9425,#1779);
#1367=LINE('',#9431,#1780);
#1368=LINE('',#9480,#1781);
#1369=LINE('',#9482,#1782);
#1370=LINE('',#9483,#1783);
#1371=LINE('',#9484,#1784);
#1372=LINE('',#9487,#1785);
#1373=LINE('',#9488,#1786);
#1374=LINE('',#9491,#1787);
#1375=LINE('',#9493,#1788);
#1376=LINE('',#9494,#1789);
#1377=LINE('',#9496,#1790);
#1378=LINE('',#9497,#1791);
#1379=LINE('',#9501,#1792);
#1380=LINE('',#9505,#1793);
#1381=LINE('',#9507,#1794);
#1382=LINE('',#9545,#1795);
#1383=LINE('',#9583,#1796);
#1384=LINE('',#9587,#1797);
#1385=LINE('',#9588,#1798);
#1386=LINE('',#9590,#1799);
#1387=LINE('',#9600,#1800);
#1388=LINE('',#9606,#1801);
#1389=LINE('',#9609,#1802);
#1390=LINE('',#9610,#1803);
#1391=LINE('',#9613,#1804);
#1392=LINE('',#9614,#1805);
#1393=LINE('',#9616,#1806);
#1394=LINE('',#9619,#1807);
#1395=LINE('',#9668,#1808);
#1396=LINE('',#9670,#1809);
#1397=LINE('',#9672,#1810);
#1398=LINE('',#9674,#1811);
#1399=LINE('',#9675,#1812);
#1400=LINE('',#9676,#1813);
#1401=LINE('',#9679,#1814);
#1402=LINE('',#9680,#1815);
#1403=LINE('',#9683,#1816);
#1404=LINE('',#9684,#1817);
#1405=LINE('',#9686,#1818);
#1406=LINE('',#9689,#1819);
#1407=LINE('',#9692,#1820);
#1408=LINE('',#9693,#1821);
#1409=LINE('',#9695,#1822);
#1410=LINE('',#9697,#1823);
#1411=LINE('',#9699,#1824);
#1412=LINE('',#9701,#1825);
#1413=LINE('',#9703,#1826);
#1414=LINE('',#9705,#1827);
#1415=LINE('',#9707,#1828);
#1416=LINE('',#9709,#1829);
#1417=LINE('',#9711,#1830);
#1418=LINE('',#9713,#1831);
#1419=LINE('',#9715,#1832);
#1420=LINE('',#9717,#1833);
#1421=LINE('',#9719,#1834);
#1422=LINE('',#9721,#1835);
#1423=LINE('',#9723,#1836);
#1424=LINE('',#9725,#1837);
#1425=LINE('',#9727,#1838);
#1426=LINE('',#9729,#1839);
#1427=LINE('',#9732,#1840);
#1428=LINE('',#9734,#1841);
#1429=LINE('',#9736,#1842);
#1430=LINE('',#9738,#1843);
#1431=LINE('',#9740,#1844);
#1432=LINE('',#9742,#1845);
#1433=LINE('',#9744,#1846);
#1434=LINE('',#9746,#1847);
#1435=LINE('',#9748,#1848);
#1436=LINE('',#9750,#1849);
#1437=LINE('',#9752,#1850);
#1438=LINE('',#9754,#1851);
#1439=LINE('',#9756,#1852);
#1440=LINE('',#9758,#1853);
#1441=LINE('',#9760,#1854);
#1442=LINE('',#9762,#1855);
#1443=LINE('',#9764,#1856);
#1444=LINE('',#9766,#1857);
#1445=LINE('',#9768,#1858);
#1446=LINE('',#9770,#1859);
#1447=VECTOR('',#6080,0.0850000000000009);
#1448=VECTOR('',#6085,0.0850000000000009);
#1449=VECTOR('',#6090,0.3);
#1450=VECTOR('',#6099,0.3);
#1451=VECTOR('',#6106,0.075);
#1452=VECTOR('',#6113,0.075);
#1453=VECTOR('',#6120,0.075);
#1454=VECTOR('',#6125,0.075);
#1455=VECTOR('',#6132,0.0850000000000009);
#1456=VECTOR('',#6141,0.075);
#1457=VECTOR('',#6146,0.075);
#1458=VECTOR('',#6153,0.085);
#1459=VECTOR('',#6162,1.);
#1460=VECTOR('',#6163,1.);
#1461=VECTOR('',#6164,1.);
#1462=VECTOR('',#6165,1.);
#1463=VECTOR('',#6170,1.);
#1464=VECTOR('',#6175,1.);
#1465=VECTOR('',#6176,1.);
#1466=VECTOR('',#6177,1.);
#1467=VECTOR('',#6186,1.);
#1468=VECTOR('',#6189,1.);
#1469=VECTOR('',#6194,1.);
#1470=VECTOR('',#6195,1.);
#1471=VECTOR('',#6196,1.);
#1472=VECTOR('',#6197,1.);
#1473=VECTOR('',#6202,1.);
#1474=VECTOR('',#6207,1.);
#1475=VECTOR('',#6208,1.);
#1476=VECTOR('',#6209,1.);
#1477=VECTOR('',#6218,1.);
#1478=VECTOR('',#6221,1.);
#1479=VECTOR('',#6226,1.);
#1480=VECTOR('',#6227,1.);
#1481=VECTOR('',#6228,1.);
#1482=VECTOR('',#6229,1.);
#1483=VECTOR('',#6234,1.);
#1484=VECTOR('',#6239,1.);
#1485=VECTOR('',#6240,1.);
#1486=VECTOR('',#6241,1.);
#1487=VECTOR('',#6250,1.);
#1488=VECTOR('',#6253,1.);
#1489=VECTOR('',#6258,1.);
#1490=VECTOR('',#6259,1.);
#1491=VECTOR('',#6260,1.);
#1492=VECTOR('',#6261,1.);
#1493=VECTOR('',#6266,1.);
#1494=VECTOR('',#6271,1.);
#1495=VECTOR('',#6272,1.);
#1496=VECTOR('',#6273,1.);
#1497=VECTOR('',#6282,1.);
#1498=VECTOR('',#6285,1.);
#1499=VECTOR('',#6290,1.);
#1500=VECTOR('',#6291,1.);
#1501=VECTOR('',#6292,1.);
#1502=VECTOR('',#6293,1.);
#1503=VECTOR('',#6298,1.);
#1504=VECTOR('',#6303,1.);
#1505=VECTOR('',#6304,1.);
#1506=VECTOR('',#6305,1.);
#1507=VECTOR('',#6314,1.);
#1508=VECTOR('',#6317,1.);
#1509=VECTOR('',#6322,1.);
#1510=VECTOR('',#6323,1.);
#1511=VECTOR('',#6324,1.);
#1512=VECTOR('',#6325,1.);
#1513=VECTOR('',#6330,1.);
#1514=VECTOR('',#6335,1.);
#1515=VECTOR('',#6336,1.);
#1516=VECTOR('',#6337,1.);
#1517=VECTOR('',#6346,1.);
#1518=VECTOR('',#6349,1.);
#1519=VECTOR('',#6354,1.);
#1520=VECTOR('',#6355,1.);
#1521=VECTOR('',#6356,1.);
#1522=VECTOR('',#6357,1.);
#1523=VECTOR('',#6362,1.);
#1524=VECTOR('',#6367,1.);
#1525=VECTOR('',#6368,1.);
#1526=VECTOR('',#6369,1.);
#1527=VECTOR('',#6378,1.);
#1528=VECTOR('',#6381,1.);
#1529=VECTOR('',#6386,1.);
#1530=VECTOR('',#6387,1.);
#1531=VECTOR('',#6388,1.);
#1532=VECTOR('',#6389,1.);
#1533=VECTOR('',#6394,1.);
#1534=VECTOR('',#6399,1.);
#1535=VECTOR('',#6400,1.);
#1536=VECTOR('',#6401,1.);
#1537=VECTOR('',#6410,1.);
#1538=VECTOR('',#6413,1.);
#1539=VECTOR('',#6418,1.);
#1540=VECTOR('',#6419,1.);
#1541=VECTOR('',#6420,1.);
#1542=VECTOR('',#6421,1.);
#1543=VECTOR('',#6426,1.);
#1544=VECTOR('',#6431,1.);
#1545=VECTOR('',#6432,1.);
#1546=VECTOR('',#6433,1.);
#1547=VECTOR('',#6442,1.);
#1548=VECTOR('',#6445,1.);
#1549=VECTOR('',#6450,1.);
#1550=VECTOR('',#6451,1.);
#1551=VECTOR('',#6452,1.);
#1552=VECTOR('',#6453,1.);
#1553=VECTOR('',#6458,1.);
#1554=VECTOR('',#6463,1.);
#1555=VECTOR('',#6464,1.);
#1556=VECTOR('',#6465,1.);
#1557=VECTOR('',#6474,1.);
#1558=VECTOR('',#6477,1.);
#1559=VECTOR('',#6482,1.);
#1560=VECTOR('',#6483,1.);
#1561=VECTOR('',#6484,1.);
#1562=VECTOR('',#6485,1.);
#1563=VECTOR('',#6490,1.);
#1564=VECTOR('',#6495,1.);
#1565=VECTOR('',#6496,1.);
#1566=VECTOR('',#6497,1.);
#1567=VECTOR('',#6506,1.);
#1568=VECTOR('',#6509,1.);
#1569=VECTOR('',#6514,1.);
#1570=VECTOR('',#6515,1.);
#1571=VECTOR('',#6516,1.);
#1572=VECTOR('',#6517,1.);
#1573=VECTOR('',#6522,1.);
#1574=VECTOR('',#6527,1.);
#1575=VECTOR('',#6528,1.);
#1576=VECTOR('',#6529,1.);
#1577=VECTOR('',#6538,1.);
#1578=VECTOR('',#6541,1.);
#1579=VECTOR('',#6546,1.);
#1580=VECTOR('',#6547,1.);
#1581=VECTOR('',#6548,1.);
#1582=VECTOR('',#6549,1.);
#1583=VECTOR('',#6554,1.);
#1584=VECTOR('',#6559,1.);
#1585=VECTOR('',#6560,1.);
#1586=VECTOR('',#6561,1.);
#1587=VECTOR('',#6570,1.);
#1588=VECTOR('',#6573,1.);
#1589=VECTOR('',#6578,1.);
#1590=VECTOR('',#6579,1.);
#1591=VECTOR('',#6580,1.);
#1592=VECTOR('',#6581,1.);
#1593=VECTOR('',#6586,1.);
#1594=VECTOR('',#6591,1.);
#1595=VECTOR('',#6592,1.);
#1596=VECTOR('',#6593,1.);
#1597=VECTOR('',#6602,1.);
#1598=VECTOR('',#6605,1.);
#1599=VECTOR('',#6610,1.);
#1600=VECTOR('',#6611,1.);
#1601=VECTOR('',#6612,1.);
#1602=VECTOR('',#6613,1.);
#1603=VECTOR('',#6618,1.);
#1604=VECTOR('',#6623,1.);
#1605=VECTOR('',#6624,1.);
#1606=VECTOR('',#6625,1.);
#1607=VECTOR('',#6634,1.);
#1608=VECTOR('',#6637,1.);
#1609=VECTOR('',#6642,1.);
#1610=VECTOR('',#6643,1.);
#1611=VECTOR('',#6644,1.);
#1612=VECTOR('',#6645,1.);
#1613=VECTOR('',#6650,1.);
#1614=VECTOR('',#6655,1.);
#1615=VECTOR('',#6656,1.);
#1616=VECTOR('',#6657,1.);
#1617=VECTOR('',#6666,1.);
#1618=VECTOR('',#6669,1.);
#1619=VECTOR('',#6674,1.);
#1620=VECTOR('',#6675,1.);
#1621=VECTOR('',#6676,1.);
#1622=VECTOR('',#6679,1.);
#1623=VECTOR('',#6684,1.);
#1624=VECTOR('',#6685,1.);
#1625=VECTOR('',#6686,1.);
#1626=VECTOR('',#6689,1.);
#1627=VECTOR('',#6694,1.);
#1628=VECTOR('',#6695,1.);
#1629=VECTOR('',#6696,1.);
#1630=VECTOR('',#6699,1.);
#1631=VECTOR('',#6704,1.);
#1632=VECTOR('',#6705,1.);
#1633=VECTOR('',#6706,1.);
#1634=VECTOR('',#6709,1.);
#1635=VECTOR('',#6714,1.);
#1636=VECTOR('',#6715,1.);
#1637=VECTOR('',#6716,1.);
#1638=VECTOR('',#6719,1.);
#1639=VECTOR('',#6724,1.);
#1640=VECTOR('',#6725,1.);
#1641=VECTOR('',#6726,1.);
#1642=VECTOR('',#6729,1.);
#1643=VECTOR('',#6734,1.);
#1644=VECTOR('',#6735,1.);
#1645=VECTOR('',#6736,1.);
#1646=VECTOR('',#6739,1.);
#1647=VECTOR('',#6744,1.);
#1648=VECTOR('',#6745,1.);
#1649=VECTOR('',#6746,1.);
#1650=VECTOR('',#6749,1.);
#1651=VECTOR('',#6754,1.);
#1652=VECTOR('',#6755,1.);
#1653=VECTOR('',#6756,1.);
#1654=VECTOR('',#6759,1.);
#1655=VECTOR('',#6764,1.);
#1656=VECTOR('',#6765,1.);
#1657=VECTOR('',#6766,1.);
#1658=VECTOR('',#6769,1.);
#1659=VECTOR('',#6774,1.);
#1660=VECTOR('',#6775,1.);
#1661=VECTOR('',#6776,1.);
#1662=VECTOR('',#6779,1.);
#1663=VECTOR('',#6784,1.);
#1664=VECTOR('',#6785,1.);
#1665=VECTOR('',#6786,1.);
#1666=VECTOR('',#6789,1.);
#1667=VECTOR('',#6794,1.);
#1668=VECTOR('',#6795,1.);
#1669=VECTOR('',#6796,1.);
#1670=VECTOR('',#6799,1.);
#1671=VECTOR('',#6804,1.);
#1672=VECTOR('',#6805,1.);
#1673=VECTOR('',#6806,1.);
#1674=VECTOR('',#6809,1.);
#1675=VECTOR('',#6814,1.);
#1676=VECTOR('',#6815,1.);
#1677=VECTOR('',#6816,1.);
#1678=VECTOR('',#6819,1.);
#1679=VECTOR('',#6824,1.);
#1680=VECTOR('',#6825,1.);
#1681=VECTOR('',#6826,1.);
#1682=VECTOR('',#6829,1.);
#1683=VECTOR('',#6834,1.);
#1684=VECTOR('',#6835,1.);
#1685=VECTOR('',#6842,1.);
#1686=VECTOR('',#6843,1.);
#1687=VECTOR('',#6850,1.);
#1688=VECTOR('',#6851,1.);
#1689=VECTOR('',#6858,1.);
#1690=VECTOR('',#6859,1.);
#1691=VECTOR('',#6866,1.);
#1692=VECTOR('',#6867,1.);
#1693=VECTOR('',#6874,1.);
#1694=VECTOR('',#6875,1.);
#1695=VECTOR('',#6882,1.);
#1696=VECTOR('',#6883,1.);
#1697=VECTOR('',#6890,1.);
#1698=VECTOR('',#6891,1.);
#1699=VECTOR('',#6898,1.);
#1700=VECTOR('',#6899,1.);
#1701=VECTOR('',#6906,1.);
#1702=VECTOR('',#6907,1.);
#1703=VECTOR('',#6914,1.);
#1704=VECTOR('',#6915,1.);
#1705=VECTOR('',#6922,1.);
#1706=VECTOR('',#6923,1.);
#1707=VECTOR('',#6930,1.);
#1708=VECTOR('',#6931,1.);
#1709=VECTOR('',#6938,1.);
#1710=VECTOR('',#6939,1.);
#1711=VECTOR('',#6946,1.);
#1712=VECTOR('',#6947,1.);
#1713=VECTOR('',#6954,1.);
#1714=VECTOR('',#6955,1.);
#1715=VECTOR('',#6964,0.199999999999999);
#1716=VECTOR('',#6973,0.2);
#1717=VECTOR('',#6982,0.2);
#1718=VECTOR('',#6991,0.199999999999999);
#1719=VECTOR('',#7000,0.199999999999999);
#1720=VECTOR('',#7009,0.199999999999999);
#1721=VECTOR('',#7024,0.3);
#1722=VECTOR('',#7033,0.3);
#1723=VECTOR('',#7042,0.4);
#1724=VECTOR('',#7049,0.4);
#1725=VECTOR('',#7056,0.6);
#1726=VECTOR('',#7067,0.6);
#1727=VECTOR('',#7078,0.6);
#1728=VECTOR('',#7087,0.4);
#1729=VECTOR('',#7092,0.4);
#1730=VECTOR('',#7097,0.4);
#1731=VECTOR('',#7104,0.2);
#1732=VECTOR('',#7113,0.2);
#1733=VECTOR('',#7122,0.2);
#1734=VECTOR('',#7131,0.2);
#1735=VECTOR('',#7140,0.5);
#1736=VECTOR('',#7147,0.165);
#1737=VECTOR('',#7156,0.164999999999999);
#1738=VECTOR('',#7165,0.164999999999999);
#1739=VECTOR('',#7174,0.5);
#1740=VECTOR('',#7183,0.5);
#1741=VECTOR('',#7192,0.5);
#1742=VECTOR('',#7201,0.165);
#1743=VECTOR('',#7210,0.164999999999999);
#1744=VECTOR('',#7219,0.165);
#1745=VECTOR('',#7228,0.5);
#1746=VECTOR('',#7237,0.5);
#1747=VECTOR('',#7246,0.5);
#1748=VECTOR('',#7255,0.3);
#1749=VECTOR('',#7264,0.300000000000001);
#1750=VECTOR('',#7273,0.300000000000001);
#1751=VECTOR('',#7282,0.3);
#1752=VECTOR('',#7291,0.3);
#1753=VECTOR('',#7300,0.300000000000001);
#1754=VECTOR('',#7309,0.3);
#1755=VECTOR('',#7318,0.300000000000001);
#1756=VECTOR('',#7325,1.);
#1757=VECTOR('',#7326,1.);
#1758=VECTOR('',#7327,1.);
#1759=VECTOR('',#7328,1.);
#1760=VECTOR('',#7365,1.);
#1761=VECTOR('',#7366,1.);
#1762=VECTOR('',#7369,1.);
#1763=VECTOR('',#7370,1.);
#1764=VECTOR('',#7371,1.);
#1765=VECTOR('',#7372,1.);
#1766=VECTOR('',#7373,1.);
#1767=VECTOR('',#7374,1.);
#1768=VECTOR('',#7375,1.);
#1769=VECTOR('',#7376,1.);
#1770=VECTOR('',#7379,1.);
#1771=VECTOR('',#7416,1.);
#1772=VECTOR('',#7417,1.);
#1773=VECTOR('',#7432,0.5);
#1774=VECTOR('',#7437,1.);
#1775=VECTOR('',#7440,1.);
#1776=VECTOR('',#7441,1.);
#1777=VECTOR('',#7444,1.);
#1778=VECTOR('',#7445,1.);
#1779=VECTOR('',#7448,1.);
#1780=VECTOR('',#7455,0.7);
#1781=VECTOR('',#7458,1.);
#1782=VECTOR('',#7459,1.);
#1783=VECTOR('',#7460,1.);
#1784=VECTOR('',#7461,1.);
#1785=VECTOR('',#7464,1.);
#1786=VECTOR('',#7465,1.);
#1787=VECTOR('',#7468,1.);
#1788=VECTOR('',#7469,1.);
#1789=VECTOR('',#7470,1.);
#1790=VECTOR('',#7473,1.);
#1791=VECTOR('',#7474,1.);
#1792=VECTOR('',#7479,1.);
#1793=VECTOR('',#7482,1.);
#1794=VECTOR('',#7483,1.);
#1795=VECTOR('',#7520,1.);
#1796=VECTOR('',#7557,1.);
#1797=VECTOR('',#7560,1.);
#1798=VECTOR('',#7561,1.);
#1799=VECTOR('',#7564,1.);
#1800=VECTOR('',#7575,0.5);
#1801=VECTOR('',#7584,1.);
#1802=VECTOR('',#7587,1.);
#1803=VECTOR('',#7588,1.);
#1804=VECTOR('',#7591,1.);
#1805=VECTOR('',#7592,1.);
#1806=VECTOR('',#7595,1.);
#1807=VECTOR('',#7598,0.7);
#1808=VECTOR('',#7603,16.);
#1809=VECTOR('',#7606,1.);
#1810=VECTOR('',#7607,1.);
#1811=VECTOR('',#7608,1.);
#1812=VECTOR('',#7609,1.);
#1813=VECTOR('',#7610,1.);
#1814=VECTOR('',#7613,1.);
#1815=VECTOR('',#7614,1.);
#1816=VECTOR('',#7617,1.);
#1817=VECTOR('',#7618,1.);
#1818=VECTOR('',#7621,1.);
#1819=VECTOR('',#7626,1.);
#1820=VECTOR('',#7631,1.);
#1821=VECTOR('',#7632,1.);
#1822=VECTOR('',#7635,1.);
#1823=VECTOR('',#7638,1.);
#1824=VECTOR('',#7641,1.);
#1825=VECTOR('',#7644,1.);
#1826=VECTOR('',#7647,1.);
#1827=VECTOR('',#7650,1.);
#1828=VECTOR('',#7653,1.);
#1829=VECTOR('',#7656,1.);
#1830=VECTOR('',#7659,1.);
#1831=VECTOR('',#7662,1.);
#1832=VECTOR('',#7665,1.);
#1833=VECTOR('',#7668,1.);
#1834=VECTOR('',#7671,1.);
#1835=VECTOR('',#7674,1.);
#1836=VECTOR('',#7677,1.);
#1837=VECTOR('',#7680,1.);
#1838=VECTOR('',#7683,1.);
#1839=VECTOR('',#7686,1.);
#1840=VECTOR('',#7691,1.);
#1841=VECTOR('',#7694,1.);
#1842=VECTOR('',#7697,1.);
#1843=VECTOR('',#7700,1.);
#1844=VECTOR('',#7703,1.);
#1845=VECTOR('',#7706,1.);
#1846=VECTOR('',#7709,1.);
#1847=VECTOR('',#7712,1.);
#1848=VECTOR('',#7715,1.);
#1849=VECTOR('',#7718,1.);
#1850=VECTOR('',#7721,1.);
#1851=VECTOR('',#7724,1.);
#1852=VECTOR('',#7727,1.);
#1853=VECTOR('',#7730,1.);
#1854=VECTOR('',#7733,1.);
#1855=VECTOR('',#7736,1.);
#1856=VECTOR('',#7739,1.);
#1857=VECTOR('',#7742,1.);
#1858=VECTOR('',#7745,1.);
#1859=VECTOR('',#7748,1.);
#1860=CIRCLE('',#5443,0.0850000000000009);
#1861=CIRCLE('',#5444,0.0850000000000009);
#1862=CIRCLE('',#5445,0.0850000000000009);
#1863=CIRCLE('',#5447,0.3);
#1864=CIRCLE('',#5448,0.3);
#1865=CIRCLE('',#5451,0.3);
#1866=CIRCLE('',#5452,0.3);
#1867=CIRCLE('',#5456,0.075);
#1868=CIRCLE('',#5459,0.0850000000000009);
#1869=CIRCLE('',#5461,0.075);
#1870=CIRCLE('',#5465,0.0850000000000009);
#1871=CIRCLE('',#5466,0.0850000000000009);
#1872=CIRCLE('',#5467,0.0850000000000009);
#1873=CIRCLE('',#5468,0.0850000000000009);
#1874=CIRCLE('',#5470,0.075);
#1875=CIRCLE('',#5474,0.085);
#1876=CIRCLE('',#5475,0.085);
#1877=CIRCLE('',#5476,0.085);
#1878=CIRCLE('',#5477,0.085);
#1879=CIRCLE('',#5480,0.549999958064889);
#1880=CIRCLE('',#5481,0.549999958064889);
#1881=CIRCLE('',#5484,0.550000028775572);
#1882=CIRCLE('',#5485,0.550000028775572);
#1883=CIRCLE('',#5487,0.274999979032454);
#1884=CIRCLE('',#5488,0.275000049743123);
#1885=CIRCLE('',#5491,0.549999958064889);
#1886=CIRCLE('',#5492,0.549999958064889);
#1887=CIRCLE('',#5495,0.550000028775572);
#1888=CIRCLE('',#5496,0.550000028775572);
#1889=CIRCLE('',#5498,0.274999979032454);
#1890=CIRCLE('',#5499,0.275000049743123);
#1891=CIRCLE('',#5502,0.550000024178182);
#1892=CIRCLE('',#5503,0.550000024178182);
#1893=CIRCLE('',#5506,0.550000024178183);
#1894=CIRCLE('',#5507,0.550000024178183);
#1895=CIRCLE('',#5509,0.27500001208909);
#1896=CIRCLE('',#5510,0.275000012089091);
#1897=CIRCLE('',#5513,0.550000024178182);
#1898=CIRCLE('',#5514,0.550000024178182);
#1899=CIRCLE('',#5517,0.550000024178181);
#1900=CIRCLE('',#5518,0.550000024178181);
#1901=CIRCLE('',#5520,0.27500001208909);
#1902=CIRCLE('',#5521,0.27500001208909);
#1903=CIRCLE('',#5524,0.550000024178182);
#1904=CIRCLE('',#5525,0.550000024178182);
#1905=CIRCLE('',#5528,0.550000024178183);
#1906=CIRCLE('',#5529,0.550000024178183);
#1907=CIRCLE('',#5531,0.27500001208909);
#1908=CIRCLE('',#5532,0.275000012089091);
#1909=CIRCLE('',#5535,0.550000024178182);
#1910=CIRCLE('',#5536,0.550000024178182);
#1911=CIRCLE('',#5539,0.550000024178181);
#1912=CIRCLE('',#5540,0.550000024178181);
#1913=CIRCLE('',#5542,0.27500001208909);
#1914=CIRCLE('',#5543,0.27500001208909);
#1915=CIRCLE('',#5546,0.55);
#1916=CIRCLE('',#5547,0.55);
#1917=CIRCLE('',#5550,0.55);
#1918=CIRCLE('',#5551,0.55);
#1919=CIRCLE('',#5553,0.275);
#1920=CIRCLE('',#5554,0.275);
#1921=CIRCLE('',#5557,0.550000024178182);
#1922=CIRCLE('',#5558,0.550000024178182);
#1923=CIRCLE('',#5561,0.550000024178183);
#1924=CIRCLE('',#5562,0.550000024178183);
#1925=CIRCLE('',#5564,0.27500001208909);
#1926=CIRCLE('',#5565,0.275000012089091);
#1927=CIRCLE('',#5568,0.550000024178182);
#1928=CIRCLE('',#5569,0.550000024178182);
#1929=CIRCLE('',#5572,0.550000024178181);
#1930=CIRCLE('',#5573,0.550000024178181);
#1931=CIRCLE('',#5575,0.27500001208909);
#1932=CIRCLE('',#5576,0.27500001208909);
#1933=CIRCLE('',#5579,0.550000024178182);
#1934=CIRCLE('',#5580,0.550000024178182);
#1935=CIRCLE('',#5583,0.550000024178183);
#1936=CIRCLE('',#5584,0.550000024178183);
#1937=CIRCLE('',#5586,0.27500001208909);
#1938=CIRCLE('',#5587,0.275000012089091);
#1939=CIRCLE('',#5590,0.55);
#1940=CIRCLE('',#5591,0.55);
#1941=CIRCLE('',#5594,0.55);
#1942=CIRCLE('',#5595,0.55);
#1943=CIRCLE('',#5597,0.275);
#1944=CIRCLE('',#5598,0.275);
#1945=CIRCLE('',#5601,0.55);
#1946=CIRCLE('',#5602,0.55);
#1947=CIRCLE('',#5605,0.55);
#1948=CIRCLE('',#5606,0.55);
#1949=CIRCLE('',#5608,0.275);
#1950=CIRCLE('',#5609,0.275);
#1951=CIRCLE('',#5612,0.55);
#1952=CIRCLE('',#5613,0.55);
#1953=CIRCLE('',#5616,0.55);
#1954=CIRCLE('',#5617,0.55);
#1955=CIRCLE('',#5619,0.275);
#1956=CIRCLE('',#5620,0.275);
#1957=CIRCLE('',#5623,0.550000024178182);
#1958=CIRCLE('',#5624,0.550000024178182);
#1959=CIRCLE('',#5627,0.550000024178181);
#1960=CIRCLE('',#5628,0.550000024178181);
#1961=CIRCLE('',#5630,0.27500001208909);
#1962=CIRCLE('',#5631,0.27500001208909);
#1963=CIRCLE('',#5634,0.549999958064889);
#1964=CIRCLE('',#5635,0.549999958064889);
#1965=CIRCLE('',#5638,0.550000028775572);
#1966=CIRCLE('',#5639,0.550000028775572);
#1967=CIRCLE('',#5641,0.274999979032454);
#1968=CIRCLE('',#5642,0.275000049743123);
#1969=CIRCLE('',#5645,0.549999958064889);
#1970=CIRCLE('',#5646,0.549999958064889);
#1971=CIRCLE('',#5649,0.550000028775572);
#1972=CIRCLE('',#5650,0.550000028775572);
#1973=CIRCLE('',#5652,0.274999979032454);
#1974=CIRCLE('',#5653,0.275000049743123);
#1975=CIRCLE('',#5656,0.274999979032454);
#1976=CIRCLE('',#5659,0.274999979032454);
#1977=CIRCLE('',#5662,0.27500001208909);
#1978=CIRCLE('',#5665,0.27500001208909);
#1979=CIRCLE('',#5668,0.27500001208909);
#1980=CIRCLE('',#5671,0.27500001208909);
#1981=CIRCLE('',#5674,0.275);
#1982=CIRCLE('',#5677,0.27500001208909);
#1983=CIRCLE('',#5680,0.27500001208909);
#1984=CIRCLE('',#5683,0.27500001208909);
#1985=CIRCLE('',#5686,0.275);
#1986=CIRCLE('',#5689,0.275);
#1987=CIRCLE('',#5692,0.275);
#1988=CIRCLE('',#5695,0.27500001208909);
#1989=CIRCLE('',#5698,0.274999979032454);
#1990=CIRCLE('',#5701,0.274999979032454);
#1991=CIRCLE('',#5704,0.275000049743123);
#1992=CIRCLE('',#5707,0.275000049743123);
#1993=CIRCLE('',#5710,0.275000012089091);
#1994=CIRCLE('',#5713,0.27500001208909);
#1995=CIRCLE('',#5716,0.275000012089091);
#1996=CIRCLE('',#5719,0.27500001208909);
#1997=CIRCLE('',#5722,0.275);
#1998=CIRCLE('',#5725,0.275000012089091);
#1999=CIRCLE('',#5728,0.27500001208909);
#2000=CIRCLE('',#5731,0.275000012089091);
#2001=CIRCLE('',#5734,0.275);
#2002=CIRCLE('',#5737,0.275);
#2003=CIRCLE('',#5740,0.275);
#2004=CIRCLE('',#5743,0.27500001208909);
#2005=CIRCLE('',#5746,0.275000049743123);
#2006=CIRCLE('',#5749,0.275000049743123);
#2007=CIRCLE('',#5751,0.199999999999999);
#2008=CIRCLE('',#5752,0.199999999999999);
#2009=CIRCLE('',#5755,0.2);
#2010=CIRCLE('',#5756,0.2);
#2011=CIRCLE('',#5759,0.2);
#2012=CIRCLE('',#5760,0.2);
#2013=CIRCLE('',#5763,0.199999999999999);
#2014=CIRCLE('',#5764,0.199999999999999);
#2015=CIRCLE('',#5767,0.199999999999999);
#2016=CIRCLE('',#5768,0.199999999999999);
#2017=CIRCLE('',#5771,0.199999999999999);
#2018=CIRCLE('',#5772,0.199999999999999);
#2019=CIRCLE('',#5778,0.3);
#2020=CIRCLE('',#5779,0.3);
#2021=CIRCLE('',#5782,0.3);
#2022=CIRCLE('',#5783,0.3);
#2023=CIRCLE('',#5786,0.4);
#2024=CIRCLE('',#5787,0.4);
#2025=CIRCLE('',#5789,0.4);
#2026=CIRCLE('',#5790,0.4);
#2027=CIRCLE('',#5792,0.6);
#2028=CIRCLE('',#5793,0.6);
#2029=CIRCLE('',#5795,0.4);
#2030=CIRCLE('',#5797,0.6);
#2031=CIRCLE('',#5798,0.6);
#2032=CIRCLE('',#5800,0.4);
#2033=CIRCLE('',#5802,0.6);
#2034=CIRCLE('',#5803,0.6);
#2035=CIRCLE('',#5805,0.4);
#2036=CIRCLE('',#5807,0.4);
#2037=CIRCLE('',#5809,0.4);
#2038=CIRCLE('',#5811,0.4);
#2039=CIRCLE('',#5813,0.2);
#2040=CIRCLE('',#5814,0.2);
#2041=CIRCLE('',#5817,0.2);
#2042=CIRCLE('',#5818,0.2);
#2043=CIRCLE('',#5821,0.2);
#2044=CIRCLE('',#5822,0.2);
#2045=CIRCLE('',#5825,0.2);
#2046=CIRCLE('',#5826,0.2);
#2047=CIRCLE('',#5829,0.5);
#2048=CIRCLE('',#5830,0.5);
#2049=CIRCLE('',#5832,0.165);
#2050=CIRCLE('',#5833,0.165);
#2051=CIRCLE('',#5836,0.164999999999999);
#2052=CIRCLE('',#5837,0.164999999999999);
#2053=CIRCLE('',#5840,0.164999999999999);
#2054=CIRCLE('',#5841,0.164999999999999);
#2055=CIRCLE('',#5844,0.5);
#2056=CIRCLE('',#5845,0.5);
#2057=CIRCLE('',#5848,0.5);
#2058=CIRCLE('',#5849,0.5);
#2059=CIRCLE('',#5852,0.5);
#2060=CIRCLE('',#5853,0.5);
#2061=CIRCLE('',#5856,0.165);
#2062=CIRCLE('',#5857,0.165);
#2063=CIRCLE('',#5860,0.164999999999999);
#2064=CIRCLE('',#5861,0.164999999999999);
#2065=CIRCLE('',#5864,0.165);
#2066=CIRCLE('',#5865,0.165);
#2067=CIRCLE('',#5868,0.5);
#2068=CIRCLE('',#5869,0.5);
#2069=CIRCLE('',#5872,0.5);
#2070=CIRCLE('',#5873,0.5);
#2071=CIRCLE('',#5876,0.5);
#2072=CIRCLE('',#5877,0.5);
#2073=CIRCLE('',#5880,0.3);
#2074=CIRCLE('',#5881,0.3);
#2075=CIRCLE('',#5884,0.300000000000001);
#2076=CIRCLE('',#5885,0.300000000000001);
#2077=CIRCLE('',#5888,0.300000000000001);
#2078=CIRCLE('',#5889,0.300000000000001);
#2079=CIRCLE('',#5892,0.3);
#2080=CIRCLE('',#5893,0.3);
#2081=CIRCLE('',#5896,0.3);
#2082=CIRCLE('',#5897,0.3);
#2083=CIRCLE('',#5900,0.300000000000001);
#2084=CIRCLE('',#5901,0.300000000000001);
#2085=CIRCLE('',#5904,0.3);
#2086=CIRCLE('',#5905,0.3);
#2087=CIRCLE('',#5908,0.300000000000001);
#2088=CIRCLE('',#5909,0.300000000000001);
#2089=CIRCLE('',#5912,11.34);
#2090=CIRCLE('',#5913,1.43797893723766);
#2091=CIRCLE('',#5914,2.43797893723766);
#2092=CIRCLE('',#5915,11.145);
#2093=CIRCLE('',#5916,2.43797893723766);
#2094=CIRCLE('',#5917,1.43797893723766);
#2095=CIRCLE('',#5918,11.34);
#2096=CIRCLE('',#5919,1.43797893723766);
#2097=CIRCLE('',#5920,2.43797893723766);
#2098=CIRCLE('',#5921,11.145);
#2099=CIRCLE('',#5922,2.43797893723766);
#2100=CIRCLE('',#5923,1.43797893723766);
#2101=CIRCLE('',#5924,11.34);
#2102=CIRCLE('',#5925,1.27499999999994);
#2103=CIRCLE('',#5926,8.79000000000013);
#2104=CIRCLE('',#5927,1.25);
#2105=CIRCLE('',#5928,6.29000000000013);
#2106=CIRCLE('',#5929,1.5);
#2107=CIRCLE('',#5930,0.999999999999999);
#2108=CIRCLE('',#5931,1.);
#2109=CIRCLE('',#5932,0.5);
#2110=CIRCLE('',#5933,7.29000000000013);
#2111=CIRCLE('',#5934,0.25);
#2112=CIRCLE('',#5935,7.79000000000013);
#2113=CIRCLE('',#5936,2.27499999999994);
#2114=CIRCLE('',#5937,12.34);
#2115=CIRCLE('',#5938,2.43797893723766);
#2116=CIRCLE('',#5939,1.43797893723766);
#2117=CIRCLE('',#5940,12.145);
#2118=CIRCLE('',#5941,1.43797893723766);
#2119=CIRCLE('',#5942,2.43797893723766);
#2120=CIRCLE('',#5943,12.34);
#2121=CIRCLE('',#5944,2.43797893723766);
#2122=CIRCLE('',#5945,1.43797893723766);
#2123=CIRCLE('',#5946,12.145);
#2124=CIRCLE('',#5947,1.43797893723766);
#2125=CIRCLE('',#5948,2.43797893723766);
#2126=CIRCLE('',#5949,12.34);
#2127=CIRCLE('',#5951,16.);
#2128=CIRCLE('',#5953,0.5);
#2129=CIRCLE('',#5954,0.5);
#2130=CIRCLE('',#5955,0.5);
#2131=CIRCLE('',#5956,0.5);
#2132=CIRCLE('',#5957,0.5);
#2133=CIRCLE('',#5963,0.7);
#2134=CIRCLE('',#5971,0.999999999999999);
#2135=CIRCLE('',#5972,1.5);
#2136=CIRCLE('',#5973,6.29000000000013);
#2137=CIRCLE('',#5974,1.25);
#2138=CIRCLE('',#5975,8.79000000000013);
#2139=CIRCLE('',#5976,1.27499999999994);
#2140=CIRCLE('',#5977,11.34);
#2141=CIRCLE('',#5978,1.43797893723766);
#2142=CIRCLE('',#5979,2.43797893723766);
#2143=CIRCLE('',#5980,11.145);
#2144=CIRCLE('',#5981,2.43797893723766);
#2145=CIRCLE('',#5982,1.43797893723766);
#2146=CIRCLE('',#5983,11.34);
#2147=CIRCLE('',#5984,1.43797893723766);
#2148=CIRCLE('',#5985,2.43797893723766);
#2149=CIRCLE('',#5986,11.145);
#2150=CIRCLE('',#5987,2.43797893723766);
#2151=CIRCLE('',#5988,1.43797893723766);
#2152=CIRCLE('',#5989,11.34);
#2153=CIRCLE('',#5990,12.34);
#2154=CIRCLE('',#5991,2.43797893723766);
#2155=CIRCLE('',#5992,1.43797893723766);
#2156=CIRCLE('',#5993,12.145);
#2157=CIRCLE('',#5994,1.43797893723766);
#2158=CIRCLE('',#5995,2.43797893723766);
#2159=CIRCLE('',#5996,12.34);
#2160=CIRCLE('',#5997,2.43797893723766);
#2161=CIRCLE('',#5998,1.43797893723766);
#2162=CIRCLE('',#5999,12.145);
#2163=CIRCLE('',#6000,1.43797893723766);
#2164=CIRCLE('',#6001,2.43797893723766);
#2165=CIRCLE('',#6002,12.34);
#2166=CIRCLE('',#6003,2.27499999999994);
#2167=CIRCLE('',#6004,7.79000000000013);
#2168=CIRCLE('',#6005,0.25);
#2169=CIRCLE('',#6006,7.29000000000013);
#2170=CIRCLE('',#6007,0.5);
#2171=CIRCLE('',#6008,1.);
#2172=CIRCLE('',#6011,0.5);
#2173=CIRCLE('',#6012,0.5);
#2174=CIRCLE('',#6013,0.5);
#2175=CIRCLE('',#6014,0.5);
#2176=CIRCLE('',#6015,0.5);
#2177=CIRCLE('',#6017,0.7);
#2178=CIRCLE('',#6024,16.);
#2179=VERTEX_POINT('',#7755);
#2180=VERTEX_POINT('',#7757);
#2181=VERTEX_POINT('',#7759);
#2182=VERTEX_POINT('',#7768);
#2183=VERTEX_POINT('',#7792);
#2184=VERTEX_POINT('',#7794);
#2185=VERTEX_POINT('',#7840);
#2186=VERTEX_POINT('',#7842);
#2187=VERTEX_POINT('',#7859);
#2188=VERTEX_POINT('',#7861);
#2189=VERTEX_POINT('',#7866);
#2190=VERTEX_POINT('',#7868);
#2191=VERTEX_POINT('',#7881);
#2192=VERTEX_POINT('',#7883);
#2193=VERTEX_POINT('',#7921);
#2194=VERTEX_POINT('',#7928);
#2195=VERTEX_POINT('',#7929);
#2196=VERTEX_POINT('',#7975);
#2197=VERTEX_POINT('',#7979);
#2198=VERTEX_POINT('',#7980);
#2199=VERTEX_POINT('',#8017);
#2200=VERTEX_POINT('',#8019);
#2201=VERTEX_POINT('',#8067);
#2202=VERTEX_POINT('',#8069);
#2203=VERTEX_POINT('',#8075);
#2204=VERTEX_POINT('',#8076);
#2205=VERTEX_POINT('',#8122);
#2206=VERTEX_POINT('',#8126);
#2207=VERTEX_POINT('',#8127);
#2208=VERTEX_POINT('',#8164);
#2209=VERTEX_POINT('',#8166);
#2210=VERTEX_POINT('',#8214);
#2211=VERTEX_POINT('',#8216);
#2212=VERTEX_POINT('',#8222);
#2213=VERTEX_POINT('',#8223);
#2214=VERTEX_POINT('',#8225);
#2215=VERTEX_POINT('',#8227);
#2216=VERTEX_POINT('',#8231);
#2217=VERTEX_POINT('',#8233);
#2218=VERTEX_POINT('',#8237);
#2219=VERTEX_POINT('',#8239);
#2220=VERTEX_POINT('',#8246);
#2221=VERTEX_POINT('',#8247);
#2222=VERTEX_POINT('',#8249);
#2223=VERTEX_POINT('',#8251);
#2224=VERTEX_POINT('',#8255);
#2225=VERTEX_POINT('',#8256);
#2226=VERTEX_POINT('',#8258);
#2227=VERTEX_POINT('',#8260);
#2228=VERTEX_POINT('',#8264);
#2229=VERTEX_POINT('',#8266);
#2230=VERTEX_POINT('',#8270);
#2231=VERTEX_POINT('',#8272);
#2232=VERTEX_POINT('',#8279);
#2233=VERTEX_POINT('',#8280);
#2234=VERTEX_POINT('',#8282);
#2235=VERTEX_POINT('',#8284);
#2236=VERTEX_POINT('',#8288);
#2237=VERTEX_POINT('',#8289);
#2238=VERTEX_POINT('',#8291);
#2239=VERTEX_POINT('',#8293);
#2240=VERTEX_POINT('',#8297);
#2241=VERTEX_POINT('',#8299);
#2242=VERTEX_POINT('',#8303);
#2243=VERTEX_POINT('',#8305);
#2244=VERTEX_POINT('',#8312);
#2245=VERTEX_POINT('',#8313);
#2246=VERTEX_POINT('',#8315);
#2247=VERTEX_POINT('',#8317);
#2248=VERTEX_POINT('',#8321);
#2249=VERTEX_POINT('',#8322);
#2250=VERTEX_POINT('',#8324);
#2251=VERTEX_POINT('',#8326);
#2252=VERTEX_POINT('',#8330);
#2253=VERTEX_POINT('',#8332);
#2254=VERTEX_POINT('',#8336);
#2255=VERTEX_POINT('',#8338);
#2256=VERTEX_POINT('',#8345);
#2257=VERTEX_POINT('',#8346);
#2258=VERTEX_POINT('',#8348);
#2259=VERTEX_POINT('',#8350);
#2260=VERTEX_POINT('',#8354);
#2261=VERTEX_POINT('',#8355);
#2262=VERTEX_POINT('',#8357);
#2263=VERTEX_POINT('',#8359);
#2264=VERTEX_POINT('',#8363);
#2265=VERTEX_POINT('',#8365);
#2266=VERTEX_POINT('',#8369);
#2267=VERTEX_POINT('',#8371);
#2268=VERTEX_POINT('',#8378);
#2269=VERTEX_POINT('',#8379);
#2270=VERTEX_POINT('',#8381);
#2271=VERTEX_POINT('',#8383);
#2272=VERTEX_POINT('',#8387);
#2273=VERTEX_POINT('',#8388);
#2274=VERTEX_POINT('',#8390);
#2275=VERTEX_POINT('',#8392);
#2276=VERTEX_POINT('',#8396);
#2277=VERTEX_POINT('',#8398);
#2278=VERTEX_POINT('',#8402);
#2279=VERTEX_POINT('',#8404);
#2280=VERTEX_POINT('',#8411);
#2281=VERTEX_POINT('',#8412);
#2282=VERTEX_POINT('',#8414);
#2283=VERTEX_POINT('',#8416);
#2284=VERTEX_POINT('',#8420);
#2285=VERTEX_POINT('',#8421);
#2286=VERTEX_POINT('',#8423);
#2287=VERTEX_POINT('',#8425);
#2288=VERTEX_POINT('',#8429);
#2289=VERTEX_POINT('',#8431);
#2290=VERTEX_POINT('',#8435);
#2291=VERTEX_POINT('',#8437);
#2292=VERTEX_POINT('',#8444);
#2293=VERTEX_POINT('',#8445);
#2294=VERTEX_POINT('',#8447);
#2295=VERTEX_POINT('',#8449);
#2296=VERTEX_POINT('',#8453);
#2297=VERTEX_POINT('',#8454);
#2298=VERTEX_POINT('',#8456);
#2299=VERTEX_POINT('',#8458);
#2300=VERTEX_POINT('',#8462);
#2301=VERTEX_POINT('',#8464);
#2302=VERTEX_POINT('',#8468);
#2303=VERTEX_POINT('',#8470);
#2304=VERTEX_POINT('',#8477);
#2305=VERTEX_POINT('',#8478);
#2306=VERTEX_POINT('',#8480);
#2307=VERTEX_POINT('',#8482);
#2308=VERTEX_POINT('',#8486);
#2309=VERTEX_POINT('',#8487);
#2310=VERTEX_POINT('',#8489);
#2311=VERTEX_POINT('',#8491);
#2312=VERTEX_POINT('',#8495);
#2313=VERTEX_POINT('',#8497);
#2314=VERTEX_POINT('',#8501);
#2315=VERTEX_POINT('',#8503);
#2316=VERTEX_POINT('',#8510);
#2317=VERTEX_POINT('',#8511);
#2318=VERTEX_POINT('',#8513);
#2319=VERTEX_POINT('',#8515);
#2320=VERTEX_POINT('',#8519);
#2321=VERTEX_POINT('',#8520);
#2322=VERTEX_POINT('',#8522);
#2323=VERTEX_POINT('',#8524);
#2324=VERTEX_POINT('',#8528);
#2325=VERTEX_POINT('',#8530);
#2326=VERTEX_POINT('',#8534);
#2327=VERTEX_POINT('',#8536);
#2328=VERTEX_POINT('',#8543);
#2329=VERTEX_POINT('',#8544);
#2330=VERTEX_POINT('',#8546);
#2331=VERTEX_POINT('',#8548);
#2332=VERTEX_POINT('',#8552);
#2333=VERTEX_POINT('',#8553);
#2334=VERTEX_POINT('',#8555);
#2335=VERTEX_POINT('',#8557);
#2336=VERTEX_POINT('',#8561);
#2337=VERTEX_POINT('',#8563);
#2338=VERTEX_POINT('',#8567);
#2339=VERTEX_POINT('',#8569);
#2340=VERTEX_POINT('',#8576);
#2341=VERTEX_POINT('',#8577);
#2342=VERTEX_POINT('',#8579);
#2343=VERTEX_POINT('',#8581);
#2344=VERTEX_POINT('',#8585);
#2345=VERTEX_POINT('',#8586);
#2346=VERTEX_POINT('',#8588);
#2347=VERTEX_POINT('',#8590);
#2348=VERTEX_POINT('',#8594);
#2349=VERTEX_POINT('',#8596);
#2350=VERTEX_POINT('',#8600);
#2351=VERTEX_POINT('',#8602);
#2352=VERTEX_POINT('',#8609);
#2353=VERTEX_POINT('',#8610);
#2354=VERTEX_POINT('',#8612);
#2355=VERTEX_POINT('',#8614);
#2356=VERTEX_POINT('',#8618);
#2357=VERTEX_POINT('',#8619);
#2358=VERTEX_POINT('',#8621);
#2359=VERTEX_POINT('',#8623);
#2360=VERTEX_POINT('',#8627);
#2361=VERTEX_POINT('',#8629);
#2362=VERTEX_POINT('',#8633);
#2363=VERTEX_POINT('',#8635);
#2364=VERTEX_POINT('',#8642);
#2365=VERTEX_POINT('',#8643);
#2366=VERTEX_POINT('',#8645);
#2367=VERTEX_POINT('',#8647);
#2368=VERTEX_POINT('',#8651);
#2369=VERTEX_POINT('',#8652);
#2370=VERTEX_POINT('',#8654);
#2371=VERTEX_POINT('',#8656);
#2372=VERTEX_POINT('',#8660);
#2373=VERTEX_POINT('',#8662);
#2374=VERTEX_POINT('',#8666);
#2375=VERTEX_POINT('',#8668);
#2376=VERTEX_POINT('',#8675);
#2377=VERTEX_POINT('',#8676);
#2378=VERTEX_POINT('',#8678);
#2379=VERTEX_POINT('',#8680);
#2380=VERTEX_POINT('',#8684);
#2381=VERTEX_POINT('',#8685);
#2382=VERTEX_POINT('',#8687);
#2383=VERTEX_POINT('',#8689);
#2384=VERTEX_POINT('',#8693);
#2385=VERTEX_POINT('',#8695);
#2386=VERTEX_POINT('',#8699);
#2387=VERTEX_POINT('',#8701);
#2388=VERTEX_POINT('',#8708);
#2389=VERTEX_POINT('',#8709);
#2390=VERTEX_POINT('',#8711);
#2391=VERTEX_POINT('',#8713);
#2392=VERTEX_POINT('',#8717);
#2393=VERTEX_POINT('',#8718);
#2394=VERTEX_POINT('',#8720);
#2395=VERTEX_POINT('',#8722);
#2396=VERTEX_POINT('',#8726);
#2397=VERTEX_POINT('',#8728);
#2398=VERTEX_POINT('',#8732);
#2399=VERTEX_POINT('',#8734);
#2400=VERTEX_POINT('',#8741);
#2401=VERTEX_POINT('',#8742);
#2402=VERTEX_POINT('',#8744);
#2403=VERTEX_POINT('',#8746);
#2404=VERTEX_POINT('',#8750);
#2405=VERTEX_POINT('',#8752);
#2406=VERTEX_POINT('',#8756);
#2407=VERTEX_POINT('',#8760);
#2408=VERTEX_POINT('',#8762);
#2409=VERTEX_POINT('',#8766);
#2410=VERTEX_POINT('',#8770);
#2411=VERTEX_POINT('',#8772);
#2412=VERTEX_POINT('',#8776);
#2413=VERTEX_POINT('',#8780);
#2414=VERTEX_POINT('',#8782);
#2415=VERTEX_POINT('',#8786);
#2416=VERTEX_POINT('',#8790);
#2417=VERTEX_POINT('',#8792);
#2418=VERTEX_POINT('',#8796);
#2419=VERTEX_POINT('',#8800);
#2420=VERTEX_POINT('',#8802);
#2421=VERTEX_POINT('',#8806);
#2422=VERTEX_POINT('',#8810);
#2423=VERTEX_POINT('',#8812);
#2424=VERTEX_POINT('',#8816);
#2425=VERTEX_POINT('',#8820);
#2426=VERTEX_POINT('',#8822);
#2427=VERTEX_POINT('',#8826);
#2428=VERTEX_POINT('',#8830);
#2429=VERTEX_POINT('',#8832);
#2430=VERTEX_POINT('',#8836);
#2431=VERTEX_POINT('',#8840);
#2432=VERTEX_POINT('',#8842);
#2433=VERTEX_POINT('',#8846);
#2434=VERTEX_POINT('',#8850);
#2435=VERTEX_POINT('',#8852);
#2436=VERTEX_POINT('',#8856);
#2437=VERTEX_POINT('',#8860);
#2438=VERTEX_POINT('',#8862);
#2439=VERTEX_POINT('',#8866);
#2440=VERTEX_POINT('',#8870);
#2441=VERTEX_POINT('',#8872);
#2442=VERTEX_POINT('',#8876);
#2443=VERTEX_POINT('',#8880);
#2444=VERTEX_POINT('',#8882);
#2445=VERTEX_POINT('',#8886);
#2446=VERTEX_POINT('',#8890);
#2447=VERTEX_POINT('',#8892);
#2448=VERTEX_POINT('',#8896);
#2449=VERTEX_POINT('',#8900);
#2450=VERTEX_POINT('',#8902);
#2451=VERTEX_POINT('',#8906);
#2452=VERTEX_POINT('',#8910);
#2453=VERTEX_POINT('',#8916);
#2454=VERTEX_POINT('',#8922);
#2455=VERTEX_POINT('',#8928);
#2456=VERTEX_POINT('',#8934);
#2457=VERTEX_POINT('',#8940);
#2458=VERTEX_POINT('',#8946);
#2459=VERTEX_POINT('',#8952);
#2460=VERTEX_POINT('',#8958);
#2461=VERTEX_POINT('',#8964);
#2462=VERTEX_POINT('',#8970);
#2463=VERTEX_POINT('',#8976);
#2464=VERTEX_POINT('',#8982);
#2465=VERTEX_POINT('',#8988);
#2466=VERTEX_POINT('',#8994);
#2467=VERTEX_POINT('',#9000);
#2468=VERTEX_POINT('',#9006);
#2469=VERTEX_POINT('',#9008);
#2470=VERTEX_POINT('',#9013);
#2471=VERTEX_POINT('',#9015);
#2472=VERTEX_POINT('',#9020);
#2473=VERTEX_POINT('',#9022);
#2474=VERTEX_POINT('',#9027);
#2475=VERTEX_POINT('',#9029);
#2476=VERTEX_POINT('',#9034);
#2477=VERTEX_POINT('',#9036);
#2478=VERTEX_POINT('',#9041);
#2479=VERTEX_POINT('',#9043);
#2480=VERTEX_POINT('',#9051);
#2481=VERTEX_POINT('',#9053);
#2482=VERTEX_POINT('',#9058);
#2483=VERTEX_POINT('',#9060);
#2484=VERTEX_POINT('',#9065);
#2485=VERTEX_POINT('',#9067);
#2486=VERTEX_POINT('',#9071);
#2487=VERTEX_POINT('',#9073);
#2488=VERTEX_POINT('',#9077);
#2489=VERTEX_POINT('',#9079);
#2490=VERTEX_POINT('',#9083);
#2491=VERTEX_POINT('',#9086);
#2492=VERTEX_POINT('',#9088);
#2493=VERTEX_POINT('',#9092);
#2494=VERTEX_POINT('',#9095);
#2495=VERTEX_POINT('',#9097);
#2496=VERTEX_POINT('',#9101);
#2497=VERTEX_POINT('',#9104);
#2498=VERTEX_POINT('',#9108);
#2499=VERTEX_POINT('',#9112);
#2500=VERTEX_POINT('',#9116);
#2501=VERTEX_POINT('',#9118);
#2502=VERTEX_POINT('',#9123);
#2503=VERTEX_POINT('',#9125);
#2504=VERTEX_POINT('',#9130);
#2505=VERTEX_POINT('',#9132);
#2506=VERTEX_POINT('',#9137);
#2507=VERTEX_POINT('',#9139);
#2508=VERTEX_POINT('',#9144);
#2509=VERTEX_POINT('',#9146);
#2510=VERTEX_POINT('',#9150);
#2511=VERTEX_POINT('',#9152);
#2512=VERTEX_POINT('',#9157);
#2513=VERTEX_POINT('',#9159);
#2514=VERTEX_POINT('',#9164);
#2515=VERTEX_POINT('',#9166);
#2516=VERTEX_POINT('',#9171);
#2517=VERTEX_POINT('',#9173);
#2518=VERTEX_POINT('',#9178);
#2519=VERTEX_POINT('',#9180);
#2520=VERTEX_POINT('',#9185);
#2521=VERTEX_POINT('',#9187);
#2522=VERTEX_POINT('',#9192);
#2523=VERTEX_POINT('',#9194);
#2524=VERTEX_POINT('',#9199);
#2525=VERTEX_POINT('',#9201);
#2526=VERTEX_POINT('',#9206);
#2527=VERTEX_POINT('',#9208);
#2528=VERTEX_POINT('',#9213);
#2529=VERTEX_POINT('',#9215);
#2530=VERTEX_POINT('',#9220);
#2531=VERTEX_POINT('',#9222);
#2532=VERTEX_POINT('',#9227);
#2533=VERTEX_POINT('',#9229);
#2534=VERTEX_POINT('',#9234);
#2535=VERTEX_POINT('',#9236);
#2536=VERTEX_POINT('',#9241);
#2537=VERTEX_POINT('',#9243);
#2538=VERTEX_POINT('',#9248);
#2539=VERTEX_POINT('',#9250);
#2540=VERTEX_POINT('',#9255);
#2541=VERTEX_POINT('',#9257);
#2542=VERTEX_POINT('',#9262);
#2543=VERTEX_POINT('',#9264);
#2544=VERTEX_POINT('',#9269);
#2545=VERTEX_POINT('',#9271);
#2546=VERTEX_POINT('',#9276);
#2547=VERTEX_POINT('',#9278);
#2548=VERTEX_POINT('',#9283);
#2549=VERTEX_POINT('',#9285);
#2550=VERTEX_POINT('',#9290);
#2551=VERTEX_POINT('',#9291);
#2552=VERTEX_POINT('',#9293);
#2553=VERTEX_POINT('',#9295);
#2554=VERTEX_POINT('',#9297);
#2555=VERTEX_POINT('',#9299);
#2556=VERTEX_POINT('',#9301);
#2557=VERTEX_POINT('',#9303);
#2558=VERTEX_POINT('',#9305);
#2559=VERTEX_POINT('',#9307);
#2560=VERTEX_POINT('',#9309);
#2561=VERTEX_POINT('',#9311);
#2562=VERTEX_POINT('',#9313);
#2563=VERTEX_POINT('',#9315);
#2564=VERTEX_POINT('',#9317);
#2565=VERTEX_POINT('',#9319);
#2566=VERTEX_POINT('',#9321);
#2567=VERTEX_POINT('',#9323);
#2568=VERTEX_POINT('',#9325);
#2569=VERTEX_POINT('',#9327);
#2570=VERTEX_POINT('',#9329);
#2571=VERTEX_POINT('',#9331);
#2572=VERTEX_POINT('',#9333);
#2573=VERTEX_POINT('',#9335);
#2574=VERTEX_POINT('',#9337);
#2575=VERTEX_POINT('',#9339);
#2576=VERTEX_POINT('',#9341);
#2577=VERTEX_POINT('',#9343);
#2578=VERTEX_POINT('',#9345);
#2579=VERTEX_POINT('',#9347);
#2580=VERTEX_POINT('',#9349);
#2581=VERTEX_POINT('',#9351);
#2582=VERTEX_POINT('',#9353);
#2583=VERTEX_POINT('',#9355);
#2584=VERTEX_POINT('',#9357);
#2585=VERTEX_POINT('',#9359);
#2586=VERTEX_POINT('',#9361);
#2587=VERTEX_POINT('',#9363);
#2588=VERTEX_POINT('',#9365);
#2589=VERTEX_POINT('',#9367);
#2590=VERTEX_POINT('',#9369);
#2591=VERTEX_POINT('',#9371);
#2592=VERTEX_POINT('',#9373);
#2593=VERTEX_POINT('',#9375);
#2594=VERTEX_POINT('',#9377);
#2595=VERTEX_POINT('',#9379);
#2596=VERTEX_POINT('',#9381);
#2597=VERTEX_POINT('',#9383);
#2598=VERTEX_POINT('',#9385);
#2599=VERTEX_POINT('',#9387);
#2600=VERTEX_POINT('',#9389);
#2601=VERTEX_POINT('',#9391);
#2602=VERTEX_POINT('',#9393);
#2603=VERTEX_POINT('',#9395);
#2604=VERTEX_POINT('',#9397);
#2605=VERTEX_POINT('',#9401);
#2606=VERTEX_POINT('',#9404);
#2607=VERTEX_POINT('',#9406);
#2608=VERTEX_POINT('',#9408);
#2609=VERTEX_POINT('',#9411);
#2610=VERTEX_POINT('',#9417);
#2611=VERTEX_POINT('',#9421);
#2612=VERTEX_POINT('',#9427);
#2613=VERTEX_POINT('',#9430);
#2614=VERTEX_POINT('',#9432);
#2615=VERTEX_POINT('',#9439);
#2616=VERTEX_POINT('',#9478);
#2617=VERTEX_POINT('',#9479);
#2618=VERTEX_POINT('',#9481);
#2619=VERTEX_POINT('',#9486);
#2620=VERTEX_POINT('',#9490);
#2621=VERTEX_POINT('',#9492);
#2622=VERTEX_POINT('',#9500);
#2623=VERTEX_POINT('',#9502);
#2624=VERTEX_POINT('',#9504);
#2625=VERTEX_POINT('',#9506);
#2626=VERTEX_POINT('',#9508);
#2627=VERTEX_POINT('',#9510);
#2628=VERTEX_POINT('',#9512);
#2629=VERTEX_POINT('',#9514);
#2630=VERTEX_POINT('',#9516);
#2631=VERTEX_POINT('',#9518);
#2632=VERTEX_POINT('',#9520);
#2633=VERTEX_POINT('',#9522);
#2634=VERTEX_POINT('',#9524);
#2635=VERTEX_POINT('',#9526);
#2636=VERTEX_POINT('',#9528);
#2637=VERTEX_POINT('',#9530);
#2638=VERTEX_POINT('',#9532);
#2639=VERTEX_POINT('',#9534);
#2640=VERTEX_POINT('',#9536);
#2641=VERTEX_POINT('',#9538);
#2642=VERTEX_POINT('',#9540);
#2643=VERTEX_POINT('',#9542);
#2644=VERTEX_POINT('',#9544);
#2645=VERTEX_POINT('',#9546);
#2646=VERTEX_POINT('',#9548);
#2647=VERTEX_POINT('',#9550);
#2648=VERTEX_POINT('',#9552);
#2649=VERTEX_POINT('',#9554);
#2650=VERTEX_POINT('',#9556);
#2651=VERTEX_POINT('',#9558);
#2652=VERTEX_POINT('',#9560);
#2653=VERTEX_POINT('',#9562);
#2654=VERTEX_POINT('',#9564);
#2655=VERTEX_POINT('',#9566);
#2656=VERTEX_POINT('',#9568);
#2657=VERTEX_POINT('',#9570);
#2658=VERTEX_POINT('',#9572);
#2659=VERTEX_POINT('',#9574);
#2660=VERTEX_POINT('',#9576);
#2661=VERTEX_POINT('',#9578);
#2662=VERTEX_POINT('',#9580);
#2663=VERTEX_POINT('',#9582);
#2664=VERTEX_POINT('',#9584);
#2665=VERTEX_POINT('',#9586);
#2666=VERTEX_POINT('',#9592);
#2667=VERTEX_POINT('',#9594);
#2668=VERTEX_POINT('',#9596);
#2669=VERTEX_POINT('',#9599);
#2670=VERTEX_POINT('',#9603);
#2671=VERTEX_POINT('',#9608);
#2672=VERTEX_POINT('',#9612);
#2673=VERTEX_POINT('',#9618);
#2674=VERTEX_POINT('',#9620);
#2675=VERTEX_POINT('',#9627);
#2676=VERTEX_POINT('',#9666);
#2677=VERTEX_POINT('',#9671);
#2678=VERTEX_POINT('',#9673);
#2679=VERTEX_POINT('',#9678);
#2680=VERTEX_POINT('',#9682);
#2681=EDGE_CURVE('',#2179,#2179,#1860,.T.);
#2682=EDGE_CURVE('',#2179,#2180,#1034,.T.);
#2683=EDGE_CURVE('',#2180,#2181,#1008,.T.);
#2684=EDGE_CURVE('',#2181,#2182,#1009,.T.);
#2685=EDGE_CURVE('',#2182,#2183,#1861,.T.);
#2686=EDGE_CURVE('',#2183,#2184,#1010,.T.);
#2687=EDGE_CURVE('',#2184,#2183,#1011,.T.);
#2688=EDGE_CURVE('',#2183,#2185,#1862,.T.);
#2689=EDGE_CURVE('',#2186,#2185,#1035,.T.);
#2690=EDGE_CURVE('',#2186,#2180,#1012,.T.);
#2691=EDGE_CURVE('',#2187,#2187,#1863,.T.);
#2692=EDGE_CURVE('',#2187,#2188,#1036,.T.);
#2693=EDGE_CURVE('',#2188,#2188,#1864,.T.);
#2694=EDGE_CURVE('',#2189,#2189,#1865,.T.);
#2695=EDGE_CURVE('',#2189,#2190,#1037,.T.);
#2696=EDGE_CURVE('',#2190,#2190,#1866,.T.);
#2697=EDGE_CURVE('',#2182,#2186,#1013,.T.);
#2698=EDGE_CURVE('',#2181,#2191,#1038,.T.);
#2699=EDGE_CURVE('',#2192,#2191,#1014,.T.);
#2700=EDGE_CURVE('',#2191,#2192,#1015,.T.);
#2701=EDGE_CURVE('',#2193,#2193,#1867,.T.);
#2702=EDGE_CURVE('',#2193,#2184,#1039,.T.);
#2703=EDGE_CURVE('',#2185,#2182,#1868,.T.);
#2704=EDGE_CURVE('',#2194,#2195,#1016,.T.);
#2705=EDGE_CURVE('',#2195,#2194,#1017,.T.);
#2706=EDGE_CURVE('',#2195,#2196,#1040,.T.);
#2707=EDGE_CURVE('',#2196,#2196,#1869,.T.);
#2708=EDGE_CURVE('',#2197,#2198,#1018,.T.);
#2709=EDGE_CURVE('',#2198,#2197,#1019,.T.);
#2710=EDGE_CURVE('',#2198,#2199,#1041,.T.);
#2711=EDGE_CURVE('',#2200,#2199,#1020,.T.);
#2712=EDGE_CURVE('',#2199,#2200,#1021,.T.);
#2713=EDGE_CURVE('',#2201,#2201,#1870,.T.);
#2714=EDGE_CURVE('',#2201,#2202,#1042,.T.);
#2715=EDGE_CURVE('',#2202,#2194,#1871,.T.);
#2716=EDGE_CURVE('',#2194,#2200,#1872,.T.);
#2717=EDGE_CURVE('',#2200,#2202,#1873,.T.);
#2718=EDGE_CURVE('',#2203,#2204,#1022,.T.);
#2719=EDGE_CURVE('',#2204,#2203,#1023,.T.);
#2720=EDGE_CURVE('',#2204,#2205,#1043,.T.);
#2721=EDGE_CURVE('',#2205,#2205,#1874,.T.);
#2722=EDGE_CURVE('',#2206,#2207,#1024,.T.);
#2723=EDGE_CURVE('',#2207,#2206,#1025,.T.);
#2724=EDGE_CURVE('',#2207,#2208,#1044,.T.);
#2725=EDGE_CURVE('',#2209,#2208,#1026,.T.);
#2726=EDGE_CURVE('',#2208,#2209,#1027,.T.);
#2727=EDGE_CURVE('',#2210,#2210,#1875,.T.);
#2728=EDGE_CURVE('',#2210,#2211,#1045,.T.);
#2729=EDGE_CURVE('',#2211,#2209,#1876,.T.);
#2730=EDGE_CURVE('',#2209,#2203,#1877,.T.);
#2731=EDGE_CURVE('',#2203,#2211,#1878,.T.);
#2732=EDGE_CURVE('',#2212,#2213,#1046,.T.);
#2733=EDGE_CURVE('',#2212,#2214,#1047,.T.);
#2734=EDGE_CURVE('',#2214,#2215,#1048,.T.);
#2735=EDGE_CURVE('',#2213,#2215,#1049,.T.);
#2736=EDGE_CURVE('',#2216,#2212,#1879,.T.);
#2737=EDGE_CURVE('',#2216,#2217,#1050,.T.);
#2738=EDGE_CURVE('',#2217,#2214,#1880,.T.);
#2739=EDGE_CURVE('',#2218,#2216,#1051,.T.);
#2740=EDGE_CURVE('',#2218,#2219,#1052,.T.);
#2741=EDGE_CURVE('',#2219,#2217,#1053,.T.);
#2742=EDGE_CURVE('',#2213,#2218,#1881,.T.);
#2743=EDGE_CURVE('',#2215,#2219,#1882,.T.);
#2744=EDGE_CURVE('',#2220,#2221,#1054,.T.);
#2745=EDGE_CURVE('',#2222,#2220,#1883,.T.);
#2746=EDGE_CURVE('',#2223,#2222,#1055,.T.);
#2747=EDGE_CURVE('',#2221,#2223,#1884,.T.);
#2748=EDGE_CURVE('',#2224,#2225,#1056,.T.);
#2749=EDGE_CURVE('',#2224,#2226,#1057,.T.);
#2750=EDGE_CURVE('',#2226,#2227,#1058,.T.);
#2751=EDGE_CURVE('',#2225,#2227,#1059,.T.);
#2752=EDGE_CURVE('',#2228,#2224,#1885,.T.);
#2753=EDGE_CURVE('',#2228,#2229,#1060,.T.);
#2754=EDGE_CURVE('',#2229,#2226,#1886,.T.);
#2755=EDGE_CURVE('',#2230,#2228,#1061,.T.);
#2756=EDGE_CURVE('',#2230,#2231,#1062,.T.);
#2757=EDGE_CURVE('',#2231,#2229,#1063,.T.);
#2758=EDGE_CURVE('',#2225,#2230,#1887,.T.);
#2759=EDGE_CURVE('',#2227,#2231,#1888,.T.);
#2760=EDGE_CURVE('',#2232,#2233,#1064,.T.);
#2761=EDGE_CURVE('',#2234,#2232,#1889,.T.);
#2762=EDGE_CURVE('',#2235,#2234,#1065,.T.);
#2763=EDGE_CURVE('',#2233,#2235,#1890,.T.);
#2764=EDGE_CURVE('',#2236,#2237,#1066,.T.);
#2765=EDGE_CURVE('',#2236,#2238,#1067,.T.);
#2766=EDGE_CURVE('',#2238,#2239,#1068,.T.);
#2767=EDGE_CURVE('',#2237,#2239,#1069,.T.);
#2768=EDGE_CURVE('',#2240,#2236,#1891,.T.);
#2769=EDGE_CURVE('',#2240,#2241,#1070,.T.);
#2770=EDGE_CURVE('',#2241,#2238,#1892,.T.);
#2771=EDGE_CURVE('',#2242,#2240,#1071,.T.);
#2772=EDGE_CURVE('',#2242,#2243,#1072,.T.);
#2773=EDGE_CURVE('',#2243,#2241,#1073,.T.);
#2774=EDGE_CURVE('',#2237,#2242,#1893,.T.);
#2775=EDGE_CURVE('',#2239,#2243,#1894,.T.);
#2776=EDGE_CURVE('',#2244,#2245,#1074,.T.);
#2777=EDGE_CURVE('',#2246,#2244,#1895,.T.);
#2778=EDGE_CURVE('',#2247,#2246,#1075,.T.);
#2779=EDGE_CURVE('',#2245,#2247,#1896,.T.);
#2780=EDGE_CURVE('',#2248,#2249,#1076,.T.);
#2781=EDGE_CURVE('',#2248,#2250,#1077,.T.);
#2782=EDGE_CURVE('',#2250,#2251,#1078,.T.);
#2783=EDGE_CURVE('',#2249,#2251,#1079,.T.);
#2784=EDGE_CURVE('',#2252,#2248,#1897,.T.);
#2785=EDGE_CURVE('',#2252,#2253,#1080,.T.);
#2786=EDGE_CURVE('',#2253,#2250,#1898,.T.);
#2787=EDGE_CURVE('',#2254,#2252,#1081,.T.);
#2788=EDGE_CURVE('',#2254,#2255,#1082,.T.);
#2789=EDGE_CURVE('',#2255,#2253,#1083,.T.);
#2790=EDGE_CURVE('',#2249,#2254,#1899,.T.);
#2791=EDGE_CURVE('',#2251,#2255,#1900,.T.);
#2792=EDGE_CURVE('',#2256,#2257,#1084,.T.);
#2793=EDGE_CURVE('',#2258,#2256,#1901,.T.);
#2794=EDGE_CURVE('',#2259,#2258,#1085,.T.);
#2795=EDGE_CURVE('',#2257,#2259,#1902,.T.);
#2796=EDGE_CURVE('',#2260,#2261,#1086,.T.);
#2797=EDGE_CURVE('',#2260,#2262,#1087,.T.);
#2798=EDGE_CURVE('',#2262,#2263,#1088,.T.);
#2799=EDGE_CURVE('',#2261,#2263,#1089,.T.);
#2800=EDGE_CURVE('',#2264,#2260,#1903,.T.);
#2801=EDGE_CURVE('',#2264,#2265,#1090,.T.);
#2802=EDGE_CURVE('',#2265,#2262,#1904,.T.);
#2803=EDGE_CURVE('',#2266,#2264,#1091,.T.);
#2804=EDGE_CURVE('',#2266,#2267,#1092,.T.);
#2805=EDGE_CURVE('',#2267,#2265,#1093,.T.);
#2806=EDGE_CURVE('',#2261,#2266,#1905,.T.);
#2807=EDGE_CURVE('',#2263,#2267,#1906,.T.);
#2808=EDGE_CURVE('',#2268,#2269,#1094,.T.);
#2809=EDGE_CURVE('',#2270,#2268,#1907,.T.);
#2810=EDGE_CURVE('',#2271,#2270,#1095,.T.);
#2811=EDGE_CURVE('',#2269,#2271,#1908,.T.);
#2812=EDGE_CURVE('',#2272,#2273,#1096,.T.);
#2813=EDGE_CURVE('',#2272,#2274,#1097,.T.);
#2814=EDGE_CURVE('',#2274,#2275,#1098,.T.);
#2815=EDGE_CURVE('',#2273,#2275,#1099,.T.);
#2816=EDGE_CURVE('',#2276,#2272,#1909,.T.);
#2817=EDGE_CURVE('',#2276,#2277,#1100,.T.);
#2818=EDGE_CURVE('',#2277,#2274,#1910,.T.);
#2819=EDGE_CURVE('',#2278,#2276,#1101,.T.);
#2820=EDGE_CURVE('',#2278,#2279,#1102,.T.);
#2821=EDGE_CURVE('',#2279,#2277,#1103,.T.);
#2822=EDGE_CURVE('',#2273,#2278,#1911,.T.);
#2823=EDGE_CURVE('',#2275,#2279,#1912,.T.);
#2824=EDGE_CURVE('',#2280,#2281,#1104,.T.);
#2825=EDGE_CURVE('',#2282,#2280,#1913,.T.);
#2826=EDGE_CURVE('',#2283,#2282,#1105,.T.);
#2827=EDGE_CURVE('',#2281,#2283,#1914,.T.);
#2828=EDGE_CURVE('',#2284,#2285,#1106,.T.);
#2829=EDGE_CURVE('',#2284,#2286,#1107,.T.);
#2830=EDGE_CURVE('',#2286,#2287,#1108,.T.);
#2831=EDGE_CURVE('',#2285,#2287,#1109,.T.);
#2832=EDGE_CURVE('',#2288,#2284,#1915,.T.);
#2833=EDGE_CURVE('',#2288,#2289,#1110,.T.);
#2834=EDGE_CURVE('',#2289,#2286,#1916,.T.);
#2835=EDGE_CURVE('',#2290,#2288,#1111,.T.);
#2836=EDGE_CURVE('',#2290,#2291,#1112,.T.);
#2837=EDGE_CURVE('',#2291,#2289,#1113,.T.);
#2838=EDGE_CURVE('',#2285,#2290,#1917,.T.);
#2839=EDGE_CURVE('',#2287,#2291,#1918,.T.);
#2840=EDGE_CURVE('',#2292,#2293,#1114,.T.);
#2841=EDGE_CURVE('',#2294,#2292,#1919,.T.);
#2842=EDGE_CURVE('',#2295,#2294,#1115,.T.);
#2843=EDGE_CURVE('',#2293,#2295,#1920,.T.);
#2844=EDGE_CURVE('',#2296,#2297,#1116,.T.);
#2845=EDGE_CURVE('',#2296,#2298,#1117,.T.);
#2846=EDGE_CURVE('',#2298,#2299,#1118,.T.);
#2847=EDGE_CURVE('',#2297,#2299,#1119,.T.);
#2848=EDGE_CURVE('',#2300,#2296,#1921,.T.);
#2849=EDGE_CURVE('',#2300,#2301,#1120,.T.);
#2850=EDGE_CURVE('',#2301,#2298,#1922,.T.);
#2851=EDGE_CURVE('',#2302,#2300,#1121,.T.);
#2852=EDGE_CURVE('',#2302,#2303,#1122,.T.);
#2853=EDGE_CURVE('',#2303,#2301,#1123,.T.);
#2854=EDGE_CURVE('',#2297,#2302,#1923,.T.);
#2855=EDGE_CURVE('',#2299,#2303,#1924,.T.);
#2856=EDGE_CURVE('',#2304,#2305,#1124,.T.);
#2857=EDGE_CURVE('',#2306,#2304,#1925,.T.);
#2858=EDGE_CURVE('',#2307,#2306,#1125,.T.);
#2859=EDGE_CURVE('',#2305,#2307,#1926,.T.);
#2860=EDGE_CURVE('',#2308,#2309,#1126,.T.);
#2861=EDGE_CURVE('',#2308,#2310,#1127,.T.);
#2862=EDGE_CURVE('',#2310,#2311,#1128,.T.);
#2863=EDGE_CURVE('',#2309,#2311,#1129,.T.);
#2864=EDGE_CURVE('',#2312,#2308,#1927,.T.);
#2865=EDGE_CURVE('',#2312,#2313,#1130,.T.);
#2866=EDGE_CURVE('',#2313,#2310,#1928,.T.);
#2867=EDGE_CURVE('',#2314,#2312,#1131,.T.);
#2868=EDGE_CURVE('',#2314,#2315,#1132,.T.);
#2869=EDGE_CURVE('',#2315,#2313,#1133,.T.);
#2870=EDGE_CURVE('',#2309,#2314,#1929,.T.);
#2871=EDGE_CURVE('',#2311,#2315,#1930,.T.);
#2872=EDGE_CURVE('',#2316,#2317,#1134,.T.);
#2873=EDGE_CURVE('',#2318,#2316,#1931,.T.);
#2874=EDGE_CURVE('',#2319,#2318,#1135,.T.);
#2875=EDGE_CURVE('',#2317,#2319,#1932,.T.);
#2876=EDGE_CURVE('',#2320,#2321,#1136,.T.);
#2877=EDGE_CURVE('',#2320,#2322,#1137,.T.);
#2878=EDGE_CURVE('',#2322,#2323,#1138,.T.);
#2879=EDGE_CURVE('',#2321,#2323,#1139,.T.);
#2880=EDGE_CURVE('',#2324,#2320,#1933,.T.);
#2881=EDGE_CURVE('',#2324,#2325,#1140,.T.);
#2882=EDGE_CURVE('',#2325,#2322,#1934,.T.);
#2883=EDGE_CURVE('',#2326,#2324,#1141,.T.);
#2884=EDGE_CURVE('',#2326,#2327,#1142,.T.);
#2885=EDGE_CURVE('',#2327,#2325,#1143,.T.);
#2886=EDGE_CURVE('',#2321,#2326,#1935,.T.);
#2887=EDGE_CURVE('',#2323,#2327,#1936,.T.);
#2888=EDGE_CURVE('',#2328,#2329,#1144,.T.);
#2889=EDGE_CURVE('',#2330,#2328,#1937,.T.);
#2890=EDGE_CURVE('',#2331,#2330,#1145,.T.);
#2891=EDGE_CURVE('',#2329,#2331,#1938,.T.);
#2892=EDGE_CURVE('',#2332,#2333,#1146,.T.);
#2893=EDGE_CURVE('',#2332,#2334,#1147,.T.);
#2894=EDGE_CURVE('',#2334,#2335,#1148,.T.);
#2895=EDGE_CURVE('',#2333,#2335,#1149,.T.);
#2896=EDGE_CURVE('',#2336,#2332,#1939,.T.);
#2897=EDGE_CURVE('',#2336,#2337,#1150,.T.);
#2898=EDGE_CURVE('',#2337,#2334,#1940,.T.);
#2899=EDGE_CURVE('',#2338,#2336,#1151,.T.);
#2900=EDGE_CURVE('',#2338,#2339,#1152,.T.);
#2901=EDGE_CURVE('',#2339,#2337,#1153,.T.);
#2902=EDGE_CURVE('',#2333,#2338,#1941,.T.);
#2903=EDGE_CURVE('',#2335,#2339,#1942,.T.);
#2904=EDGE_CURVE('',#2340,#2341,#1154,.T.);
#2905=EDGE_CURVE('',#2342,#2340,#1943,.T.);
#2906=EDGE_CURVE('',#2343,#2342,#1155,.T.);
#2907=EDGE_CURVE('',#2341,#2343,#1944,.T.);
#2908=EDGE_CURVE('',#2344,#2345,#1156,.T.);
#2909=EDGE_CURVE('',#2344,#2346,#1157,.T.);
#2910=EDGE_CURVE('',#2346,#2347,#1158,.T.);
#2911=EDGE_CURVE('',#2345,#2347,#1159,.T.);
#2912=EDGE_CURVE('',#2348,#2344,#1945,.T.);
#2913=EDGE_CURVE('',#2348,#2349,#1160,.T.);
#2914=EDGE_CURVE('',#2349,#2346,#1946,.T.);
#2915=EDGE_CURVE('',#2350,#2348,#1161,.T.);
#2916=EDGE_CURVE('',#2350,#2351,#1162,.T.);
#2917=EDGE_CURVE('',#2351,#2349,#1163,.T.);
#2918=EDGE_CURVE('',#2345,#2350,#1947,.T.);
#2919=EDGE_CURVE('',#2347,#2351,#1948,.T.);
#2920=EDGE_CURVE('',#2352,#2353,#1164,.T.);
#2921=EDGE_CURVE('',#2354,#2352,#1949,.T.);
#2922=EDGE_CURVE('',#2355,#2354,#1165,.T.);
#2923=EDGE_CURVE('',#2353,#2355,#1950,.T.);
#2924=EDGE_CURVE('',#2356,#2357,#1166,.T.);
#2925=EDGE_CURVE('',#2356,#2358,#1167,.T.);
#2926=EDGE_CURVE('',#2358,#2359,#1168,.T.);
#2927=EDGE_CURVE('',#2357,#2359,#1169,.T.);
#2928=EDGE_CURVE('',#2360,#2356,#1951,.T.);
#2929=EDGE_CURVE('',#2360,#2361,#1170,.T.);
#2930=EDGE_CURVE('',#2361,#2358,#1952,.T.);
#2931=EDGE_CURVE('',#2362,#2360,#1171,.T.);
#2932=EDGE_CURVE('',#2362,#2363,#1172,.T.);
#2933=EDGE_CURVE('',#2363,#2361,#1173,.T.);
#2934=EDGE_CURVE('',#2357,#2362,#1953,.T.);
#2935=EDGE_CURVE('',#2359,#2363,#1954,.T.);
#2936=EDGE_CURVE('',#2364,#2365,#1174,.T.);
#2937=EDGE_CURVE('',#2366,#2364,#1955,.T.);
#2938=EDGE_CURVE('',#2367,#2366,#1175,.T.);
#2939=EDGE_CURVE('',#2365,#2367,#1956,.T.);
#2940=EDGE_CURVE('',#2368,#2369,#1176,.T.);
#2941=EDGE_CURVE('',#2368,#2370,#1177,.T.);
#2942=EDGE_CURVE('',#2370,#2371,#1178,.T.);
#2943=EDGE_CURVE('',#2369,#2371,#1179,.T.);
#2944=EDGE_CURVE('',#2372,#2368,#1957,.T.);
#2945=EDGE_CURVE('',#2372,#2373,#1180,.T.);
#2946=EDGE_CURVE('',#2373,#2370,#1958,.T.);
#2947=EDGE_CURVE('',#2374,#2372,#1181,.T.);
#2948=EDGE_CURVE('',#2374,#2375,#1182,.T.);
#2949=EDGE_CURVE('',#2375,#2373,#1183,.T.);
#2950=EDGE_CURVE('',#2369,#2374,#1959,.T.);
#2951=EDGE_CURVE('',#2371,#2375,#1960,.T.);
#2952=EDGE_CURVE('',#2376,#2377,#1184,.T.);
#2953=EDGE_CURVE('',#2378,#2376,#1961,.T.);
#2954=EDGE_CURVE('',#2379,#2378,#1185,.T.);
#2955=EDGE_CURVE('',#2377,#2379,#1962,.T.);
#2956=EDGE_CURVE('',#2380,#2381,#1186,.T.);
#2957=EDGE_CURVE('',#2380,#2382,#1187,.T.);
#2958=EDGE_CURVE('',#2382,#2383,#1188,.T.);
#2959=EDGE_CURVE('',#2381,#2383,#1189,.T.);
#2960=EDGE_CURVE('',#2384,#2380,#1963,.T.);
#2961=EDGE_CURVE('',#2384,#2385,#1190,.T.);
#2962=EDGE_CURVE('',#2385,#2382,#1964,.T.);
#2963=EDGE_CURVE('',#2386,#2384,#1191,.T.);
#2964=EDGE_CURVE('',#2386,#2387,#1192,.T.);
#2965=EDGE_CURVE('',#2387,#2385,#1193,.T.);
#2966=EDGE_CURVE('',#2381,#2386,#1965,.T.);
#2967=EDGE_CURVE('',#2383,#2387,#1966,.T.);
#2968=EDGE_CURVE('',#2388,#2389,#1194,.T.);
#2969=EDGE_CURVE('',#2390,#2388,#1967,.T.);
#2970=EDGE_CURVE('',#2391,#2390,#1195,.T.);
#2971=EDGE_CURVE('',#2389,#2391,#1968,.T.);
#2972=EDGE_CURVE('',#2392,#2393,#1196,.T.);
#2973=EDGE_CURVE('',#2392,#2394,#1197,.T.);
#2974=EDGE_CURVE('',#2394,#2395,#1198,.T.);
#2975=EDGE_CURVE('',#2393,#2395,#1199,.T.);
#2976=EDGE_CURVE('',#2396,#2392,#1969,.T.);
#2977=EDGE_CURVE('',#2396,#2397,#1200,.T.);
#2978=EDGE_CURVE('',#2397,#2394,#1970,.T.);
#2979=EDGE_CURVE('',#2398,#2396,#1201,.T.);
#2980=EDGE_CURVE('',#2398,#2399,#1202,.T.);
#2981=EDGE_CURVE('',#2399,#2397,#1203,.T.);
#2982=EDGE_CURVE('',#2393,#2398,#1971,.T.);
#2983=EDGE_CURVE('',#2395,#2399,#1972,.T.);
#2984=EDGE_CURVE('',#2400,#2401,#1204,.T.);
#2985=EDGE_CURVE('',#2402,#2400,#1973,.T.);
#2986=EDGE_CURVE('',#2403,#2402,#1205,.T.);
#2987=EDGE_CURVE('',#2401,#2403,#1974,.T.);
#2988=EDGE_CURVE('',#2222,#2404,#1206,.T.);
#2989=EDGE_CURVE('',#2405,#2404,#1207,.T.);
#2990=EDGE_CURVE('',#2223,#2405,#1208,.T.);
#2991=EDGE_CURVE('',#2220,#2406,#1209,.T.);
#2992=EDGE_CURVE('',#2404,#2406,#1975,.T.);
#2993=EDGE_CURVE('',#2234,#2407,#1210,.T.);
#2994=EDGE_CURVE('',#2408,#2407,#1211,.T.);
#2995=EDGE_CURVE('',#2235,#2408,#1212,.T.);
#2996=EDGE_CURVE('',#2232,#2409,#1213,.T.);
#2997=EDGE_CURVE('',#2407,#2409,#1976,.T.);
#2998=EDGE_CURVE('',#2246,#2410,#1214,.T.);
#2999=EDGE_CURVE('',#2411,#2410,#1215,.T.);
#3000=EDGE_CURVE('',#2247,#2411,#1216,.T.);
#3001=EDGE_CURVE('',#2244,#2412,#1217,.T.);
#3002=EDGE_CURVE('',#2410,#2412,#1977,.T.);
#3003=EDGE_CURVE('',#2258,#2413,#1218,.T.);
#3004=EDGE_CURVE('',#2414,#2413,#1219,.T.);
#3005=EDGE_CURVE('',#2259,#2414,#1220,.T.);
#3006=EDGE_CURVE('',#2256,#2415,#1221,.T.);
#3007=EDGE_CURVE('',#2413,#2415,#1978,.T.);
#3008=EDGE_CURVE('',#2270,#2416,#1222,.T.);
#3009=EDGE_CURVE('',#2417,#2416,#1223,.T.);
#3010=EDGE_CURVE('',#2271,#2417,#1224,.T.);
#3011=EDGE_CURVE('',#2268,#2418,#1225,.T.);
#3012=EDGE_CURVE('',#2416,#2418,#1979,.T.);
#3013=EDGE_CURVE('',#2282,#2419,#1226,.T.);
#3014=EDGE_CURVE('',#2420,#2419,#1227,.T.);
#3015=EDGE_CURVE('',#2283,#2420,#1228,.T.);
#3016=EDGE_CURVE('',#2280,#2421,#1229,.T.);
#3017=EDGE_CURVE('',#2419,#2421,#1980,.T.);
#3018=EDGE_CURVE('',#2294,#2422,#1230,.T.);
#3019=EDGE_CURVE('',#2423,#2422,#1231,.T.);
#3020=EDGE_CURVE('',#2295,#2423,#1232,.T.);
#3021=EDGE_CURVE('',#2292,#2424,#1233,.T.);
#3022=EDGE_CURVE('',#2422,#2424,#1981,.T.);
#3023=EDGE_CURVE('',#2306,#2425,#1234,.T.);
#3024=EDGE_CURVE('',#2426,#2425,#1235,.T.);
#3025=EDGE_CURVE('',#2307,#2426,#1236,.T.);
#3026=EDGE_CURVE('',#2304,#2427,#1237,.T.);
#3027=EDGE_CURVE('',#2425,#2427,#1982,.T.);
#3028=EDGE_CURVE('',#2318,#2428,#1238,.T.);
#3029=EDGE_CURVE('',#2429,#2428,#1239,.T.);
#3030=EDGE_CURVE('',#2319,#2429,#1240,.T.);
#3031=EDGE_CURVE('',#2316,#2430,#1241,.T.);
#3032=EDGE_CURVE('',#2428,#2430,#1983,.T.);
#3033=EDGE_CURVE('',#2330,#2431,#1242,.T.);
#3034=EDGE_CURVE('',#2432,#2431,#1243,.T.);
#3035=EDGE_CURVE('',#2331,#2432,#1244,.T.);
#3036=EDGE_CURVE('',#2328,#2433,#1245,.T.);
#3037=EDGE_CURVE('',#2431,#2433,#1984,.T.);
#3038=EDGE_CURVE('',#2342,#2434,#1246,.T.);
#3039=EDGE_CURVE('',#2435,#2434,#1247,.T.);
#3040=EDGE_CURVE('',#2343,#2435,#1248,.T.);
#3041=EDGE_CURVE('',#2340,#2436,#1249,.T.);
#3042=EDGE_CURVE('',#2434,#2436,#1985,.T.);
#3043=EDGE_CURVE('',#2354,#2437,#1250,.T.);
#3044=EDGE_CURVE('',#2438,#2437,#1251,.T.);
#3045=EDGE_CURVE('',#2355,#2438,#1252,.T.);
#3046=EDGE_CURVE('',#2352,#2439,#1253,.T.);
#3047=EDGE_CURVE('',#2437,#2439,#1986,.T.);
#3048=EDGE_CURVE('',#2366,#2440,#1254,.T.);
#3049=EDGE_CURVE('',#2441,#2440,#1255,.T.);
#3050=EDGE_CURVE('',#2367,#2441,#1256,.T.);
#3051=EDGE_CURVE('',#2364,#2442,#1257,.T.);
#3052=EDGE_CURVE('',#2440,#2442,#1987,.T.);
#3053=EDGE_CURVE('',#2378,#2443,#1258,.T.);
#3054=EDGE_CURVE('',#2444,#2443,#1259,.T.);
#3055=EDGE_CURVE('',#2379,#2444,#1260,.T.);
#3056=EDGE_CURVE('',#2376,#2445,#1261,.T.);
#3057=EDGE_CURVE('',#2443,#2445,#1988,.T.);
#3058=EDGE_CURVE('',#2390,#2446,#1262,.T.);
#3059=EDGE_CURVE('',#2447,#2446,#1263,.T.);
#3060=EDGE_CURVE('',#2391,#2447,#1264,.T.);
#3061=EDGE_CURVE('',#2388,#2448,#1265,.T.);
#3062=EDGE_CURVE('',#2446,#2448,#1989,.T.);
#3063=EDGE_CURVE('',#2402,#2449,#1266,.T.);
#3064=EDGE_CURVE('',#2450,#2449,#1267,.T.);
#3065=EDGE_CURVE('',#2403,#2450,#1268,.T.);
#3066=EDGE_CURVE('',#2400,#2451,#1269,.T.);
#3067=EDGE_CURVE('',#2449,#2451,#1990,.T.);
#3068=EDGE_CURVE('',#2221,#2452,#1270,.T.);
#3069=EDGE_CURVE('',#2406,#2452,#1271,.T.);
#3070=EDGE_CURVE('',#2452,#2405,#1991,.T.);
#3071=EDGE_CURVE('',#2233,#2453,#1272,.T.);
#3072=EDGE_CURVE('',#2409,#2453,#1273,.T.);
#3073=EDGE_CURVE('',#2453,#2408,#1992,.T.);
#3074=EDGE_CURVE('',#2245,#2454,#1274,.T.);
#3075=EDGE_CURVE('',#2412,#2454,#1275,.T.);
#3076=EDGE_CURVE('',#2454,#2411,#1993,.T.);
#3077=EDGE_CURVE('',#2257,#2455,#1276,.T.);
#3078=EDGE_CURVE('',#2415,#2455,#1277,.T.);
#3079=EDGE_CURVE('',#2455,#2414,#1994,.T.);
#3080=EDGE_CURVE('',#2269,#2456,#1278,.T.);
#3081=EDGE_CURVE('',#2418,#2456,#1279,.T.);
#3082=EDGE_CURVE('',#2456,#2417,#1995,.T.);
#3083=EDGE_CURVE('',#2281,#2457,#1280,.T.);
#3084=EDGE_CURVE('',#2421,#2457,#1281,.T.);
#3085=EDGE_CURVE('',#2457,#2420,#1996,.T.);
#3086=EDGE_CURVE('',#2293,#2458,#1282,.T.);
#3087=EDGE_CURVE('',#2424,#2458,#1283,.T.);
#3088=EDGE_CURVE('',#2458,#2423,#1997,.T.);
#3089=EDGE_CURVE('',#2305,#2459,#1284,.T.);
#3090=EDGE_CURVE('',#2427,#2459,#1285,.T.);
#3091=EDGE_CURVE('',#2459,#2426,#1998,.T.);
#3092=EDGE_CURVE('',#2317,#2460,#1286,.T.);
#3093=EDGE_CURVE('',#2430,#2460,#1287,.T.);
#3094=EDGE_CURVE('',#2460,#2429,#1999,.T.);
#3095=EDGE_CURVE('',#2329,#2461,#1288,.T.);
#3096=EDGE_CURVE('',#2433,#2461,#1289,.T.);
#3097=EDGE_CURVE('',#2461,#2432,#2000,.T.);
#3098=EDGE_CURVE('',#2341,#2462,#1290,.T.);
#3099=EDGE_CURVE('',#2436,#2462,#1291,.T.);
#3100=EDGE_CURVE('',#2462,#2435,#2001,.T.);
#3101=EDGE_CURVE('',#2353,#2463,#1292,.T.);
#3102=EDGE_CURVE('',#2439,#2463,#1293,.T.);
#3103=EDGE_CURVE('',#2463,#2438,#2002,.T.);
#3104=EDGE_CURVE('',#2365,#2464,#1294,.T.);
#3105=EDGE_CURVE('',#2442,#2464,#1295,.T.);
#3106=EDGE_CURVE('',#2464,#2441,#2003,.T.);
#3107=EDGE_CURVE('',#2377,#2465,#1296,.T.);
#3108=EDGE_CURVE('',#2445,#2465,#1297,.T.);
#3109=EDGE_CURVE('',#2465,#2444,#2004,.T.);
#3110=EDGE_CURVE('',#2389,#2466,#1298,.T.);
#3111=EDGE_CURVE('',#2448,#2466,#1299,.T.);
#3112=EDGE_CURVE('',#2466,#2447,#2005,.T.);
#3113=EDGE_CURVE('',#2401,#2467,#1300,.T.);
#3114=EDGE_CURVE('',#2451,#2467,#1301,.T.);
#3115=EDGE_CURVE('',#2467,#2450,#2006,.T.);
#3116=EDGE_CURVE('',#2468,#2468,#2007,.T.);
#3117=EDGE_CURVE('',#2468,#2469,#1302,.T.);
#3118=EDGE_CURVE('',#2469,#2469,#2008,.T.);
#3119=EDGE_CURVE('',#2470,#2470,#2009,.T.);
#3120=EDGE_CURVE('',#2470,#2471,#1303,.T.);
#3121=EDGE_CURVE('',#2471,#2471,#2010,.T.);
#3122=EDGE_CURVE('',#2472,#2472,#2011,.T.);
#3123=EDGE_CURVE('',#2472,#2473,#1304,.T.);
#3124=EDGE_CURVE('',#2473,#2473,#2012,.T.);
#3125=EDGE_CURVE('',#2474,#2474,#2013,.T.);
#3126=EDGE_CURVE('',#2474,#2475,#1305,.T.);
#3127=EDGE_CURVE('',#2475,#2475,#2014,.T.);
#3128=EDGE_CURVE('',#2476,#2476,#2015,.T.);
#3129=EDGE_CURVE('',#2476,#2477,#1306,.T.);
#3130=EDGE_CURVE('',#2477,#2477,#2016,.T.);
#3131=EDGE_CURVE('',#2478,#2478,#2017,.T.);
#3132=EDGE_CURVE('',#2478,#2479,#1307,.T.);
#3133=EDGE_CURVE('',#2479,#2479,#2018,.T.);
#3134=EDGE_CURVE('',#2480,#2480,#2019,.T.);
#3135=EDGE_CURVE('',#2480,#2481,#1308,.T.);
#3136=EDGE_CURVE('',#2481,#2481,#2020,.T.);
#3137=EDGE_CURVE('',#2482,#2482,#2021,.T.);
#3138=EDGE_CURVE('',#2482,#2483,#1309,.T.);
#3139=EDGE_CURVE('',#2483,#2483,#2022,.T.);
#3140=EDGE_CURVE('',#2484,#2484,#2023,.T.);
#3141=EDGE_CURVE('',#2484,#2485,#1310,.T.);
#3142=EDGE_CURVE('',#2485,#2485,#2024,.T.);
#3143=EDGE_CURVE('',#2486,#2486,#2025,.T.);
#3144=EDGE_CURVE('',#2486,#2487,#1311,.T.);
#3145=EDGE_CURVE('',#2487,#2487,#2026,.T.);
#3146=EDGE_CURVE('',#2488,#2488,#2027,.T.);
#3147=EDGE_CURVE('',#2488,#2489,#1312,.T.);
#3148=EDGE_CURVE('',#2489,#2489,#2028,.T.);
#3149=EDGE_CURVE('',#2490,#2490,#2029,.T.);
#3150=EDGE_CURVE('',#2491,#2491,#2030,.T.);
#3151=EDGE_CURVE('',#2491,#2492,#1313,.T.);
#3152=EDGE_CURVE('',#2492,#2492,#2031,.T.);
#3153=EDGE_CURVE('',#2493,#2493,#2032,.T.);
#3154=EDGE_CURVE('',#2494,#2494,#2033,.T.);
#3155=EDGE_CURVE('',#2494,#2495,#1314,.T.);
#3156=EDGE_CURVE('',#2495,#2495,#2034,.T.);
#3157=EDGE_CURVE('',#2496,#2496,#2035,.T.);
#3158=EDGE_CURVE('',#2490,#2497,#1315,.T.);
#3159=EDGE_CURVE('',#2497,#2497,#2036,.T.);
#3160=EDGE_CURVE('',#2493,#2498,#1316,.T.);
#3161=EDGE_CURVE('',#2498,#2498,#2037,.T.);
#3162=EDGE_CURVE('',#2496,#2499,#1317,.T.);
#3163=EDGE_CURVE('',#2499,#2499,#2038,.T.);
#3164=EDGE_CURVE('',#2500,#2500,#2039,.T.);
#3165=EDGE_CURVE('',#2500,#2501,#1318,.T.);
#3166=EDGE_CURVE('',#2501,#2501,#2040,.T.);
#3167=EDGE_CURVE('',#2502,#2502,#2041,.T.);
#3168=EDGE_CURVE('',#2502,#2503,#1319,.T.);
#3169=EDGE_CURVE('',#2503,#2503,#2042,.T.);
#3170=EDGE_CURVE('',#2504,#2504,#2043,.T.);
#3171=EDGE_CURVE('',#2504,#2505,#1320,.T.);
#3172=EDGE_CURVE('',#2505,#2505,#2044,.T.);
#3173=EDGE_CURVE('',#2506,#2506,#2045,.T.);
#3174=EDGE_CURVE('',#2506,#2507,#1321,.T.);
#3175=EDGE_CURVE('',#2507,#2507,#2046,.T.);
#3176=EDGE_CURVE('',#2508,#2508,#2047,.T.);
#3177=EDGE_CURVE('',#2508,#2509,#1322,.T.);
#3178=EDGE_CURVE('',#2509,#2509,#2048,.T.);
#3179=EDGE_CURVE('',#2510,#2510,#2049,.T.);
#3180=EDGE_CURVE('',#2510,#2511,#1323,.T.);
#3181=EDGE_CURVE('',#2511,#2511,#2050,.T.);
#3182=EDGE_CURVE('',#2512,#2512,#2051,.T.);
#3183=EDGE_CURVE('',#2512,#2513,#1324,.T.);
#3184=EDGE_CURVE('',#2513,#2513,#2052,.T.);
#3185=EDGE_CURVE('',#2514,#2514,#2053,.T.);
#3186=EDGE_CURVE('',#2514,#2515,#1325,.T.);
#3187=EDGE_CURVE('',#2515,#2515,#2054,.T.);
#3188=EDGE_CURVE('',#2516,#2516,#2055,.T.);
#3189=EDGE_CURVE('',#2516,#2517,#1326,.T.);
#3190=EDGE_CURVE('',#2517,#2517,#2056,.T.);
#3191=EDGE_CURVE('',#2518,#2518,#2057,.T.);
#3192=EDGE_CURVE('',#2518,#2519,#1327,.T.);
#3193=EDGE_CURVE('',#2519,#2519,#2058,.T.);
#3194=EDGE_CURVE('',#2520,#2520,#2059,.T.);
#3195=EDGE_CURVE('',#2520,#2521,#1328,.T.);
#3196=EDGE_CURVE('',#2521,#2521,#2060,.T.);
#3197=EDGE_CURVE('',#2522,#2522,#2061,.T.);
#3198=EDGE_CURVE('',#2522,#2523,#1329,.T.);
#3199=EDGE_CURVE('',#2523,#2523,#2062,.T.);
#3200=EDGE_CURVE('',#2524,#2524,#2063,.T.);
#3201=EDGE_CURVE('',#2524,#2525,#1330,.T.);
#3202=EDGE_CURVE('',#2525,#2525,#2064,.T.);
#3203=EDGE_CURVE('',#2526,#2526,#2065,.T.);
#3204=EDGE_CURVE('',#2526,#2527,#1331,.T.);
#3205=EDGE_CURVE('',#2527,#2527,#2066,.T.);
#3206=EDGE_CURVE('',#2528,#2528,#2067,.T.);
#3207=EDGE_CURVE('',#2528,#2529,#1332,.T.);
#3208=EDGE_CURVE('',#2529,#2529,#2068,.T.);
#3209=EDGE_CURVE('',#2530,#2530,#2069,.T.);
#3210=EDGE_CURVE('',#2530,#2531,#1333,.T.);
#3211=EDGE_CURVE('',#2531,#2531,#2070,.T.);
#3212=EDGE_CURVE('',#2532,#2532,#2071,.T.);
#3213=EDGE_CURVE('',#2532,#2533,#1334,.T.);
#3214=EDGE_CURVE('',#2533,#2533,#2072,.T.);
#3215=EDGE_CURVE('',#2534,#2534,#2073,.T.);
#3216=EDGE_CURVE('',#2534,#2535,#1335,.T.);
#3217=EDGE_CURVE('',#2535,#2535,#2074,.T.);
#3218=EDGE_CURVE('',#2536,#2536,#2075,.T.);
#3219=EDGE_CURVE('',#2536,#2537,#1336,.T.);
#3220=EDGE_CURVE('',#2537,#2537,#2076,.T.);
#3221=EDGE_CURVE('',#2538,#2538,#2077,.T.);
#3222=EDGE_CURVE('',#2538,#2539,#1337,.T.);
#3223=EDGE_CURVE('',#2539,#2539,#2078,.T.);
#3224=EDGE_CURVE('',#2540,#2540,#2079,.T.);
#3225=EDGE_CURVE('',#2540,#2541,#1338,.T.);
#3226=EDGE_CURVE('',#2541,#2541,#2080,.T.);
#3227=EDGE_CURVE('',#2542,#2542,#2081,.T.);
#3228=EDGE_CURVE('',#2542,#2543,#1339,.T.);
#3229=EDGE_CURVE('',#2543,#2543,#2082,.T.);
#3230=EDGE_CURVE('',#2544,#2544,#2083,.T.);
#3231=EDGE_CURVE('',#2544,#2545,#1340,.T.);
#3232=EDGE_CURVE('',#2545,#2545,#2084,.T.);
#3233=EDGE_CURVE('',#2546,#2546,#2085,.T.);
#3234=EDGE_CURVE('',#2546,#2547,#1341,.T.);
#3235=EDGE_CURVE('',#2547,#2547,#2086,.T.);
#3236=EDGE_CURVE('',#2548,#2548,#2087,.T.);
#3237=EDGE_CURVE('',#2548,#2549,#1342,.T.);
#3238=EDGE_CURVE('',#2549,#2549,#2088,.T.);
#3239=EDGE_CURVE('',#2550,#2551,#1343,.T.);
#3240=EDGE_CURVE('',#2551,#2552,#1344,.T.);
#3241=EDGE_CURVE('',#2552,#2553,#1345,.T.);
#3242=EDGE_CURVE('',#2553,#2554,#1346,.T.);
#3243=EDGE_CURVE('',#2555,#2554,#2089,.T.);
#3244=EDGE_CURVE('',#2556,#2555,#2090,.T.);
#3245=EDGE_CURVE('',#2556,#2557,#2091,.T.);
#3246=EDGE_CURVE('',#2558,#2557,#2092,.T.);
#3247=EDGE_CURVE('',#2558,#2559,#2093,.T.);
#3248=EDGE_CURVE('',#2560,#2559,#2094,.T.);
#3249=EDGE_CURVE('',#2561,#2560,#2095,.T.);
#3250=EDGE_CURVE('',#2562,#2561,#2096,.T.);
#3251=EDGE_CURVE('',#2562,#2563,#2097,.T.);
#3252=EDGE_CURVE('',#2564,#2563,#2098,.T.);
#3253=EDGE_CURVE('',#2564,#2565,#2099,.T.);
#3254=EDGE_CURVE('',#2566,#2565,#2100,.T.);
#3255=EDGE_CURVE('',#2567,#2566,#2101,.T.);
#3256=EDGE_CURVE('',#2568,#2567,#2102,.T.);
#3257=EDGE_CURVE('',#2568,#2569,#2103,.T.);
#3258=EDGE_CURVE('',#2569,#2570,#2104,.T.);
#3259=EDGE_CURVE('',#2571,#2570,#2105,.T.);
#3260=EDGE_CURVE('',#2571,#2572,#2106,.T.);
#3261=EDGE_CURVE('',#2573,#2572,#1347,.T.);
#3262=EDGE_CURVE('',#2574,#2573,#1348,.T.);
#3263=EDGE_CURVE('',#2574,#2575,#2107,.T.);
#3264=EDGE_CURVE('',#2576,#2575,#1349,.T.);
#3265=EDGE_CURVE('',#2576,#2577,#1350,.T.);
#3266=EDGE_CURVE('',#2577,#2578,#1351,.T.);
#3267=EDGE_CURVE('',#2578,#2579,#1352,.T.);
#3268=EDGE_CURVE('',#2579,#2580,#1353,.T.);
#3269=EDGE_CURVE('',#2580,#2581,#1354,.T.);
#3270=EDGE_CURVE('',#2582,#2581,#1355,.T.);
#3271=EDGE_CURVE('',#2583,#2582,#1356,.T.);
#3272=EDGE_CURVE('',#2583,#2584,#2108,.T.);
#3273=EDGE_CURVE('',#2585,#2584,#1357,.T.);
#3274=EDGE_CURVE('',#2586,#2585,#2109,.T.);
#3275=EDGE_CURVE('',#2586,#2587,#2110,.T.);
#3276=EDGE_CURVE('',#2588,#2587,#2111,.T.);
#3277=EDGE_CURVE('',#2589,#2588,#2112,.T.);
#3278=EDGE_CURVE('',#2589,#2590,#2113,.T.);
#3279=EDGE_CURVE('',#2590,#2591,#2114,.T.);
#3280=EDGE_CURVE('',#2591,#2592,#2115,.T.);
#3281=EDGE_CURVE('',#2593,#2592,#2116,.T.);
#3282=EDGE_CURVE('',#2593,#2594,#2117,.T.);
#3283=EDGE_CURVE('',#2595,#2594,#2118,.T.);
#3284=EDGE_CURVE('',#2595,#2596,#2119,.T.);
#3285=EDGE_CURVE('',#2596,#2597,#2120,.T.);
#3286=EDGE_CURVE('',#2597,#2598,#2121,.T.);
#3287=EDGE_CURVE('',#2599,#2598,#2122,.T.);
#3288=EDGE_CURVE('',#2599,#2600,#2123,.T.);
#3289=EDGE_CURVE('',#2601,#2600,#2124,.T.);
#3290=EDGE_CURVE('',#2601,#2602,#2125,.T.);
#3291=EDGE_CURVE('',#2602,#2603,#2126,.T.);
#3292=EDGE_CURVE('',#2603,#2604,#1358,.T.);
#3293=EDGE_CURVE('',#2604,#2550,#1359,.T.);
#3294=EDGE_CURVE('',#2605,#2605,#2127,.T.);
#3295=EDGE_CURVE('',#2606,#2578,#2128,.T.);
#3296=EDGE_CURVE('',#2607,#2606,#2129,.T.);
#3297=EDGE_CURVE('',#2608,#2607,#2130,.T.);
#3298=EDGE_CURVE('',#2578,#2608,#2131,.T.);
#3299=EDGE_CURVE('',#2578,#2609,#1360,.T.);
#3300=EDGE_CURVE('',#2609,#2609,#2132,.T.);
#3301=EDGE_CURVE('',#2608,#2579,#1361,.T.);
#3302=EDGE_CURVE('',#2607,#2610,#1362,.T.);
#3303=EDGE_CURVE('',#2610,#2608,#1363,.T.);
#3304=EDGE_CURVE('',#2606,#2611,#1364,.T.);
#3305=EDGE_CURVE('',#2611,#2607,#1365,.T.);
#3306=EDGE_CURVE('',#2577,#2606,#1366,.T.);
#3307=EDGE_CURVE('',#2612,#2612,#2133,.T.);
#3308=EDGE_CURVE('',#2612,#2613,#1367,.T.);
#3309=EDGE_CURVE('',#2614,#2613,#1028,.T.);
#3310=EDGE_CURVE('',#2615,#2614,#1029,.T.);
#3311=EDGE_CURVE('',#2613,#2615,#1030,.T.);
#3312=EDGE_CURVE('',#2616,#2617,#1368,.T.);
#3313=EDGE_CURVE('',#2618,#2616,#1369,.T.);
#3314=EDGE_CURVE('',#2611,#2618,#1370,.T.);
#3315=EDGE_CURVE('',#2617,#2576,#1371,.T.);
#3316=EDGE_CURVE('',#2618,#2619,#1372,.T.);
#3317=EDGE_CURVE('',#2619,#2610,#1373,.T.);
#3318=EDGE_CURVE('',#2620,#2616,#1374,.T.);
#3319=EDGE_CURVE('',#2620,#2621,#1375,.T.);
#3320=EDGE_CURVE('',#2621,#2619,#1376,.T.);
#3321=EDGE_CURVE('',#2581,#2620,#1377,.T.);
#3322=EDGE_CURVE('',#2580,#2621,#1378,.T.);
#3323=EDGE_CURVE('',#2622,#2617,#1379,.T.);
#3324=EDGE_CURVE('',#2623,#2622,#2134,.T.);
#3325=EDGE_CURVE('',#2624,#2623,#1380,.T.);
#3326=EDGE_CURVE('',#2625,#2624,#1381,.T.);
#3327=EDGE_CURVE('',#2626,#2625,#2135,.T.);
#3328=EDGE_CURVE('',#2627,#2626,#2136,.T.);
#3329=EDGE_CURVE('',#2628,#2627,#2137,.T.);
#3330=EDGE_CURVE('',#2629,#2628,#2138,.T.);
#3331=EDGE_CURVE('',#2630,#2629,#2139,.T.);
#3332=EDGE_CURVE('',#2631,#2630,#2140,.T.);
#3333=EDGE_CURVE('',#2632,#2631,#2141,.T.);
#3334=EDGE_CURVE('',#2633,#2632,#2142,.T.);
#3335=EDGE_CURVE('',#2634,#2633,#2143,.T.);
#3336=EDGE_CURVE('',#2635,#2634,#2144,.T.);
#3337=EDGE_CURVE('',#2636,#2635,#2145,.T.);
#3338=EDGE_CURVE('',#2637,#2636,#2146,.T.);
#3339=EDGE_CURVE('',#2638,#2637,#2147,.T.);
#3340=EDGE_CURVE('',#2639,#2638,#2148,.T.);
#3341=EDGE_CURVE('',#2640,#2639,#2149,.T.);
#3342=EDGE_CURVE('',#2641,#2640,#2150,.T.);
#3343=EDGE_CURVE('',#2642,#2641,#2151,.T.);
#3344=EDGE_CURVE('',#2643,#2642,#2152,.T.);
#3345=EDGE_CURVE('',#2643,#2644,#1382,.T.);
#3346=EDGE_CURVE('',#2645,#2644,#2153,.T.);
#3347=EDGE_CURVE('',#2646,#2645,#2154,.T.);
#3348=EDGE_CURVE('',#2647,#2646,#2155,.T.);
#3349=EDGE_CURVE('',#2648,#2647,#2156,.T.);
#3350=EDGE_CURVE('',#2649,#2648,#2157,.T.);
#3351=EDGE_CURVE('',#2650,#2649,#2158,.T.);
#3352=EDGE_CURVE('',#2651,#2650,#2159,.T.);
#3353=EDGE_CURVE('',#2652,#2651,#2160,.T.);
#3354=EDGE_CURVE('',#2653,#2652,#2161,.T.);
#3355=EDGE_CURVE('',#2654,#2653,#2162,.T.);
#3356=EDGE_CURVE('',#2655,#2654,#2163,.T.);
#3357=EDGE_CURVE('',#2656,#2655,#2164,.T.);
#3358=EDGE_CURVE('',#2657,#2656,#2165,.T.);
#3359=EDGE_CURVE('',#2658,#2657,#2166,.T.);
#3360=EDGE_CURVE('',#2659,#2658,#2167,.T.);
#3361=EDGE_CURVE('',#2660,#2659,#2168,.T.);
#3362=EDGE_CURVE('',#2661,#2660,#2169,.T.);
#3363=EDGE_CURVE('',#2662,#2661,#2170,.T.);
#3364=EDGE_CURVE('',#2663,#2662,#1383,.T.);
#3365=EDGE_CURVE('',#2664,#2663,#2171,.T.);
#3366=EDGE_CURVE('',#2665,#2664,#1384,.T.);
#3367=EDGE_CURVE('',#2620,#2665,#1385,.T.);
#3368=EDGE_CURVE('',#2575,#2622,#1386,.T.);
#3369=EDGE_CURVE('',#2666,#2550,#2172,.T.);
#3370=EDGE_CURVE('',#2667,#2666,#2173,.T.);
#3371=EDGE_CURVE('',#2668,#2667,#2174,.T.);
#3372=EDGE_CURVE('',#2550,#2668,#2175,.T.);
#3373=EDGE_CURVE('',#2550,#2669,#1387,.T.);
#3374=EDGE_CURVE('',#2669,#2669,#2176,.T.);
#3375=EDGE_CURVE('',#2670,#2670,#2177,.T.);
#3376=EDGE_CURVE('',#2668,#2551,#1388,.T.);
#3377=EDGE_CURVE('',#2667,#2671,#1389,.T.);
#3378=EDGE_CURVE('',#2671,#2668,#1390,.T.);
#3379=EDGE_CURVE('',#2666,#2672,#1391,.T.);
#3380=EDGE_CURVE('',#2672,#2667,#1392,.T.);
#3381=EDGE_CURVE('',#2604,#2666,#1393,.T.);
#3382=EDGE_CURVE('',#2670,#2673,#1394,.T.);
#3383=EDGE_CURVE('',#2674,#2673,#1031,.T.);
#3384=EDGE_CURVE('',#2675,#2674,#1032,.T.);
#3385=EDGE_CURVE('',#2673,#2675,#1033,.T.);
#3386=EDGE_CURVE('',#2676,#2676,#2178,.T.);
#3387=EDGE_CURVE('',#2676,#2605,#1395,.T.);
#3388=EDGE_CURVE('',#2554,#2643,#1396,.T.);
#3389=EDGE_CURVE('',#2677,#2553,#1397,.T.);
#3390=EDGE_CURVE('',#2678,#2677,#1398,.T.);
#3391=EDGE_CURVE('',#2672,#2678,#1399,.T.);
#3392=EDGE_CURVE('',#2644,#2603,#1400,.T.);
#3393=EDGE_CURVE('',#2678,#2679,#1401,.T.);
#3394=EDGE_CURVE('',#2679,#2671,#1402,.T.);
#3395=EDGE_CURVE('',#2677,#2680,#1403,.T.);
#3396=EDGE_CURVE('',#2680,#2679,#1404,.T.);
#3397=EDGE_CURVE('',#2552,#2680,#1405,.T.);
#3398=EDGE_CURVE('',#2602,#2645,#1406,.T.);
#3399=EDGE_CURVE('',#2600,#2647,#1407,.T.);
#3400=EDGE_CURVE('',#2601,#2646,#1408,.T.);
#3401=EDGE_CURVE('',#2599,#2648,#1409,.T.);
#3402=EDGE_CURVE('',#2598,#2649,#1410,.T.);
#3403=EDGE_CURVE('',#2597,#2650,#1411,.T.);
#3404=EDGE_CURVE('',#2596,#2651,#1412,.T.);
#3405=EDGE_CURVE('',#2595,#2652,#1413,.T.);
#3406=EDGE_CURVE('',#2594,#2653,#1414,.T.);
#3407=EDGE_CURVE('',#2593,#2654,#1415,.T.);
#3408=EDGE_CURVE('',#2592,#2655,#1416,.T.);
#3409=EDGE_CURVE('',#2591,#2656,#1417,.T.);
#3410=EDGE_CURVE('',#2590,#2657,#1418,.T.);
#3411=EDGE_CURVE('',#2589,#2658,#1419,.T.);
#3412=EDGE_CURVE('',#2588,#2659,#1420,.T.);
#3413=EDGE_CURVE('',#2587,#2660,#1421,.T.);
#3414=EDGE_CURVE('',#2586,#2661,#1422,.T.);
#3415=EDGE_CURVE('',#2585,#2662,#1423,.T.);
#3416=EDGE_CURVE('',#2584,#2663,#1424,.T.);
#3417=EDGE_CURVE('',#2583,#2664,#1425,.T.);
#3418=EDGE_CURVE('',#2582,#2665,#1426,.T.);
#3419=EDGE_CURVE('',#2574,#2623,#1427,.T.);
#3420=EDGE_CURVE('',#2573,#2624,#1428,.T.);
#3421=EDGE_CURVE('',#2572,#2625,#1429,.T.);
#3422=EDGE_CURVE('',#2571,#2626,#1430,.T.);
#3423=EDGE_CURVE('',#2570,#2627,#1431,.T.);
#3424=EDGE_CURVE('',#2569,#2628,#1432,.T.);
#3425=EDGE_CURVE('',#2568,#2629,#1433,.T.);
#3426=EDGE_CURVE('',#2567,#2630,#1434,.T.);
#3427=EDGE_CURVE('',#2566,#2631,#1435,.T.);
#3428=EDGE_CURVE('',#2565,#2632,#1436,.T.);
#3429=EDGE_CURVE('',#2564,#2633,#1437,.T.);
#3430=EDGE_CURVE('',#2563,#2634,#1438,.T.);
#3431=EDGE_CURVE('',#2562,#2635,#1439,.T.);
#3432=EDGE_CURVE('',#2561,#2636,#1440,.T.);
#3433=EDGE_CURVE('',#2560,#2637,#1441,.T.);
#3434=EDGE_CURVE('',#2559,#2638,#1442,.T.);
#3435=EDGE_CURVE('',#2558,#2639,#1443,.T.);
#3436=EDGE_CURVE('',#2557,#2640,#1444,.T.);
#3437=EDGE_CURVE('',#2556,#2641,#1445,.T.);
#3438=EDGE_CURVE('',#2555,#2642,#1446,.T.);
#3439=ORIENTED_EDGE('',*,*,#2681,.F.);
#3440=ORIENTED_EDGE('',*,*,#2682,.T.);
#3441=ORIENTED_EDGE('',*,*,#2683,.T.);
#3442=ORIENTED_EDGE('',*,*,#2684,.T.);
#3443=ORIENTED_EDGE('',*,*,#2685,.T.);
#3444=ORIENTED_EDGE('',*,*,#2686,.T.);
#3445=ORIENTED_EDGE('',*,*,#2687,.T.);
#3446=ORIENTED_EDGE('',*,*,#2688,.T.);
#3447=ORIENTED_EDGE('',*,*,#2689,.F.);
#3448=ORIENTED_EDGE('',*,*,#2690,.T.);
#3449=ORIENTED_EDGE('',*,*,#2682,.F.);
#3450=ORIENTED_EDGE('',*,*,#2691,.F.);
#3451=ORIENTED_EDGE('',*,*,#2692,.T.);
#3452=ORIENTED_EDGE('',*,*,#2693,.T.);
#3453=ORIENTED_EDGE('',*,*,#2692,.F.);
#3454=ORIENTED_EDGE('',*,*,#2693,.F.);
#3455=ORIENTED_EDGE('',*,*,#2694,.F.);
#3456=ORIENTED_EDGE('',*,*,#2695,.T.);
#3457=ORIENTED_EDGE('',*,*,#2696,.T.);
#3458=ORIENTED_EDGE('',*,*,#2695,.F.);
#3459=ORIENTED_EDGE('',*,*,#2696,.F.);
#3460=ORIENTED_EDGE('',*,*,#2697,.F.);
#3461=ORIENTED_EDGE('',*,*,#2684,.F.);
#3462=ORIENTED_EDGE('',*,*,#2698,.T.);
#3463=ORIENTED_EDGE('',*,*,#2699,.F.);
#3464=ORIENTED_EDGE('',*,*,#2700,.F.);
#3465=ORIENTED_EDGE('',*,*,#2698,.F.);
#3466=ORIENTED_EDGE('',*,*,#2683,.F.);
#3467=ORIENTED_EDGE('',*,*,#2690,.F.);
#3468=ORIENTED_EDGE('',*,*,#2701,.F.);
#3469=ORIENTED_EDGE('',*,*,#2701,.T.);
#3470=ORIENTED_EDGE('',*,*,#2702,.T.);
#3471=ORIENTED_EDGE('',*,*,#2686,.F.);
#3472=ORIENTED_EDGE('',*,*,#2687,.F.);
#3473=ORIENTED_EDGE('',*,*,#2702,.F.);
#3474=ORIENTED_EDGE('',*,*,#2689,.T.);
#3475=ORIENTED_EDGE('',*,*,#2703,.T.);
#3476=ORIENTED_EDGE('',*,*,#2697,.T.);
#3477=ORIENTED_EDGE('',*,*,#2704,.F.);
#3478=ORIENTED_EDGE('',*,*,#2705,.F.);
#3479=ORIENTED_EDGE('',*,*,#2706,.T.);
#3480=ORIENTED_EDGE('',*,*,#2707,.T.);
#3481=ORIENTED_EDGE('',*,*,#2706,.F.);
#3482=ORIENTED_EDGE('',*,*,#2708,.F.);
#3483=ORIENTED_EDGE('',*,*,#2709,.F.);
#3484=ORIENTED_EDGE('',*,*,#2710,.T.);
#3485=ORIENTED_EDGE('',*,*,#2711,.F.);
#3486=ORIENTED_EDGE('',*,*,#2712,.F.);
#3487=ORIENTED_EDGE('',*,*,#2710,.F.);
#3488=ORIENTED_EDGE('',*,*,#2707,.F.);
#3489=ORIENTED_EDGE('',*,*,#2713,.F.);
#3490=ORIENTED_EDGE('',*,*,#2714,.T.);
#3491=ORIENTED_EDGE('',*,*,#2715,.T.);
#3492=ORIENTED_EDGE('',*,*,#2704,.T.);
#3493=ORIENTED_EDGE('',*,*,#2705,.T.);
#3494=ORIENTED_EDGE('',*,*,#2716,.T.);
#3495=ORIENTED_EDGE('',*,*,#2711,.T.);
#3496=ORIENTED_EDGE('',*,*,#2712,.T.);
#3497=ORIENTED_EDGE('',*,*,#2717,.T.);
#3498=ORIENTED_EDGE('',*,*,#2714,.F.);
#3499=ORIENTED_EDGE('',*,*,#2718,.F.);
#3500=ORIENTED_EDGE('',*,*,#2719,.F.);
#3501=ORIENTED_EDGE('',*,*,#2720,.T.);
#3502=ORIENTED_EDGE('',*,*,#2721,.T.);
#3503=ORIENTED_EDGE('',*,*,#2720,.F.);
#3504=ORIENTED_EDGE('',*,*,#2722,.F.);
#3505=ORIENTED_EDGE('',*,*,#2723,.F.);
#3506=ORIENTED_EDGE('',*,*,#2724,.T.);
#3507=ORIENTED_EDGE('',*,*,#2725,.F.);
#3508=ORIENTED_EDGE('',*,*,#2726,.F.);
#3509=ORIENTED_EDGE('',*,*,#2724,.F.);
#3510=ORIENTED_EDGE('',*,*,#2721,.F.);
#3511=ORIENTED_EDGE('',*,*,#2727,.F.);
#3512=ORIENTED_EDGE('',*,*,#2728,.T.);
#3513=ORIENTED_EDGE('',*,*,#2729,.T.);
#3514=ORIENTED_EDGE('',*,*,#2725,.T.);
#3515=ORIENTED_EDGE('',*,*,#2726,.T.);
#3516=ORIENTED_EDGE('',*,*,#2730,.T.);
#3517=ORIENTED_EDGE('',*,*,#2718,.T.);
#3518=ORIENTED_EDGE('',*,*,#2719,.T.);
#3519=ORIENTED_EDGE('',*,*,#2731,.T.);
#3520=ORIENTED_EDGE('',*,*,#2728,.F.);
#3521=ORIENTED_EDGE('',*,*,#2732,.F.);
#3522=ORIENTED_EDGE('',*,*,#2733,.T.);
#3523=ORIENTED_EDGE('',*,*,#2734,.T.);
#3524=ORIENTED_EDGE('',*,*,#2735,.F.);
#3525=ORIENTED_EDGE('',*,*,#2736,.F.);
#3526=ORIENTED_EDGE('',*,*,#2737,.T.);
#3527=ORIENTED_EDGE('',*,*,#2738,.T.);
#3528=ORIENTED_EDGE('',*,*,#2733,.F.);
#3529=ORIENTED_EDGE('',*,*,#2739,.F.);
#3530=ORIENTED_EDGE('',*,*,#2740,.T.);
#3531=ORIENTED_EDGE('',*,*,#2741,.T.);
#3532=ORIENTED_EDGE('',*,*,#2737,.F.);
#3533=ORIENTED_EDGE('',*,*,#2742,.F.);
#3534=ORIENTED_EDGE('',*,*,#2735,.T.);
#3535=ORIENTED_EDGE('',*,*,#2743,.T.);
#3536=ORIENTED_EDGE('',*,*,#2740,.F.);
#3537=ORIENTED_EDGE('',*,*,#2743,.F.);
#3538=ORIENTED_EDGE('',*,*,#2734,.F.);
#3539=ORIENTED_EDGE('',*,*,#2738,.F.);
#3540=ORIENTED_EDGE('',*,*,#2741,.F.);
#3541=ORIENTED_EDGE('',*,*,#2744,.F.);
#3542=ORIENTED_EDGE('',*,*,#2745,.F.);
#3543=ORIENTED_EDGE('',*,*,#2746,.F.);
#3544=ORIENTED_EDGE('',*,*,#2747,.F.);
#3545=ORIENTED_EDGE('',*,*,#2748,.F.);
#3546=ORIENTED_EDGE('',*,*,#2749,.T.);
#3547=ORIENTED_EDGE('',*,*,#2750,.T.);
#3548=ORIENTED_EDGE('',*,*,#2751,.F.);
#3549=ORIENTED_EDGE('',*,*,#2752,.F.);
#3550=ORIENTED_EDGE('',*,*,#2753,.T.);
#3551=ORIENTED_EDGE('',*,*,#2754,.T.);
#3552=ORIENTED_EDGE('',*,*,#2749,.F.);
#3553=ORIENTED_EDGE('',*,*,#2755,.F.);
#3554=ORIENTED_EDGE('',*,*,#2756,.T.);
#3555=ORIENTED_EDGE('',*,*,#2757,.T.);
#3556=ORIENTED_EDGE('',*,*,#2753,.F.);
#3557=ORIENTED_EDGE('',*,*,#2758,.F.);
#3558=ORIENTED_EDGE('',*,*,#2751,.T.);
#3559=ORIENTED_EDGE('',*,*,#2759,.T.);
#3560=ORIENTED_EDGE('',*,*,#2756,.F.);
#3561=ORIENTED_EDGE('',*,*,#2759,.F.);
#3562=ORIENTED_EDGE('',*,*,#2750,.F.);
#3563=ORIENTED_EDGE('',*,*,#2754,.F.);
#3564=ORIENTED_EDGE('',*,*,#2757,.F.);
#3565=ORIENTED_EDGE('',*,*,#2760,.F.);
#3566=ORIENTED_EDGE('',*,*,#2761,.F.);
#3567=ORIENTED_EDGE('',*,*,#2762,.F.);
#3568=ORIENTED_EDGE('',*,*,#2763,.F.);
#3569=ORIENTED_EDGE('',*,*,#2764,.F.);
#3570=ORIENTED_EDGE('',*,*,#2765,.T.);
#3571=ORIENTED_EDGE('',*,*,#2766,.T.);
#3572=ORIENTED_EDGE('',*,*,#2767,.F.);
#3573=ORIENTED_EDGE('',*,*,#2768,.F.);
#3574=ORIENTED_EDGE('',*,*,#2769,.T.);
#3575=ORIENTED_EDGE('',*,*,#2770,.T.);
#3576=ORIENTED_EDGE('',*,*,#2765,.F.);
#3577=ORIENTED_EDGE('',*,*,#2771,.F.);
#3578=ORIENTED_EDGE('',*,*,#2772,.T.);
#3579=ORIENTED_EDGE('',*,*,#2773,.T.);
#3580=ORIENTED_EDGE('',*,*,#2769,.F.);
#3581=ORIENTED_EDGE('',*,*,#2774,.F.);
#3582=ORIENTED_EDGE('',*,*,#2767,.T.);
#3583=ORIENTED_EDGE('',*,*,#2775,.T.);
#3584=ORIENTED_EDGE('',*,*,#2772,.F.);
#3585=ORIENTED_EDGE('',*,*,#2775,.F.);
#3586=ORIENTED_EDGE('',*,*,#2766,.F.);
#3587=ORIENTED_EDGE('',*,*,#2770,.F.);
#3588=ORIENTED_EDGE('',*,*,#2773,.F.);
#3589=ORIENTED_EDGE('',*,*,#2776,.F.);
#3590=ORIENTED_EDGE('',*,*,#2777,.F.);
#3591=ORIENTED_EDGE('',*,*,#2778,.F.);
#3592=ORIENTED_EDGE('',*,*,#2779,.F.);
#3593=ORIENTED_EDGE('',*,*,#2780,.F.);
#3594=ORIENTED_EDGE('',*,*,#2781,.T.);
#3595=ORIENTED_EDGE('',*,*,#2782,.T.);
#3596=ORIENTED_EDGE('',*,*,#2783,.F.);
#3597=ORIENTED_EDGE('',*,*,#2784,.F.);
#3598=ORIENTED_EDGE('',*,*,#2785,.T.);
#3599=ORIENTED_EDGE('',*,*,#2786,.T.);
#3600=ORIENTED_EDGE('',*,*,#2781,.F.);
#3601=ORIENTED_EDGE('',*,*,#2787,.F.);
#3602=ORIENTED_EDGE('',*,*,#2788,.T.);
#3603=ORIENTED_EDGE('',*,*,#2789,.T.);
#3604=ORIENTED_EDGE('',*,*,#2785,.F.);
#3605=ORIENTED_EDGE('',*,*,#2790,.F.);
#3606=ORIENTED_EDGE('',*,*,#2783,.T.);
#3607=ORIENTED_EDGE('',*,*,#2791,.T.);
#3608=ORIENTED_EDGE('',*,*,#2788,.F.);
#3609=ORIENTED_EDGE('',*,*,#2791,.F.);
#3610=ORIENTED_EDGE('',*,*,#2782,.F.);
#3611=ORIENTED_EDGE('',*,*,#2786,.F.);
#3612=ORIENTED_EDGE('',*,*,#2789,.F.);
#3613=ORIENTED_EDGE('',*,*,#2792,.F.);
#3614=ORIENTED_EDGE('',*,*,#2793,.F.);
#3615=ORIENTED_EDGE('',*,*,#2794,.F.);
#3616=ORIENTED_EDGE('',*,*,#2795,.F.);
#3617=ORIENTED_EDGE('',*,*,#2796,.F.);
#3618=ORIENTED_EDGE('',*,*,#2797,.T.);
#3619=ORIENTED_EDGE('',*,*,#2798,.T.);
#3620=ORIENTED_EDGE('',*,*,#2799,.F.);
#3621=ORIENTED_EDGE('',*,*,#2800,.F.);
#3622=ORIENTED_EDGE('',*,*,#2801,.T.);
#3623=ORIENTED_EDGE('',*,*,#2802,.T.);
#3624=ORIENTED_EDGE('',*,*,#2797,.F.);
#3625=ORIENTED_EDGE('',*,*,#2803,.F.);
#3626=ORIENTED_EDGE('',*,*,#2804,.T.);
#3627=ORIENTED_EDGE('',*,*,#2805,.T.);
#3628=ORIENTED_EDGE('',*,*,#2801,.F.);
#3629=ORIENTED_EDGE('',*,*,#2806,.F.);
#3630=ORIENTED_EDGE('',*,*,#2799,.T.);
#3631=ORIENTED_EDGE('',*,*,#2807,.T.);
#3632=ORIENTED_EDGE('',*,*,#2804,.F.);
#3633=ORIENTED_EDGE('',*,*,#2807,.F.);
#3634=ORIENTED_EDGE('',*,*,#2798,.F.);
#3635=ORIENTED_EDGE('',*,*,#2802,.F.);
#3636=ORIENTED_EDGE('',*,*,#2805,.F.);
#3637=ORIENTED_EDGE('',*,*,#2808,.F.);
#3638=ORIENTED_EDGE('',*,*,#2809,.F.);
#3639=ORIENTED_EDGE('',*,*,#2810,.F.);
#3640=ORIENTED_EDGE('',*,*,#2811,.F.);
#3641=ORIENTED_EDGE('',*,*,#2812,.F.);
#3642=ORIENTED_EDGE('',*,*,#2813,.T.);
#3643=ORIENTED_EDGE('',*,*,#2814,.T.);
#3644=ORIENTED_EDGE('',*,*,#2815,.F.);
#3645=ORIENTED_EDGE('',*,*,#2816,.F.);
#3646=ORIENTED_EDGE('',*,*,#2817,.T.);
#3647=ORIENTED_EDGE('',*,*,#2818,.T.);
#3648=ORIENTED_EDGE('',*,*,#2813,.F.);
#3649=ORIENTED_EDGE('',*,*,#2819,.F.);
#3650=ORIENTED_EDGE('',*,*,#2820,.T.);
#3651=ORIENTED_EDGE('',*,*,#2821,.T.);
#3652=ORIENTED_EDGE('',*,*,#2817,.F.);
#3653=ORIENTED_EDGE('',*,*,#2822,.F.);
#3654=ORIENTED_EDGE('',*,*,#2815,.T.);
#3655=ORIENTED_EDGE('',*,*,#2823,.T.);
#3656=ORIENTED_EDGE('',*,*,#2820,.F.);
#3657=ORIENTED_EDGE('',*,*,#2823,.F.);
#3658=ORIENTED_EDGE('',*,*,#2814,.F.);
#3659=ORIENTED_EDGE('',*,*,#2818,.F.);
#3660=ORIENTED_EDGE('',*,*,#2821,.F.);
#3661=ORIENTED_EDGE('',*,*,#2824,.F.);
#3662=ORIENTED_EDGE('',*,*,#2825,.F.);
#3663=ORIENTED_EDGE('',*,*,#2826,.F.);
#3664=ORIENTED_EDGE('',*,*,#2827,.F.);
#3665=ORIENTED_EDGE('',*,*,#2828,.F.);
#3666=ORIENTED_EDGE('',*,*,#2829,.T.);
#3667=ORIENTED_EDGE('',*,*,#2830,.T.);
#3668=ORIENTED_EDGE('',*,*,#2831,.F.);
#3669=ORIENTED_EDGE('',*,*,#2832,.F.);
#3670=ORIENTED_EDGE('',*,*,#2833,.T.);
#3671=ORIENTED_EDGE('',*,*,#2834,.T.);
#3672=ORIENTED_EDGE('',*,*,#2829,.F.);
#3673=ORIENTED_EDGE('',*,*,#2835,.F.);
#3674=ORIENTED_EDGE('',*,*,#2836,.T.);
#3675=ORIENTED_EDGE('',*,*,#2837,.T.);
#3676=ORIENTED_EDGE('',*,*,#2833,.F.);
#3677=ORIENTED_EDGE('',*,*,#2838,.F.);
#3678=ORIENTED_EDGE('',*,*,#2831,.T.);
#3679=ORIENTED_EDGE('',*,*,#2839,.T.);
#3680=ORIENTED_EDGE('',*,*,#2836,.F.);
#3681=ORIENTED_EDGE('',*,*,#2839,.F.);
#3682=ORIENTED_EDGE('',*,*,#2830,.F.);
#3683=ORIENTED_EDGE('',*,*,#2834,.F.);
#3684=ORIENTED_EDGE('',*,*,#2837,.F.);
#3685=ORIENTED_EDGE('',*,*,#2840,.F.);
#3686=ORIENTED_EDGE('',*,*,#2841,.F.);
#3687=ORIENTED_EDGE('',*,*,#2842,.F.);
#3688=ORIENTED_EDGE('',*,*,#2843,.F.);
#3689=ORIENTED_EDGE('',*,*,#2844,.F.);
#3690=ORIENTED_EDGE('',*,*,#2845,.T.);
#3691=ORIENTED_EDGE('',*,*,#2846,.T.);
#3692=ORIENTED_EDGE('',*,*,#2847,.F.);
#3693=ORIENTED_EDGE('',*,*,#2848,.F.);
#3694=ORIENTED_EDGE('',*,*,#2849,.T.);
#3695=ORIENTED_EDGE('',*,*,#2850,.T.);
#3696=ORIENTED_EDGE('',*,*,#2845,.F.);
#3697=ORIENTED_EDGE('',*,*,#2851,.F.);
#3698=ORIENTED_EDGE('',*,*,#2852,.T.);
#3699=ORIENTED_EDGE('',*,*,#2853,.T.);
#3700=ORIENTED_EDGE('',*,*,#2849,.F.);
#3701=ORIENTED_EDGE('',*,*,#2854,.F.);
#3702=ORIENTED_EDGE('',*,*,#2847,.T.);
#3703=ORIENTED_EDGE('',*,*,#2855,.T.);
#3704=ORIENTED_EDGE('',*,*,#2852,.F.);
#3705=ORIENTED_EDGE('',*,*,#2855,.F.);
#3706=ORIENTED_EDGE('',*,*,#2846,.F.);
#3707=ORIENTED_EDGE('',*,*,#2850,.F.);
#3708=ORIENTED_EDGE('',*,*,#2853,.F.);
#3709=ORIENTED_EDGE('',*,*,#2856,.F.);
#3710=ORIENTED_EDGE('',*,*,#2857,.F.);
#3711=ORIENTED_EDGE('',*,*,#2858,.F.);
#3712=ORIENTED_EDGE('',*,*,#2859,.F.);
#3713=ORIENTED_EDGE('',*,*,#2860,.F.);
#3714=ORIENTED_EDGE('',*,*,#2861,.T.);
#3715=ORIENTED_EDGE('',*,*,#2862,.T.);
#3716=ORIENTED_EDGE('',*,*,#2863,.F.);
#3717=ORIENTED_EDGE('',*,*,#2864,.F.);
#3718=ORIENTED_EDGE('',*,*,#2865,.T.);
#3719=ORIENTED_EDGE('',*,*,#2866,.T.);
#3720=ORIENTED_EDGE('',*,*,#2861,.F.);
#3721=ORIENTED_EDGE('',*,*,#2867,.F.);
#3722=ORIENTED_EDGE('',*,*,#2868,.T.);
#3723=ORIENTED_EDGE('',*,*,#2869,.T.);
#3724=ORIENTED_EDGE('',*,*,#2865,.F.);
#3725=ORIENTED_EDGE('',*,*,#2870,.F.);
#3726=ORIENTED_EDGE('',*,*,#2863,.T.);
#3727=ORIENTED_EDGE('',*,*,#2871,.T.);
#3728=ORIENTED_EDGE('',*,*,#2868,.F.);
#3729=ORIENTED_EDGE('',*,*,#2871,.F.);
#3730=ORIENTED_EDGE('',*,*,#2862,.F.);
#3731=ORIENTED_EDGE('',*,*,#2866,.F.);
#3732=ORIENTED_EDGE('',*,*,#2869,.F.);
#3733=ORIENTED_EDGE('',*,*,#2872,.F.);
#3734=ORIENTED_EDGE('',*,*,#2873,.F.);
#3735=ORIENTED_EDGE('',*,*,#2874,.F.);
#3736=ORIENTED_EDGE('',*,*,#2875,.F.);
#3737=ORIENTED_EDGE('',*,*,#2876,.F.);
#3738=ORIENTED_EDGE('',*,*,#2877,.T.);
#3739=ORIENTED_EDGE('',*,*,#2878,.T.);
#3740=ORIENTED_EDGE('',*,*,#2879,.F.);
#3741=ORIENTED_EDGE('',*,*,#2880,.F.);
#3742=ORIENTED_EDGE('',*,*,#2881,.T.);
#3743=ORIENTED_EDGE('',*,*,#2882,.T.);
#3744=ORIENTED_EDGE('',*,*,#2877,.F.);
#3745=ORIENTED_EDGE('',*,*,#2883,.F.);
#3746=ORIENTED_EDGE('',*,*,#2884,.T.);
#3747=ORIENTED_EDGE('',*,*,#2885,.T.);
#3748=ORIENTED_EDGE('',*,*,#2881,.F.);
#3749=ORIENTED_EDGE('',*,*,#2886,.F.);
#3750=ORIENTED_EDGE('',*,*,#2879,.T.);
#3751=ORIENTED_EDGE('',*,*,#2887,.T.);
#3752=ORIENTED_EDGE('',*,*,#2884,.F.);
#3753=ORIENTED_EDGE('',*,*,#2887,.F.);
#3754=ORIENTED_EDGE('',*,*,#2878,.F.);
#3755=ORIENTED_EDGE('',*,*,#2882,.F.);
#3756=ORIENTED_EDGE('',*,*,#2885,.F.);
#3757=ORIENTED_EDGE('',*,*,#2888,.F.);
#3758=ORIENTED_EDGE('',*,*,#2889,.F.);
#3759=ORIENTED_EDGE('',*,*,#2890,.F.);
#3760=ORIENTED_EDGE('',*,*,#2891,.F.);
#3761=ORIENTED_EDGE('',*,*,#2892,.F.);
#3762=ORIENTED_EDGE('',*,*,#2893,.T.);
#3763=ORIENTED_EDGE('',*,*,#2894,.T.);
#3764=ORIENTED_EDGE('',*,*,#2895,.F.);
#3765=ORIENTED_EDGE('',*,*,#2896,.F.);
#3766=ORIENTED_EDGE('',*,*,#2897,.T.);
#3767=ORIENTED_EDGE('',*,*,#2898,.T.);
#3768=ORIENTED_EDGE('',*,*,#2893,.F.);
#3769=ORIENTED_EDGE('',*,*,#2899,.F.);
#3770=ORIENTED_EDGE('',*,*,#2900,.T.);
#3771=ORIENTED_EDGE('',*,*,#2901,.T.);
#3772=ORIENTED_EDGE('',*,*,#2897,.F.);
#3773=ORIENTED_EDGE('',*,*,#2902,.F.);
#3774=ORIENTED_EDGE('',*,*,#2895,.T.);
#3775=ORIENTED_EDGE('',*,*,#2903,.T.);
#3776=ORIENTED_EDGE('',*,*,#2900,.F.);
#3777=ORIENTED_EDGE('',*,*,#2903,.F.);
#3778=ORIENTED_EDGE('',*,*,#2894,.F.);
#3779=ORIENTED_EDGE('',*,*,#2898,.F.);
#3780=ORIENTED_EDGE('',*,*,#2901,.F.);
#3781=ORIENTED_EDGE('',*,*,#2904,.F.);
#3782=ORIENTED_EDGE('',*,*,#2905,.F.);
#3783=ORIENTED_EDGE('',*,*,#2906,.F.);
#3784=ORIENTED_EDGE('',*,*,#2907,.F.);
#3785=ORIENTED_EDGE('',*,*,#2908,.F.);
#3786=ORIENTED_EDGE('',*,*,#2909,.T.);
#3787=ORIENTED_EDGE('',*,*,#2910,.T.);
#3788=ORIENTED_EDGE('',*,*,#2911,.F.);
#3789=ORIENTED_EDGE('',*,*,#2912,.F.);
#3790=ORIENTED_EDGE('',*,*,#2913,.T.);
#3791=ORIENTED_EDGE('',*,*,#2914,.T.);
#3792=ORIENTED_EDGE('',*,*,#2909,.F.);
#3793=ORIENTED_EDGE('',*,*,#2915,.F.);
#3794=ORIENTED_EDGE('',*,*,#2916,.T.);
#3795=ORIENTED_EDGE('',*,*,#2917,.T.);
#3796=ORIENTED_EDGE('',*,*,#2913,.F.);
#3797=ORIENTED_EDGE('',*,*,#2918,.F.);
#3798=ORIENTED_EDGE('',*,*,#2911,.T.);
#3799=ORIENTED_EDGE('',*,*,#2919,.T.);
#3800=ORIENTED_EDGE('',*,*,#2916,.F.);
#3801=ORIENTED_EDGE('',*,*,#2919,.F.);
#3802=ORIENTED_EDGE('',*,*,#2910,.F.);
#3803=ORIENTED_EDGE('',*,*,#2914,.F.);
#3804=ORIENTED_EDGE('',*,*,#2917,.F.);
#3805=ORIENTED_EDGE('',*,*,#2920,.F.);
#3806=ORIENTED_EDGE('',*,*,#2921,.F.);
#3807=ORIENTED_EDGE('',*,*,#2922,.F.);
#3808=ORIENTED_EDGE('',*,*,#2923,.F.);
#3809=ORIENTED_EDGE('',*,*,#2924,.F.);
#3810=ORIENTED_EDGE('',*,*,#2925,.T.);
#3811=ORIENTED_EDGE('',*,*,#2926,.T.);
#3812=ORIENTED_EDGE('',*,*,#2927,.F.);
#3813=ORIENTED_EDGE('',*,*,#2928,.F.);
#3814=ORIENTED_EDGE('',*,*,#2929,.T.);
#3815=ORIENTED_EDGE('',*,*,#2930,.T.);
#3816=ORIENTED_EDGE('',*,*,#2925,.F.);
#3817=ORIENTED_EDGE('',*,*,#2931,.F.);
#3818=ORIENTED_EDGE('',*,*,#2932,.T.);
#3819=ORIENTED_EDGE('',*,*,#2933,.T.);
#3820=ORIENTED_EDGE('',*,*,#2929,.F.);
#3821=ORIENTED_EDGE('',*,*,#2934,.F.);
#3822=ORIENTED_EDGE('',*,*,#2927,.T.);
#3823=ORIENTED_EDGE('',*,*,#2935,.T.);
#3824=ORIENTED_EDGE('',*,*,#2932,.F.);
#3825=ORIENTED_EDGE('',*,*,#2935,.F.);
#3826=ORIENTED_EDGE('',*,*,#2926,.F.);
#3827=ORIENTED_EDGE('',*,*,#2930,.F.);
#3828=ORIENTED_EDGE('',*,*,#2933,.F.);
#3829=ORIENTED_EDGE('',*,*,#2936,.F.);
#3830=ORIENTED_EDGE('',*,*,#2937,.F.);
#3831=ORIENTED_EDGE('',*,*,#2938,.F.);
#3832=ORIENTED_EDGE('',*,*,#2939,.F.);
#3833=ORIENTED_EDGE('',*,*,#2940,.F.);
#3834=ORIENTED_EDGE('',*,*,#2941,.T.);
#3835=ORIENTED_EDGE('',*,*,#2942,.T.);
#3836=ORIENTED_EDGE('',*,*,#2943,.F.);
#3837=ORIENTED_EDGE('',*,*,#2944,.F.);
#3838=ORIENTED_EDGE('',*,*,#2945,.T.);
#3839=ORIENTED_EDGE('',*,*,#2946,.T.);
#3840=ORIENTED_EDGE('',*,*,#2941,.F.);
#3841=ORIENTED_EDGE('',*,*,#2947,.F.);
#3842=ORIENTED_EDGE('',*,*,#2948,.T.);
#3843=ORIENTED_EDGE('',*,*,#2949,.T.);
#3844=ORIENTED_EDGE('',*,*,#2945,.F.);
#3845=ORIENTED_EDGE('',*,*,#2950,.F.);
#3846=ORIENTED_EDGE('',*,*,#2943,.T.);
#3847=ORIENTED_EDGE('',*,*,#2951,.T.);
#3848=ORIENTED_EDGE('',*,*,#2948,.F.);
#3849=ORIENTED_EDGE('',*,*,#2951,.F.);
#3850=ORIENTED_EDGE('',*,*,#2942,.F.);
#3851=ORIENTED_EDGE('',*,*,#2946,.F.);
#3852=ORIENTED_EDGE('',*,*,#2949,.F.);
#3853=ORIENTED_EDGE('',*,*,#2952,.F.);
#3854=ORIENTED_EDGE('',*,*,#2953,.F.);
#3855=ORIENTED_EDGE('',*,*,#2954,.F.);
#3856=ORIENTED_EDGE('',*,*,#2955,.F.);
#3857=ORIENTED_EDGE('',*,*,#2956,.F.);
#3858=ORIENTED_EDGE('',*,*,#2957,.T.);
#3859=ORIENTED_EDGE('',*,*,#2958,.T.);
#3860=ORIENTED_EDGE('',*,*,#2959,.F.);
#3861=ORIENTED_EDGE('',*,*,#2960,.F.);
#3862=ORIENTED_EDGE('',*,*,#2961,.T.);
#3863=ORIENTED_EDGE('',*,*,#2962,.T.);
#3864=ORIENTED_EDGE('',*,*,#2957,.F.);
#3865=ORIENTED_EDGE('',*,*,#2963,.F.);
#3866=ORIENTED_EDGE('',*,*,#2964,.T.);
#3867=ORIENTED_EDGE('',*,*,#2965,.T.);
#3868=ORIENTED_EDGE('',*,*,#2961,.F.);
#3869=ORIENTED_EDGE('',*,*,#2966,.F.);
#3870=ORIENTED_EDGE('',*,*,#2959,.T.);
#3871=ORIENTED_EDGE('',*,*,#2967,.T.);
#3872=ORIENTED_EDGE('',*,*,#2964,.F.);
#3873=ORIENTED_EDGE('',*,*,#2967,.F.);
#3874=ORIENTED_EDGE('',*,*,#2958,.F.);
#3875=ORIENTED_EDGE('',*,*,#2962,.F.);
#3876=ORIENTED_EDGE('',*,*,#2965,.F.);
#3877=ORIENTED_EDGE('',*,*,#2968,.F.);
#3878=ORIENTED_EDGE('',*,*,#2969,.F.);
#3879=ORIENTED_EDGE('',*,*,#2970,.F.);
#3880=ORIENTED_EDGE('',*,*,#2971,.F.);
#3881=ORIENTED_EDGE('',*,*,#2972,.F.);
#3882=ORIENTED_EDGE('',*,*,#2973,.T.);
#3883=ORIENTED_EDGE('',*,*,#2974,.T.);
#3884=ORIENTED_EDGE('',*,*,#2975,.F.);
#3885=ORIENTED_EDGE('',*,*,#2976,.F.);
#3886=ORIENTED_EDGE('',*,*,#2977,.T.);
#3887=ORIENTED_EDGE('',*,*,#2978,.T.);
#3888=ORIENTED_EDGE('',*,*,#2973,.F.);
#3889=ORIENTED_EDGE('',*,*,#2979,.F.);
#3890=ORIENTED_EDGE('',*,*,#2980,.T.);
#3891=ORIENTED_EDGE('',*,*,#2981,.T.);
#3892=ORIENTED_EDGE('',*,*,#2977,.F.);
#3893=ORIENTED_EDGE('',*,*,#2982,.F.);
#3894=ORIENTED_EDGE('',*,*,#2975,.T.);
#3895=ORIENTED_EDGE('',*,*,#2983,.T.);
#3896=ORIENTED_EDGE('',*,*,#2980,.F.);
#3897=ORIENTED_EDGE('',*,*,#2983,.F.);
#3898=ORIENTED_EDGE('',*,*,#2974,.F.);
#3899=ORIENTED_EDGE('',*,*,#2978,.F.);
#3900=ORIENTED_EDGE('',*,*,#2981,.F.);
#3901=ORIENTED_EDGE('',*,*,#2984,.F.);
#3902=ORIENTED_EDGE('',*,*,#2985,.F.);
#3903=ORIENTED_EDGE('',*,*,#2986,.F.);
#3904=ORIENTED_EDGE('',*,*,#2987,.F.);
#3905=ORIENTED_EDGE('',*,*,#2746,.T.);
#3906=ORIENTED_EDGE('',*,*,#2988,.T.);
#3907=ORIENTED_EDGE('',*,*,#2989,.F.);
#3908=ORIENTED_EDGE('',*,*,#2990,.F.);
#3909=ORIENTED_EDGE('',*,*,#2745,.T.);
#3910=ORIENTED_EDGE('',*,*,#2991,.T.);
#3911=ORIENTED_EDGE('',*,*,#2992,.F.);
#3912=ORIENTED_EDGE('',*,*,#2988,.F.);
#3913=ORIENTED_EDGE('',*,*,#2762,.T.);
#3914=ORIENTED_EDGE('',*,*,#2993,.T.);
#3915=ORIENTED_EDGE('',*,*,#2994,.F.);
#3916=ORIENTED_EDGE('',*,*,#2995,.F.);
#3917=ORIENTED_EDGE('',*,*,#2761,.T.);
#3918=ORIENTED_EDGE('',*,*,#2996,.T.);
#3919=ORIENTED_EDGE('',*,*,#2997,.F.);
#3920=ORIENTED_EDGE('',*,*,#2993,.F.);
#3921=ORIENTED_EDGE('',*,*,#2778,.T.);
#3922=ORIENTED_EDGE('',*,*,#2998,.T.);
#3923=ORIENTED_EDGE('',*,*,#2999,.F.);
#3924=ORIENTED_EDGE('',*,*,#3000,.F.);
#3925=ORIENTED_EDGE('',*,*,#2777,.T.);
#3926=ORIENTED_EDGE('',*,*,#3001,.T.);
#3927=ORIENTED_EDGE('',*,*,#3002,.F.);
#3928=ORIENTED_EDGE('',*,*,#2998,.F.);
#3929=ORIENTED_EDGE('',*,*,#2794,.T.);
#3930=ORIENTED_EDGE('',*,*,#3003,.T.);
#3931=ORIENTED_EDGE('',*,*,#3004,.F.);
#3932=ORIENTED_EDGE('',*,*,#3005,.F.);
#3933=ORIENTED_EDGE('',*,*,#2793,.T.);
#3934=ORIENTED_EDGE('',*,*,#3006,.T.);
#3935=ORIENTED_EDGE('',*,*,#3007,.F.);
#3936=ORIENTED_EDGE('',*,*,#3003,.F.);
#3937=ORIENTED_EDGE('',*,*,#2810,.T.);
#3938=ORIENTED_EDGE('',*,*,#3008,.T.);
#3939=ORIENTED_EDGE('',*,*,#3009,.F.);
#3940=ORIENTED_EDGE('',*,*,#3010,.F.);
#3941=ORIENTED_EDGE('',*,*,#2809,.T.);
#3942=ORIENTED_EDGE('',*,*,#3011,.T.);
#3943=ORIENTED_EDGE('',*,*,#3012,.F.);
#3944=ORIENTED_EDGE('',*,*,#3008,.F.);
#3945=ORIENTED_EDGE('',*,*,#2826,.T.);
#3946=ORIENTED_EDGE('',*,*,#3013,.T.);
#3947=ORIENTED_EDGE('',*,*,#3014,.F.);
#3948=ORIENTED_EDGE('',*,*,#3015,.F.);
#3949=ORIENTED_EDGE('',*,*,#2825,.T.);
#3950=ORIENTED_EDGE('',*,*,#3016,.T.);
#3951=ORIENTED_EDGE('',*,*,#3017,.F.);
#3952=ORIENTED_EDGE('',*,*,#3013,.F.);
#3953=ORIENTED_EDGE('',*,*,#2842,.T.);
#3954=ORIENTED_EDGE('',*,*,#3018,.T.);
#3955=ORIENTED_EDGE('',*,*,#3019,.F.);
#3956=ORIENTED_EDGE('',*,*,#3020,.F.);
#3957=ORIENTED_EDGE('',*,*,#2841,.T.);
#3958=ORIENTED_EDGE('',*,*,#3021,.T.);
#3959=ORIENTED_EDGE('',*,*,#3022,.F.);
#3960=ORIENTED_EDGE('',*,*,#3018,.F.);
#3961=ORIENTED_EDGE('',*,*,#2858,.T.);
#3962=ORIENTED_EDGE('',*,*,#3023,.T.);
#3963=ORIENTED_EDGE('',*,*,#3024,.F.);
#3964=ORIENTED_EDGE('',*,*,#3025,.F.);
#3965=ORIENTED_EDGE('',*,*,#2857,.T.);
#3966=ORIENTED_EDGE('',*,*,#3026,.T.);
#3967=ORIENTED_EDGE('',*,*,#3027,.F.);
#3968=ORIENTED_EDGE('',*,*,#3023,.F.);
#3969=ORIENTED_EDGE('',*,*,#2874,.T.);
#3970=ORIENTED_EDGE('',*,*,#3028,.T.);
#3971=ORIENTED_EDGE('',*,*,#3029,.F.);
#3972=ORIENTED_EDGE('',*,*,#3030,.F.);
#3973=ORIENTED_EDGE('',*,*,#2873,.T.);
#3974=ORIENTED_EDGE('',*,*,#3031,.T.);
#3975=ORIENTED_EDGE('',*,*,#3032,.F.);
#3976=ORIENTED_EDGE('',*,*,#3028,.F.);
#3977=ORIENTED_EDGE('',*,*,#2890,.T.);
#3978=ORIENTED_EDGE('',*,*,#3033,.T.);
#3979=ORIENTED_EDGE('',*,*,#3034,.F.);
#3980=ORIENTED_EDGE('',*,*,#3035,.F.);
#3981=ORIENTED_EDGE('',*,*,#2889,.T.);
#3982=ORIENTED_EDGE('',*,*,#3036,.T.);
#3983=ORIENTED_EDGE('',*,*,#3037,.F.);
#3984=ORIENTED_EDGE('',*,*,#3033,.F.);
#3985=ORIENTED_EDGE('',*,*,#2906,.T.);
#3986=ORIENTED_EDGE('',*,*,#3038,.T.);
#3987=ORIENTED_EDGE('',*,*,#3039,.F.);
#3988=ORIENTED_EDGE('',*,*,#3040,.F.);
#3989=ORIENTED_EDGE('',*,*,#2905,.T.);
#3990=ORIENTED_EDGE('',*,*,#3041,.T.);
#3991=ORIENTED_EDGE('',*,*,#3042,.F.);
#3992=ORIENTED_EDGE('',*,*,#3038,.F.);
#3993=ORIENTED_EDGE('',*,*,#2922,.T.);
#3994=ORIENTED_EDGE('',*,*,#3043,.T.);
#3995=ORIENTED_EDGE('',*,*,#3044,.F.);
#3996=ORIENTED_EDGE('',*,*,#3045,.F.);
#3997=ORIENTED_EDGE('',*,*,#2921,.T.);
#3998=ORIENTED_EDGE('',*,*,#3046,.T.);
#3999=ORIENTED_EDGE('',*,*,#3047,.F.);
#4000=ORIENTED_EDGE('',*,*,#3043,.F.);
#4001=ORIENTED_EDGE('',*,*,#2938,.T.);
#4002=ORIENTED_EDGE('',*,*,#3048,.T.);
#4003=ORIENTED_EDGE('',*,*,#3049,.F.);
#4004=ORIENTED_EDGE('',*,*,#3050,.F.);
#4005=ORIENTED_EDGE('',*,*,#2937,.T.);
#4006=ORIENTED_EDGE('',*,*,#3051,.T.);
#4007=ORIENTED_EDGE('',*,*,#3052,.F.);
#4008=ORIENTED_EDGE('',*,*,#3048,.F.);
#4009=ORIENTED_EDGE('',*,*,#2954,.T.);
#4010=ORIENTED_EDGE('',*,*,#3053,.T.);
#4011=ORIENTED_EDGE('',*,*,#3054,.F.);
#4012=ORIENTED_EDGE('',*,*,#3055,.F.);
#4013=ORIENTED_EDGE('',*,*,#2953,.T.);
#4014=ORIENTED_EDGE('',*,*,#3056,.T.);
#4015=ORIENTED_EDGE('',*,*,#3057,.F.);
#4016=ORIENTED_EDGE('',*,*,#3053,.F.);
#4017=ORIENTED_EDGE('',*,*,#2970,.T.);
#4018=ORIENTED_EDGE('',*,*,#3058,.T.);
#4019=ORIENTED_EDGE('',*,*,#3059,.F.);
#4020=ORIENTED_EDGE('',*,*,#3060,.F.);
#4021=ORIENTED_EDGE('',*,*,#2969,.T.);
#4022=ORIENTED_EDGE('',*,*,#3061,.T.);
#4023=ORIENTED_EDGE('',*,*,#3062,.F.);
#4024=ORIENTED_EDGE('',*,*,#3058,.F.);
#4025=ORIENTED_EDGE('',*,*,#2986,.T.);
#4026=ORIENTED_EDGE('',*,*,#3063,.T.);
#4027=ORIENTED_EDGE('',*,*,#3064,.F.);
#4028=ORIENTED_EDGE('',*,*,#3065,.F.);
#4029=ORIENTED_EDGE('',*,*,#2985,.T.);
#4030=ORIENTED_EDGE('',*,*,#3066,.T.);
#4031=ORIENTED_EDGE('',*,*,#3067,.F.);
#4032=ORIENTED_EDGE('',*,*,#3063,.F.);
#4033=ORIENTED_EDGE('',*,*,#2744,.T.);
#4034=ORIENTED_EDGE('',*,*,#3068,.T.);
#4035=ORIENTED_EDGE('',*,*,#3069,.F.);
#4036=ORIENTED_EDGE('',*,*,#2991,.F.);
#4037=ORIENTED_EDGE('',*,*,#2747,.T.);
#4038=ORIENTED_EDGE('',*,*,#2990,.T.);
#4039=ORIENTED_EDGE('',*,*,#3070,.F.);
#4040=ORIENTED_EDGE('',*,*,#3068,.F.);
#4041=ORIENTED_EDGE('',*,*,#2760,.T.);
#4042=ORIENTED_EDGE('',*,*,#3071,.T.);
#4043=ORIENTED_EDGE('',*,*,#3072,.F.);
#4044=ORIENTED_EDGE('',*,*,#2996,.F.);
#4045=ORIENTED_EDGE('',*,*,#2763,.T.);
#4046=ORIENTED_EDGE('',*,*,#2995,.T.);
#4047=ORIENTED_EDGE('',*,*,#3073,.F.);
#4048=ORIENTED_EDGE('',*,*,#3071,.F.);
#4049=ORIENTED_EDGE('',*,*,#2776,.T.);
#4050=ORIENTED_EDGE('',*,*,#3074,.T.);
#4051=ORIENTED_EDGE('',*,*,#3075,.F.);
#4052=ORIENTED_EDGE('',*,*,#3001,.F.);
#4053=ORIENTED_EDGE('',*,*,#2779,.T.);
#4054=ORIENTED_EDGE('',*,*,#3000,.T.);
#4055=ORIENTED_EDGE('',*,*,#3076,.F.);
#4056=ORIENTED_EDGE('',*,*,#3074,.F.);
#4057=ORIENTED_EDGE('',*,*,#2792,.T.);
#4058=ORIENTED_EDGE('',*,*,#3077,.T.);
#4059=ORIENTED_EDGE('',*,*,#3078,.F.);
#4060=ORIENTED_EDGE('',*,*,#3006,.F.);
#4061=ORIENTED_EDGE('',*,*,#2795,.T.);
#4062=ORIENTED_EDGE('',*,*,#3005,.T.);
#4063=ORIENTED_EDGE('',*,*,#3079,.F.);
#4064=ORIENTED_EDGE('',*,*,#3077,.F.);
#4065=ORIENTED_EDGE('',*,*,#2808,.T.);
#4066=ORIENTED_EDGE('',*,*,#3080,.T.);
#4067=ORIENTED_EDGE('',*,*,#3081,.F.);
#4068=ORIENTED_EDGE('',*,*,#3011,.F.);
#4069=ORIENTED_EDGE('',*,*,#2811,.T.);
#4070=ORIENTED_EDGE('',*,*,#3010,.T.);
#4071=ORIENTED_EDGE('',*,*,#3082,.F.);
#4072=ORIENTED_EDGE('',*,*,#3080,.F.);
#4073=ORIENTED_EDGE('',*,*,#2824,.T.);
#4074=ORIENTED_EDGE('',*,*,#3083,.T.);
#4075=ORIENTED_EDGE('',*,*,#3084,.F.);
#4076=ORIENTED_EDGE('',*,*,#3016,.F.);
#4077=ORIENTED_EDGE('',*,*,#2827,.T.);
#4078=ORIENTED_EDGE('',*,*,#3015,.T.);
#4079=ORIENTED_EDGE('',*,*,#3085,.F.);
#4080=ORIENTED_EDGE('',*,*,#3083,.F.);
#4081=ORIENTED_EDGE('',*,*,#2840,.T.);
#4082=ORIENTED_EDGE('',*,*,#3086,.T.);
#4083=ORIENTED_EDGE('',*,*,#3087,.F.);
#4084=ORIENTED_EDGE('',*,*,#3021,.F.);
#4085=ORIENTED_EDGE('',*,*,#2843,.T.);
#4086=ORIENTED_EDGE('',*,*,#3020,.T.);
#4087=ORIENTED_EDGE('',*,*,#3088,.F.);
#4088=ORIENTED_EDGE('',*,*,#3086,.F.);
#4089=ORIENTED_EDGE('',*,*,#2856,.T.);
#4090=ORIENTED_EDGE('',*,*,#3089,.T.);
#4091=ORIENTED_EDGE('',*,*,#3090,.F.);
#4092=ORIENTED_EDGE('',*,*,#3026,.F.);
#4093=ORIENTED_EDGE('',*,*,#2859,.T.);
#4094=ORIENTED_EDGE('',*,*,#3025,.T.);
#4095=ORIENTED_EDGE('',*,*,#3091,.F.);
#4096=ORIENTED_EDGE('',*,*,#3089,.F.);
#4097=ORIENTED_EDGE('',*,*,#2872,.T.);
#4098=ORIENTED_EDGE('',*,*,#3092,.T.);
#4099=ORIENTED_EDGE('',*,*,#3093,.F.);
#4100=ORIENTED_EDGE('',*,*,#3031,.F.);
#4101=ORIENTED_EDGE('',*,*,#2875,.T.);
#4102=ORIENTED_EDGE('',*,*,#3030,.T.);
#4103=ORIENTED_EDGE('',*,*,#3094,.F.);
#4104=ORIENTED_EDGE('',*,*,#3092,.F.);
#4105=ORIENTED_EDGE('',*,*,#2888,.T.);
#4106=ORIENTED_EDGE('',*,*,#3095,.T.);
#4107=ORIENTED_EDGE('',*,*,#3096,.F.);
#4108=ORIENTED_EDGE('',*,*,#3036,.F.);
#4109=ORIENTED_EDGE('',*,*,#2891,.T.);
#4110=ORIENTED_EDGE('',*,*,#3035,.T.);
#4111=ORIENTED_EDGE('',*,*,#3097,.F.);
#4112=ORIENTED_EDGE('',*,*,#3095,.F.);
#4113=ORIENTED_EDGE('',*,*,#2904,.T.);
#4114=ORIENTED_EDGE('',*,*,#3098,.T.);
#4115=ORIENTED_EDGE('',*,*,#3099,.F.);
#4116=ORIENTED_EDGE('',*,*,#3041,.F.);
#4117=ORIENTED_EDGE('',*,*,#2907,.T.);
#4118=ORIENTED_EDGE('',*,*,#3040,.T.);
#4119=ORIENTED_EDGE('',*,*,#3100,.F.);
#4120=ORIENTED_EDGE('',*,*,#3098,.F.);
#4121=ORIENTED_EDGE('',*,*,#2920,.T.);
#4122=ORIENTED_EDGE('',*,*,#3101,.T.);
#4123=ORIENTED_EDGE('',*,*,#3102,.F.);
#4124=ORIENTED_EDGE('',*,*,#3046,.F.);
#4125=ORIENTED_EDGE('',*,*,#2923,.T.);
#4126=ORIENTED_EDGE('',*,*,#3045,.T.);
#4127=ORIENTED_EDGE('',*,*,#3103,.F.);
#4128=ORIENTED_EDGE('',*,*,#3101,.F.);
#4129=ORIENTED_EDGE('',*,*,#2936,.T.);
#4130=ORIENTED_EDGE('',*,*,#3104,.T.);
#4131=ORIENTED_EDGE('',*,*,#3105,.F.);
#4132=ORIENTED_EDGE('',*,*,#3051,.F.);
#4133=ORIENTED_EDGE('',*,*,#2939,.T.);
#4134=ORIENTED_EDGE('',*,*,#3050,.T.);
#4135=ORIENTED_EDGE('',*,*,#3106,.F.);
#4136=ORIENTED_EDGE('',*,*,#3104,.F.);
#4137=ORIENTED_EDGE('',*,*,#2952,.T.);
#4138=ORIENTED_EDGE('',*,*,#3107,.T.);
#4139=ORIENTED_EDGE('',*,*,#3108,.F.);
#4140=ORIENTED_EDGE('',*,*,#3056,.F.);
#4141=ORIENTED_EDGE('',*,*,#2955,.T.);
#4142=ORIENTED_EDGE('',*,*,#3055,.T.);
#4143=ORIENTED_EDGE('',*,*,#3109,.F.);
#4144=ORIENTED_EDGE('',*,*,#3107,.F.);
#4145=ORIENTED_EDGE('',*,*,#2968,.T.);
#4146=ORIENTED_EDGE('',*,*,#3110,.T.);
#4147=ORIENTED_EDGE('',*,*,#3111,.F.);
#4148=ORIENTED_EDGE('',*,*,#3061,.F.);
#4149=ORIENTED_EDGE('',*,*,#2971,.T.);
#4150=ORIENTED_EDGE('',*,*,#3060,.T.);
#4151=ORIENTED_EDGE('',*,*,#3112,.F.);
#4152=ORIENTED_EDGE('',*,*,#3110,.F.);
#4153=ORIENTED_EDGE('',*,*,#2984,.T.);
#4154=ORIENTED_EDGE('',*,*,#3113,.T.);
#4155=ORIENTED_EDGE('',*,*,#3114,.F.);
#4156=ORIENTED_EDGE('',*,*,#3066,.F.);
#4157=ORIENTED_EDGE('',*,*,#2987,.T.);
#4158=ORIENTED_EDGE('',*,*,#3065,.T.);
#4159=ORIENTED_EDGE('',*,*,#3115,.F.);
#4160=ORIENTED_EDGE('',*,*,#3113,.F.);
#4161=ORIENTED_EDGE('',*,*,#3116,.F.);
#4162=ORIENTED_EDGE('',*,*,#3117,.T.);
#4163=ORIENTED_EDGE('',*,*,#3118,.T.);
#4164=ORIENTED_EDGE('',*,*,#3117,.F.);
#4165=ORIENTED_EDGE('',*,*,#3118,.F.);
#4166=ORIENTED_EDGE('',*,*,#3119,.F.);
#4167=ORIENTED_EDGE('',*,*,#3120,.T.);
#4168=ORIENTED_EDGE('',*,*,#3121,.T.);
#4169=ORIENTED_EDGE('',*,*,#3120,.F.);
#4170=ORIENTED_EDGE('',*,*,#3121,.F.);
#4171=ORIENTED_EDGE('',*,*,#3122,.F.);
#4172=ORIENTED_EDGE('',*,*,#3123,.T.);
#4173=ORIENTED_EDGE('',*,*,#3124,.T.);
#4174=ORIENTED_EDGE('',*,*,#3123,.F.);
#4175=ORIENTED_EDGE('',*,*,#3124,.F.);
#4176=ORIENTED_EDGE('',*,*,#3125,.F.);
#4177=ORIENTED_EDGE('',*,*,#3126,.T.);
#4178=ORIENTED_EDGE('',*,*,#3127,.T.);
#4179=ORIENTED_EDGE('',*,*,#3126,.F.);
#4180=ORIENTED_EDGE('',*,*,#3127,.F.);
#4181=ORIENTED_EDGE('',*,*,#3128,.F.);
#4182=ORIENTED_EDGE('',*,*,#3129,.T.);
#4183=ORIENTED_EDGE('',*,*,#3130,.T.);
#4184=ORIENTED_EDGE('',*,*,#3129,.F.);
#4185=ORIENTED_EDGE('',*,*,#3130,.F.);
#4186=ORIENTED_EDGE('',*,*,#3131,.F.);
#4187=ORIENTED_EDGE('',*,*,#3132,.T.);
#4188=ORIENTED_EDGE('',*,*,#3133,.T.);
#4189=ORIENTED_EDGE('',*,*,#3132,.F.);
#4190=ORIENTED_EDGE('',*,*,#3133,.F.);
#4191=ORIENTED_EDGE('',*,*,#2730,.F.);
#4192=ORIENTED_EDGE('',*,*,#2729,.F.);
#4193=ORIENTED_EDGE('',*,*,#2731,.F.);
#4194=ORIENTED_EDGE('',*,*,#2717,.F.);
#4195=ORIENTED_EDGE('',*,*,#2716,.F.);
#4196=ORIENTED_EDGE('',*,*,#2715,.F.);
#4197=ORIENTED_EDGE('',*,*,#2688,.F.);
#4198=ORIENTED_EDGE('',*,*,#2685,.F.);
#4199=ORIENTED_EDGE('',*,*,#2703,.F.);
#4200=ORIENTED_EDGE('',*,*,#3134,.F.);
#4201=ORIENTED_EDGE('',*,*,#3135,.T.);
#4202=ORIENTED_EDGE('',*,*,#3136,.T.);
#4203=ORIENTED_EDGE('',*,*,#3135,.F.);
#4204=ORIENTED_EDGE('',*,*,#3136,.F.);
#4205=ORIENTED_EDGE('',*,*,#3137,.F.);
#4206=ORIENTED_EDGE('',*,*,#3138,.T.);
#4207=ORIENTED_EDGE('',*,*,#3139,.T.);
#4208=ORIENTED_EDGE('',*,*,#3138,.F.);
#4209=ORIENTED_EDGE('',*,*,#3139,.F.);
#4210=ORIENTED_EDGE('',*,*,#3140,.F.);
#4211=ORIENTED_EDGE('',*,*,#3141,.T.);
#4212=ORIENTED_EDGE('',*,*,#3142,.F.);
#4213=ORIENTED_EDGE('',*,*,#3141,.F.);
#4214=ORIENTED_EDGE('',*,*,#3143,.F.);
#4215=ORIENTED_EDGE('',*,*,#3144,.T.);
#4216=ORIENTED_EDGE('',*,*,#3145,.F.);
#4217=ORIENTED_EDGE('',*,*,#3144,.F.);
#4218=ORIENTED_EDGE('',*,*,#3146,.F.);
#4219=ORIENTED_EDGE('',*,*,#3147,.T.);
#4220=ORIENTED_EDGE('',*,*,#3148,.T.);
#4221=ORIENTED_EDGE('',*,*,#3147,.F.);
#4222=ORIENTED_EDGE('',*,*,#3148,.F.);
#4223=ORIENTED_EDGE('',*,*,#3149,.F.);
#4224=ORIENTED_EDGE('',*,*,#3150,.F.);
#4225=ORIENTED_EDGE('',*,*,#3151,.T.);
#4226=ORIENTED_EDGE('',*,*,#3152,.T.);
#4227=ORIENTED_EDGE('',*,*,#3151,.F.);
#4228=ORIENTED_EDGE('',*,*,#3152,.F.);
#4229=ORIENTED_EDGE('',*,*,#3153,.F.);
#4230=ORIENTED_EDGE('',*,*,#3154,.F.);
#4231=ORIENTED_EDGE('',*,*,#3155,.T.);
#4232=ORIENTED_EDGE('',*,*,#3156,.T.);
#4233=ORIENTED_EDGE('',*,*,#3155,.F.);
#4234=ORIENTED_EDGE('',*,*,#3156,.F.);
#4235=ORIENTED_EDGE('',*,*,#3157,.F.);
#4236=ORIENTED_EDGE('',*,*,#3149,.T.);
#4237=ORIENTED_EDGE('',*,*,#3158,.T.);
#4238=ORIENTED_EDGE('',*,*,#3159,.F.);
#4239=ORIENTED_EDGE('',*,*,#3158,.F.);
#4240=ORIENTED_EDGE('',*,*,#3153,.T.);
#4241=ORIENTED_EDGE('',*,*,#3160,.T.);
#4242=ORIENTED_EDGE('',*,*,#3161,.F.);
#4243=ORIENTED_EDGE('',*,*,#3160,.F.);
#4244=ORIENTED_EDGE('',*,*,#2708,.T.);
#4245=ORIENTED_EDGE('',*,*,#2709,.T.);
#4246=ORIENTED_EDGE('',*,*,#3157,.T.);
#4247=ORIENTED_EDGE('',*,*,#3162,.T.);
#4248=ORIENTED_EDGE('',*,*,#3163,.F.);
#4249=ORIENTED_EDGE('',*,*,#3162,.F.);
#4250=ORIENTED_EDGE('',*,*,#3164,.F.);
#4251=ORIENTED_EDGE('',*,*,#3165,.T.);
#4252=ORIENTED_EDGE('',*,*,#3166,.T.);
#4253=ORIENTED_EDGE('',*,*,#3165,.F.);
#4254=ORIENTED_EDGE('',*,*,#3166,.F.);
#4255=ORIENTED_EDGE('',*,*,#3167,.F.);
#4256=ORIENTED_EDGE('',*,*,#3168,.T.);
#4257=ORIENTED_EDGE('',*,*,#3169,.T.);
#4258=ORIENTED_EDGE('',*,*,#3168,.F.);
#4259=ORIENTED_EDGE('',*,*,#3169,.F.);
#4260=ORIENTED_EDGE('',*,*,#3170,.F.);
#4261=ORIENTED_EDGE('',*,*,#3171,.T.);
#4262=ORIENTED_EDGE('',*,*,#3172,.T.);
#4263=ORIENTED_EDGE('',*,*,#3171,.F.);
#4264=ORIENTED_EDGE('',*,*,#3172,.F.);
#4265=ORIENTED_EDGE('',*,*,#3173,.F.);
#4266=ORIENTED_EDGE('',*,*,#3174,.T.);
#4267=ORIENTED_EDGE('',*,*,#3175,.T.);
#4268=ORIENTED_EDGE('',*,*,#3174,.F.);
#4269=ORIENTED_EDGE('',*,*,#3175,.F.);
#4270=ORIENTED_EDGE('',*,*,#3176,.F.);
#4271=ORIENTED_EDGE('',*,*,#3177,.T.);
#4272=ORIENTED_EDGE('',*,*,#3178,.F.);
#4273=ORIENTED_EDGE('',*,*,#3177,.F.);
#4274=ORIENTED_EDGE('',*,*,#2722,.T.);
#4275=ORIENTED_EDGE('',*,*,#2723,.T.);
#4276=ORIENTED_EDGE('',*,*,#3179,.F.);
#4277=ORIENTED_EDGE('',*,*,#3180,.T.);
#4278=ORIENTED_EDGE('',*,*,#3181,.T.);
#4279=ORIENTED_EDGE('',*,*,#3180,.F.);
#4280=ORIENTED_EDGE('',*,*,#3181,.F.);
#4281=ORIENTED_EDGE('',*,*,#3182,.F.);
#4282=ORIENTED_EDGE('',*,*,#3183,.T.);
#4283=ORIENTED_EDGE('',*,*,#3184,.T.);
#4284=ORIENTED_EDGE('',*,*,#3183,.F.);
#4285=ORIENTED_EDGE('',*,*,#3184,.F.);
#4286=ORIENTED_EDGE('',*,*,#3185,.F.);
#4287=ORIENTED_EDGE('',*,*,#3186,.T.);
#4288=ORIENTED_EDGE('',*,*,#3187,.T.);
#4289=ORIENTED_EDGE('',*,*,#3186,.F.);
#4290=ORIENTED_EDGE('',*,*,#3187,.F.);
#4291=ORIENTED_EDGE('',*,*,#3188,.F.);
#4292=ORIENTED_EDGE('',*,*,#3189,.T.);
#4293=ORIENTED_EDGE('',*,*,#3190,.T.);
#4294=ORIENTED_EDGE('',*,*,#3189,.F.);
#4295=ORIENTED_EDGE('',*,*,#3190,.F.);
#4296=ORIENTED_EDGE('',*,*,#3179,.T.);
#4297=ORIENTED_EDGE('',*,*,#3191,.F.);
#4298=ORIENTED_EDGE('',*,*,#3192,.T.);
#4299=ORIENTED_EDGE('',*,*,#3193,.T.);
#4300=ORIENTED_EDGE('',*,*,#3192,.F.);
#4301=ORIENTED_EDGE('',*,*,#3193,.F.);
#4302=ORIENTED_EDGE('',*,*,#3182,.T.);
#4303=ORIENTED_EDGE('',*,*,#3194,.F.);
#4304=ORIENTED_EDGE('',*,*,#3195,.T.);
#4305=ORIENTED_EDGE('',*,*,#3196,.T.);
#4306=ORIENTED_EDGE('',*,*,#3195,.F.);
#4307=ORIENTED_EDGE('',*,*,#3196,.F.);
#4308=ORIENTED_EDGE('',*,*,#3185,.T.);
#4309=ORIENTED_EDGE('',*,*,#3197,.F.);
#4310=ORIENTED_EDGE('',*,*,#3198,.T.);
#4311=ORIENTED_EDGE('',*,*,#3199,.T.);
#4312=ORIENTED_EDGE('',*,*,#3198,.F.);
#4313=ORIENTED_EDGE('',*,*,#3199,.F.);
#4314=ORIENTED_EDGE('',*,*,#3200,.F.);
#4315=ORIENTED_EDGE('',*,*,#3201,.T.);
#4316=ORIENTED_EDGE('',*,*,#3202,.T.);
#4317=ORIENTED_EDGE('',*,*,#3201,.F.);
#4318=ORIENTED_EDGE('',*,*,#3202,.F.);
#4319=ORIENTED_EDGE('',*,*,#3203,.F.);
#4320=ORIENTED_EDGE('',*,*,#3204,.T.);
#4321=ORIENTED_EDGE('',*,*,#3205,.T.);
#4322=ORIENTED_EDGE('',*,*,#3204,.F.);
#4323=ORIENTED_EDGE('',*,*,#3205,.F.);
#4324=ORIENTED_EDGE('',*,*,#3206,.F.);
#4325=ORIENTED_EDGE('',*,*,#3207,.T.);
#4326=ORIENTED_EDGE('',*,*,#3208,.T.);
#4327=ORIENTED_EDGE('',*,*,#3207,.F.);
#4328=ORIENTED_EDGE('',*,*,#3208,.F.);
#4329=ORIENTED_EDGE('',*,*,#3197,.T.);
#4330=ORIENTED_EDGE('',*,*,#3209,.F.);
#4331=ORIENTED_EDGE('',*,*,#3210,.T.);
#4332=ORIENTED_EDGE('',*,*,#3211,.T.);
#4333=ORIENTED_EDGE('',*,*,#3210,.F.);
#4334=ORIENTED_EDGE('',*,*,#3211,.F.);
#4335=ORIENTED_EDGE('',*,*,#3200,.T.);
#4336=ORIENTED_EDGE('',*,*,#3212,.F.);
#4337=ORIENTED_EDGE('',*,*,#3213,.T.);
#4338=ORIENTED_EDGE('',*,*,#3214,.T.);
#4339=ORIENTED_EDGE('',*,*,#3213,.F.);
#4340=ORIENTED_EDGE('',*,*,#3214,.F.);
#4341=ORIENTED_EDGE('',*,*,#3203,.T.);
#4342=ORIENTED_EDGE('',*,*,#3215,.F.);
#4343=ORIENTED_EDGE('',*,*,#3216,.T.);
#4344=ORIENTED_EDGE('',*,*,#3217,.T.);
#4345=ORIENTED_EDGE('',*,*,#3216,.F.);
#4346=ORIENTED_EDGE('',*,*,#3217,.F.);
#4347=ORIENTED_EDGE('',*,*,#3218,.F.);
#4348=ORIENTED_EDGE('',*,*,#3219,.T.);
#4349=ORIENTED_EDGE('',*,*,#3220,.T.);
#4350=ORIENTED_EDGE('',*,*,#3219,.F.);
#4351=ORIENTED_EDGE('',*,*,#3220,.F.);
#4352=ORIENTED_EDGE('',*,*,#3221,.F.);
#4353=ORIENTED_EDGE('',*,*,#3222,.T.);
#4354=ORIENTED_EDGE('',*,*,#3223,.T.);
#4355=ORIENTED_EDGE('',*,*,#3222,.F.);
#4356=ORIENTED_EDGE('',*,*,#3223,.F.);
#4357=ORIENTED_EDGE('',*,*,#3224,.F.);
#4358=ORIENTED_EDGE('',*,*,#3225,.T.);
#4359=ORIENTED_EDGE('',*,*,#3226,.T.);
#4360=ORIENTED_EDGE('',*,*,#3225,.F.);
#4361=ORIENTED_EDGE('',*,*,#3226,.F.);
#4362=ORIENTED_EDGE('',*,*,#3227,.F.);
#4363=ORIENTED_EDGE('',*,*,#3228,.T.);
#4364=ORIENTED_EDGE('',*,*,#3229,.T.);
#4365=ORIENTED_EDGE('',*,*,#3228,.F.);
#4366=ORIENTED_EDGE('',*,*,#3229,.F.);
#4367=ORIENTED_EDGE('',*,*,#3230,.F.);
#4368=ORIENTED_EDGE('',*,*,#3231,.T.);
#4369=ORIENTED_EDGE('',*,*,#3232,.T.);
#4370=ORIENTED_EDGE('',*,*,#3231,.F.);
#4371=ORIENTED_EDGE('',*,*,#3232,.F.);
#4372=ORIENTED_EDGE('',*,*,#3233,.F.);
#4373=ORIENTED_EDGE('',*,*,#3234,.T.);
#4374=ORIENTED_EDGE('',*,*,#3235,.T.);
#4375=ORIENTED_EDGE('',*,*,#3234,.F.);
#4376=ORIENTED_EDGE('',*,*,#3235,.F.);
#4377=ORIENTED_EDGE('',*,*,#3236,.F.);
#4378=ORIENTED_EDGE('',*,*,#3237,.T.);
#4379=ORIENTED_EDGE('',*,*,#3238,.T.);
#4380=ORIENTED_EDGE('',*,*,#3237,.F.);
#4381=ORIENTED_EDGE('',*,*,#3238,.F.);
#4382=ORIENTED_EDGE('',*,*,#3239,.T.);
#4383=ORIENTED_EDGE('',*,*,#3240,.T.);
#4384=ORIENTED_EDGE('',*,*,#3241,.T.);
#4385=ORIENTED_EDGE('',*,*,#3242,.T.);
#4386=ORIENTED_EDGE('',*,*,#3243,.F.);
#4387=ORIENTED_EDGE('',*,*,#3244,.F.);
#4388=ORIENTED_EDGE('',*,*,#3245,.T.);
#4389=ORIENTED_EDGE('',*,*,#3246,.F.);
#4390=ORIENTED_EDGE('',*,*,#3247,.T.);
#4391=ORIENTED_EDGE('',*,*,#3248,.F.);
#4392=ORIENTED_EDGE('',*,*,#3249,.F.);
#4393=ORIENTED_EDGE('',*,*,#3250,.F.);
#4394=ORIENTED_EDGE('',*,*,#3251,.T.);
#4395=ORIENTED_EDGE('',*,*,#3252,.F.);
#4396=ORIENTED_EDGE('',*,*,#3253,.T.);
#4397=ORIENTED_EDGE('',*,*,#3254,.F.);
#4398=ORIENTED_EDGE('',*,*,#3255,.F.);
#4399=ORIENTED_EDGE('',*,*,#3256,.F.);
#4400=ORIENTED_EDGE('',*,*,#3257,.T.);
#4401=ORIENTED_EDGE('',*,*,#3258,.T.);
#4402=ORIENTED_EDGE('',*,*,#3259,.F.);
#4403=ORIENTED_EDGE('',*,*,#3260,.T.);
#4404=ORIENTED_EDGE('',*,*,#3261,.F.);
#4405=ORIENTED_EDGE('',*,*,#3262,.F.);
#4406=ORIENTED_EDGE('',*,*,#3263,.T.);
#4407=ORIENTED_EDGE('',*,*,#3264,.F.);
#4408=ORIENTED_EDGE('',*,*,#3265,.T.);
#4409=ORIENTED_EDGE('',*,*,#3266,.T.);
#4410=ORIENTED_EDGE('',*,*,#3267,.T.);
#4411=ORIENTED_EDGE('',*,*,#3268,.T.);
#4412=ORIENTED_EDGE('',*,*,#3269,.T.);
#4413=ORIENTED_EDGE('',*,*,#3270,.F.);
#4414=ORIENTED_EDGE('',*,*,#3271,.F.);
#4415=ORIENTED_EDGE('',*,*,#3272,.T.);
#4416=ORIENTED_EDGE('',*,*,#3273,.F.);
#4417=ORIENTED_EDGE('',*,*,#3274,.F.);
#4418=ORIENTED_EDGE('',*,*,#3275,.T.);
#4419=ORIENTED_EDGE('',*,*,#3276,.F.);
#4420=ORIENTED_EDGE('',*,*,#3277,.F.);
#4421=ORIENTED_EDGE('',*,*,#3278,.T.);
#4422=ORIENTED_EDGE('',*,*,#3279,.T.);
#4423=ORIENTED_EDGE('',*,*,#3280,.T.);
#4424=ORIENTED_EDGE('',*,*,#3281,.F.);
#4425=ORIENTED_EDGE('',*,*,#3282,.T.);
#4426=ORIENTED_EDGE('',*,*,#3283,.F.);
#4427=ORIENTED_EDGE('',*,*,#3284,.T.);
#4428=ORIENTED_EDGE('',*,*,#3285,.T.);
#4429=ORIENTED_EDGE('',*,*,#3286,.T.);
#4430=ORIENTED_EDGE('',*,*,#3287,.F.);
#4431=ORIENTED_EDGE('',*,*,#3288,.T.);
#4432=ORIENTED_EDGE('',*,*,#3289,.F.);
#4433=ORIENTED_EDGE('',*,*,#3290,.T.);
#4434=ORIENTED_EDGE('',*,*,#3291,.T.);
#4435=ORIENTED_EDGE('',*,*,#3292,.T.);
#4436=ORIENTED_EDGE('',*,*,#3293,.T.);
#4437=ORIENTED_EDGE('',*,*,#3294,.F.);
#4438=ORIENTED_EDGE('',*,*,#2732,.T.);
#4439=ORIENTED_EDGE('',*,*,#2742,.T.);
#4440=ORIENTED_EDGE('',*,*,#2739,.T.);
#4441=ORIENTED_EDGE('',*,*,#2736,.T.);
#4442=ORIENTED_EDGE('',*,*,#2748,.T.);
#4443=ORIENTED_EDGE('',*,*,#2758,.T.);
#4444=ORIENTED_EDGE('',*,*,#2755,.T.);
#4445=ORIENTED_EDGE('',*,*,#2752,.T.);
#4446=ORIENTED_EDGE('',*,*,#2764,.T.);
#4447=ORIENTED_EDGE('',*,*,#2774,.T.);
#4448=ORIENTED_EDGE('',*,*,#2771,.T.);
#4449=ORIENTED_EDGE('',*,*,#2768,.T.);
#4450=ORIENTED_EDGE('',*,*,#2780,.T.);
#4451=ORIENTED_EDGE('',*,*,#2790,.T.);
#4452=ORIENTED_EDGE('',*,*,#2787,.T.);
#4453=ORIENTED_EDGE('',*,*,#2784,.T.);
#4454=ORIENTED_EDGE('',*,*,#2796,.T.);
#4455=ORIENTED_EDGE('',*,*,#2806,.T.);
#4456=ORIENTED_EDGE('',*,*,#2803,.T.);
#4457=ORIENTED_EDGE('',*,*,#2800,.T.);
#4458=ORIENTED_EDGE('',*,*,#2812,.T.);
#4459=ORIENTED_EDGE('',*,*,#2822,.T.);
#4460=ORIENTED_EDGE('',*,*,#2819,.T.);
#4461=ORIENTED_EDGE('',*,*,#2816,.T.);
#4462=ORIENTED_EDGE('',*,*,#2828,.T.);
#4463=ORIENTED_EDGE('',*,*,#2838,.T.);
#4464=ORIENTED_EDGE('',*,*,#2835,.T.);
#4465=ORIENTED_EDGE('',*,*,#2832,.T.);
#4466=ORIENTED_EDGE('',*,*,#2844,.T.);
#4467=ORIENTED_EDGE('',*,*,#2854,.T.);
#4468=ORIENTED_EDGE('',*,*,#2851,.T.);
#4469=ORIENTED_EDGE('',*,*,#2848,.T.);
#4470=ORIENTED_EDGE('',*,*,#2860,.T.);
#4471=ORIENTED_EDGE('',*,*,#2870,.T.);
#4472=ORIENTED_EDGE('',*,*,#2867,.T.);
#4473=ORIENTED_EDGE('',*,*,#2864,.T.);
#4474=ORIENTED_EDGE('',*,*,#2876,.T.);
#4475=ORIENTED_EDGE('',*,*,#2886,.T.);
#4476=ORIENTED_EDGE('',*,*,#2883,.T.);
#4477=ORIENTED_EDGE('',*,*,#2880,.T.);
#4478=ORIENTED_EDGE('',*,*,#2892,.T.);
#4479=ORIENTED_EDGE('',*,*,#2902,.T.);
#4480=ORIENTED_EDGE('',*,*,#2899,.T.);
#4481=ORIENTED_EDGE('',*,*,#2896,.T.);
#4482=ORIENTED_EDGE('',*,*,#2908,.T.);
#4483=ORIENTED_EDGE('',*,*,#2918,.T.);
#4484=ORIENTED_EDGE('',*,*,#2915,.T.);
#4485=ORIENTED_EDGE('',*,*,#2912,.T.);
#4486=ORIENTED_EDGE('',*,*,#2924,.T.);
#4487=ORIENTED_EDGE('',*,*,#2934,.T.);
#4488=ORIENTED_EDGE('',*,*,#2931,.T.);
#4489=ORIENTED_EDGE('',*,*,#2928,.T.);
#4490=ORIENTED_EDGE('',*,*,#2940,.T.);
#4491=ORIENTED_EDGE('',*,*,#2950,.T.);
#4492=ORIENTED_EDGE('',*,*,#2947,.T.);
#4493=ORIENTED_EDGE('',*,*,#2944,.T.);
#4494=ORIENTED_EDGE('',*,*,#2956,.T.);
#4495=ORIENTED_EDGE('',*,*,#2966,.T.);
#4496=ORIENTED_EDGE('',*,*,#2963,.T.);
#4497=ORIENTED_EDGE('',*,*,#2960,.T.);
#4498=ORIENTED_EDGE('',*,*,#2972,.T.);
#4499=ORIENTED_EDGE('',*,*,#2982,.T.);
#4500=ORIENTED_EDGE('',*,*,#2979,.T.);
#4501=ORIENTED_EDGE('',*,*,#2976,.T.);
#4502=ORIENTED_EDGE('',*,*,#3116,.T.);
#4503=ORIENTED_EDGE('',*,*,#3119,.T.);
#4504=ORIENTED_EDGE('',*,*,#3122,.T.);
#4505=ORIENTED_EDGE('',*,*,#3125,.T.);
#4506=ORIENTED_EDGE('',*,*,#3128,.T.);
#4507=ORIENTED_EDGE('',*,*,#3131,.T.);
#4508=ORIENTED_EDGE('',*,*,#3134,.T.);
#4509=ORIENTED_EDGE('',*,*,#3137,.T.);
#4510=ORIENTED_EDGE('',*,*,#3146,.T.);
#4511=ORIENTED_EDGE('',*,*,#3150,.T.);
#4512=ORIENTED_EDGE('',*,*,#3154,.T.);
#4513=ORIENTED_EDGE('',*,*,#3164,.T.);
#4514=ORIENTED_EDGE('',*,*,#3167,.T.);
#4515=ORIENTED_EDGE('',*,*,#3170,.T.);
#4516=ORIENTED_EDGE('',*,*,#3173,.T.);
#4517=ORIENTED_EDGE('',*,*,#3206,.T.);
#4518=ORIENTED_EDGE('',*,*,#3209,.T.);
#4519=ORIENTED_EDGE('',*,*,#3212,.T.);
#4520=ORIENTED_EDGE('',*,*,#3236,.T.);
#4521=ORIENTED_EDGE('',*,*,#3233,.T.);
#4522=ORIENTED_EDGE('',*,*,#3230,.T.);
#4523=ORIENTED_EDGE('',*,*,#3227,.T.);
#4524=ORIENTED_EDGE('',*,*,#3224,.T.);
#4525=ORIENTED_EDGE('',*,*,#3221,.T.);
#4526=ORIENTED_EDGE('',*,*,#3218,.T.);
#4527=ORIENTED_EDGE('',*,*,#3215,.T.);
#4528=ORIENTED_EDGE('',*,*,#3176,.T.);
#4529=ORIENTED_EDGE('',*,*,#3143,.T.);
#4530=ORIENTED_EDGE('',*,*,#3140,.T.);
#4531=ORIENTED_EDGE('',*,*,#2681,.T.);
#4532=ORIENTED_EDGE('',*,*,#2713,.T.);
#4533=ORIENTED_EDGE('',*,*,#2727,.T.);
#4534=ORIENTED_EDGE('',*,*,#2694,.T.);
#4535=ORIENTED_EDGE('',*,*,#2691,.T.);
#4536=ORIENTED_EDGE('',*,*,#3295,.F.);
#4537=ORIENTED_EDGE('',*,*,#3296,.F.);
#4538=ORIENTED_EDGE('',*,*,#3297,.F.);
#4539=ORIENTED_EDGE('',*,*,#3298,.F.);
#4540=ORIENTED_EDGE('',*,*,#3299,.T.);
#4541=ORIENTED_EDGE('',*,*,#3300,.F.);
#4542=ORIENTED_EDGE('',*,*,#3299,.F.);
#4543=ORIENTED_EDGE('',*,*,#3298,.T.);
#4544=ORIENTED_EDGE('',*,*,#3301,.T.);
#4545=ORIENTED_EDGE('',*,*,#3267,.F.);
#4546=ORIENTED_EDGE('',*,*,#3297,.T.);
#4547=ORIENTED_EDGE('',*,*,#3302,.T.);
#4548=ORIENTED_EDGE('',*,*,#3303,.T.);
#4549=ORIENTED_EDGE('',*,*,#3296,.T.);
#4550=ORIENTED_EDGE('',*,*,#3304,.T.);
#4551=ORIENTED_EDGE('',*,*,#3305,.T.);
#4552=ORIENTED_EDGE('',*,*,#3295,.T.);
#4553=ORIENTED_EDGE('',*,*,#3266,.F.);
#4554=ORIENTED_EDGE('',*,*,#3306,.T.);
#4555=ORIENTED_EDGE('',*,*,#3307,.F.);
#4556=ORIENTED_EDGE('',*,*,#3300,.T.);
#4557=ORIENTED_EDGE('',*,*,#3307,.T.);
#4558=ORIENTED_EDGE('',*,*,#3308,.T.);
#4559=ORIENTED_EDGE('',*,*,#3309,.F.);
#4560=ORIENTED_EDGE('',*,*,#3310,.F.);
#4561=ORIENTED_EDGE('',*,*,#3311,.F.);
#4562=ORIENTED_EDGE('',*,*,#3308,.F.);
#4563=ORIENTED_EDGE('',*,*,#3312,.F.);
#4564=ORIENTED_EDGE('',*,*,#3313,.F.);
#4565=ORIENTED_EDGE('',*,*,#3314,.F.);
#4566=ORIENTED_EDGE('',*,*,#3304,.F.);
#4567=ORIENTED_EDGE('',*,*,#3306,.F.);
#4568=ORIENTED_EDGE('',*,*,#3265,.F.);
#4569=ORIENTED_EDGE('',*,*,#3315,.F.);
#4570=ORIENTED_EDGE('',*,*,#3305,.F.);
#4571=ORIENTED_EDGE('',*,*,#3314,.T.);
#4572=ORIENTED_EDGE('',*,*,#3316,.T.);
#4573=ORIENTED_EDGE('',*,*,#3317,.T.);
#4574=ORIENTED_EDGE('',*,*,#3302,.F.);
#4575=ORIENTED_EDGE('',*,*,#3316,.F.);
#4576=ORIENTED_EDGE('',*,*,#3313,.T.);
#4577=ORIENTED_EDGE('',*,*,#3318,.F.);
#4578=ORIENTED_EDGE('',*,*,#3319,.T.);
#4579=ORIENTED_EDGE('',*,*,#3320,.T.);
#4580=ORIENTED_EDGE('',*,*,#3321,.F.);
#4581=ORIENTED_EDGE('',*,*,#3269,.F.);
#4582=ORIENTED_EDGE('',*,*,#3322,.T.);
#4583=ORIENTED_EDGE('',*,*,#3319,.F.);
#4584=ORIENTED_EDGE('',*,*,#3322,.F.);
#4585=ORIENTED_EDGE('',*,*,#3268,.F.);
#4586=ORIENTED_EDGE('',*,*,#3301,.F.);
#4587=ORIENTED_EDGE('',*,*,#3303,.F.);
#4588=ORIENTED_EDGE('',*,*,#3317,.F.);
#4589=ORIENTED_EDGE('',*,*,#3320,.F.);
#4590=ORIENTED_EDGE('',*,*,#3318,.T.);
#4591=ORIENTED_EDGE('',*,*,#3312,.T.);
#4592=ORIENTED_EDGE('',*,*,#3323,.F.);
#4593=ORIENTED_EDGE('',*,*,#3324,.F.);
#4594=ORIENTED_EDGE('',*,*,#3325,.F.);
#4595=ORIENTED_EDGE('',*,*,#3326,.F.);
#4596=ORIENTED_EDGE('',*,*,#3327,.F.);
#4597=ORIENTED_EDGE('',*,*,#3328,.F.);
#4598=ORIENTED_EDGE('',*,*,#3329,.F.);
#4599=ORIENTED_EDGE('',*,*,#3330,.F.);
#4600=ORIENTED_EDGE('',*,*,#3331,.F.);
#4601=ORIENTED_EDGE('',*,*,#3332,.F.);
#4602=ORIENTED_EDGE('',*,*,#3333,.F.);
#4603=ORIENTED_EDGE('',*,*,#3334,.F.);
#4604=ORIENTED_EDGE('',*,*,#3335,.F.);
#4605=ORIENTED_EDGE('',*,*,#3336,.F.);
#4606=ORIENTED_EDGE('',*,*,#3337,.F.);
#4607=ORIENTED_EDGE('',*,*,#3338,.F.);
#4608=ORIENTED_EDGE('',*,*,#3339,.F.);
#4609=ORIENTED_EDGE('',*,*,#3340,.F.);
#4610=ORIENTED_EDGE('',*,*,#3341,.F.);
#4611=ORIENTED_EDGE('',*,*,#3342,.F.);
#4612=ORIENTED_EDGE('',*,*,#3343,.F.);
#4613=ORIENTED_EDGE('',*,*,#3344,.F.);
#4614=ORIENTED_EDGE('',*,*,#3345,.T.);
#4615=ORIENTED_EDGE('',*,*,#3346,.F.);
#4616=ORIENTED_EDGE('',*,*,#3347,.F.);
#4617=ORIENTED_EDGE('',*,*,#3348,.F.);
#4618=ORIENTED_EDGE('',*,*,#3349,.F.);
#4619=ORIENTED_EDGE('',*,*,#3350,.F.);
#4620=ORIENTED_EDGE('',*,*,#3351,.F.);
#4621=ORIENTED_EDGE('',*,*,#3352,.F.);
#4622=ORIENTED_EDGE('',*,*,#3353,.F.);
#4623=ORIENTED_EDGE('',*,*,#3354,.F.);
#4624=ORIENTED_EDGE('',*,*,#3355,.F.);
#4625=ORIENTED_EDGE('',*,*,#3356,.F.);
#4626=ORIENTED_EDGE('',*,*,#3357,.F.);
#4627=ORIENTED_EDGE('',*,*,#3358,.F.);
#4628=ORIENTED_EDGE('',*,*,#3359,.F.);
#4629=ORIENTED_EDGE('',*,*,#3360,.F.);
#4630=ORIENTED_EDGE('',*,*,#3361,.F.);
#4631=ORIENTED_EDGE('',*,*,#3362,.F.);
#4632=ORIENTED_EDGE('',*,*,#3363,.F.);
#4633=ORIENTED_EDGE('',*,*,#3364,.F.);
#4634=ORIENTED_EDGE('',*,*,#3365,.F.);
#4635=ORIENTED_EDGE('',*,*,#3366,.F.);
#4636=ORIENTED_EDGE('',*,*,#3367,.F.);
#4637=ORIENTED_EDGE('',*,*,#3315,.T.);
#4638=ORIENTED_EDGE('',*,*,#3264,.T.);
#4639=ORIENTED_EDGE('',*,*,#3368,.T.);
#4640=ORIENTED_EDGE('',*,*,#3323,.T.);
#4641=ORIENTED_EDGE('',*,*,#3369,.F.);
#4642=ORIENTED_EDGE('',*,*,#3370,.F.);
#4643=ORIENTED_EDGE('',*,*,#3371,.F.);
#4644=ORIENTED_EDGE('',*,*,#3372,.F.);
#4645=ORIENTED_EDGE('',*,*,#3373,.T.);
#4646=ORIENTED_EDGE('',*,*,#3374,.F.);
#4647=ORIENTED_EDGE('',*,*,#3373,.F.);
#4648=ORIENTED_EDGE('',*,*,#3375,.F.);
#4649=ORIENTED_EDGE('',*,*,#3374,.T.);
#4650=ORIENTED_EDGE('',*,*,#3372,.T.);
#4651=ORIENTED_EDGE('',*,*,#3376,.T.);
#4652=ORIENTED_EDGE('',*,*,#3239,.F.);
#4653=ORIENTED_EDGE('',*,*,#3371,.T.);
#4654=ORIENTED_EDGE('',*,*,#3377,.T.);
#4655=ORIENTED_EDGE('',*,*,#3378,.T.);
#4656=ORIENTED_EDGE('',*,*,#3370,.T.);
#4657=ORIENTED_EDGE('',*,*,#3379,.T.);
#4658=ORIENTED_EDGE('',*,*,#3380,.T.);
#4659=ORIENTED_EDGE('',*,*,#3369,.T.);
#4660=ORIENTED_EDGE('',*,*,#3293,.F.);
#4661=ORIENTED_EDGE('',*,*,#3381,.T.);
#4662=ORIENTED_EDGE('',*,*,#3375,.T.);
#4663=ORIENTED_EDGE('',*,*,#3382,.T.);
#4664=ORIENTED_EDGE('',*,*,#3383,.F.);
#4665=ORIENTED_EDGE('',*,*,#3384,.F.);
#4666=ORIENTED_EDGE('',*,*,#3385,.F.);
#4667=ORIENTED_EDGE('',*,*,#3382,.F.);
#4668=ORIENTED_EDGE('',*,*,#3386,.F.);
#4669=ORIENTED_EDGE('',*,*,#3387,.T.);
#4670=ORIENTED_EDGE('',*,*,#3294,.T.);
#4671=ORIENTED_EDGE('',*,*,#3387,.F.);
#4672=ORIENTED_EDGE('',*,*,#2699,.T.);
#4673=ORIENTED_EDGE('',*,*,#2700,.T.);
#4674=ORIENTED_EDGE('',*,*,#3384,.T.);
#4675=ORIENTED_EDGE('',*,*,#3383,.T.);
#4676=ORIENTED_EDGE('',*,*,#3385,.T.);
#4677=ORIENTED_EDGE('',*,*,#3309,.T.);
#4678=ORIENTED_EDGE('',*,*,#3311,.T.);
#4679=ORIENTED_EDGE('',*,*,#3310,.T.);
#4680=ORIENTED_EDGE('',*,*,#3388,.F.);
#4681=ORIENTED_EDGE('',*,*,#3242,.F.);
#4682=ORIENTED_EDGE('',*,*,#3389,.F.);
#4683=ORIENTED_EDGE('',*,*,#3390,.F.);
#4684=ORIENTED_EDGE('',*,*,#3391,.F.);
#4685=ORIENTED_EDGE('',*,*,#3379,.F.);
#4686=ORIENTED_EDGE('',*,*,#3381,.F.);
#4687=ORIENTED_EDGE('',*,*,#3292,.F.);
#4688=ORIENTED_EDGE('',*,*,#3392,.F.);
#4689=ORIENTED_EDGE('',*,*,#3345,.F.);
#4690=ORIENTED_EDGE('',*,*,#3380,.F.);
#4691=ORIENTED_EDGE('',*,*,#3391,.T.);
#4692=ORIENTED_EDGE('',*,*,#3393,.T.);
#4693=ORIENTED_EDGE('',*,*,#3394,.T.);
#4694=ORIENTED_EDGE('',*,*,#3377,.F.);
#4695=ORIENTED_EDGE('',*,*,#3393,.F.);
#4696=ORIENTED_EDGE('',*,*,#3390,.T.);
#4697=ORIENTED_EDGE('',*,*,#3395,.T.);
#4698=ORIENTED_EDGE('',*,*,#3396,.T.);
#4699=ORIENTED_EDGE('',*,*,#3395,.F.);
#4700=ORIENTED_EDGE('',*,*,#3389,.T.);
#4701=ORIENTED_EDGE('',*,*,#3241,.F.);
#4702=ORIENTED_EDGE('',*,*,#3397,.T.);
#4703=ORIENTED_EDGE('',*,*,#3397,.F.);
#4704=ORIENTED_EDGE('',*,*,#3240,.F.);
#4705=ORIENTED_EDGE('',*,*,#3376,.F.);
#4706=ORIENTED_EDGE('',*,*,#3378,.F.);
#4707=ORIENTED_EDGE('',*,*,#3394,.F.);
#4708=ORIENTED_EDGE('',*,*,#3396,.F.);
#4709=ORIENTED_EDGE('',*,*,#3392,.T.);
#4710=ORIENTED_EDGE('',*,*,#3291,.F.);
#4711=ORIENTED_EDGE('',*,*,#3398,.T.);
#4712=ORIENTED_EDGE('',*,*,#3346,.T.);
#4713=ORIENTED_EDGE('',*,*,#3386,.T.);
#4714=ORIENTED_EDGE('',*,*,#3142,.T.);
#4715=ORIENTED_EDGE('',*,*,#3145,.T.);
#4716=ORIENTED_EDGE('',*,*,#3194,.T.);
#4717=ORIENTED_EDGE('',*,*,#3191,.T.);
#4718=ORIENTED_EDGE('',*,*,#3188,.T.);
#4719=ORIENTED_EDGE('',*,*,#3178,.T.);
#4720=ORIENTED_EDGE('',*,*,#3163,.T.);
#4721=ORIENTED_EDGE('',*,*,#3161,.T.);
#4722=ORIENTED_EDGE('',*,*,#3159,.T.);
#4723=ORIENTED_EDGE('',*,*,#3114,.T.);
#4724=ORIENTED_EDGE('',*,*,#3115,.T.);
#4725=ORIENTED_EDGE('',*,*,#3064,.T.);
#4726=ORIENTED_EDGE('',*,*,#3067,.T.);
#4727=ORIENTED_EDGE('',*,*,#3111,.T.);
#4728=ORIENTED_EDGE('',*,*,#3112,.T.);
#4729=ORIENTED_EDGE('',*,*,#3059,.T.);
#4730=ORIENTED_EDGE('',*,*,#3062,.T.);
#4731=ORIENTED_EDGE('',*,*,#3108,.T.);
#4732=ORIENTED_EDGE('',*,*,#3109,.T.);
#4733=ORIENTED_EDGE('',*,*,#3054,.T.);
#4734=ORIENTED_EDGE('',*,*,#3057,.T.);
#4735=ORIENTED_EDGE('',*,*,#3105,.T.);
#4736=ORIENTED_EDGE('',*,*,#3106,.T.);
#4737=ORIENTED_EDGE('',*,*,#3049,.T.);
#4738=ORIENTED_EDGE('',*,*,#3052,.T.);
#4739=ORIENTED_EDGE('',*,*,#3102,.T.);
#4740=ORIENTED_EDGE('',*,*,#3103,.T.);
#4741=ORIENTED_EDGE('',*,*,#3044,.T.);
#4742=ORIENTED_EDGE('',*,*,#3047,.T.);
#4743=ORIENTED_EDGE('',*,*,#3099,.T.);
#4744=ORIENTED_EDGE('',*,*,#3100,.T.);
#4745=ORIENTED_EDGE('',*,*,#3039,.T.);
#4746=ORIENTED_EDGE('',*,*,#3042,.T.);
#4747=ORIENTED_EDGE('',*,*,#3096,.T.);
#4748=ORIENTED_EDGE('',*,*,#3097,.T.);
#4749=ORIENTED_EDGE('',*,*,#3034,.T.);
#4750=ORIENTED_EDGE('',*,*,#3037,.T.);
#4751=ORIENTED_EDGE('',*,*,#3093,.T.);
#4752=ORIENTED_EDGE('',*,*,#3094,.T.);
#4753=ORIENTED_EDGE('',*,*,#3029,.T.);
#4754=ORIENTED_EDGE('',*,*,#3032,.T.);
#4755=ORIENTED_EDGE('',*,*,#3090,.T.);
#4756=ORIENTED_EDGE('',*,*,#3091,.T.);
#4757=ORIENTED_EDGE('',*,*,#3024,.T.);
#4758=ORIENTED_EDGE('',*,*,#3027,.T.);
#4759=ORIENTED_EDGE('',*,*,#3087,.T.);
#4760=ORIENTED_EDGE('',*,*,#3088,.T.);
#4761=ORIENTED_EDGE('',*,*,#3019,.T.);
#4762=ORIENTED_EDGE('',*,*,#3022,.T.);
#4763=ORIENTED_EDGE('',*,*,#3084,.T.);
#4764=ORIENTED_EDGE('',*,*,#3085,.T.);
#4765=ORIENTED_EDGE('',*,*,#3014,.T.);
#4766=ORIENTED_EDGE('',*,*,#3017,.T.);
#4767=ORIENTED_EDGE('',*,*,#3081,.T.);
#4768=ORIENTED_EDGE('',*,*,#3082,.T.);
#4769=ORIENTED_EDGE('',*,*,#3009,.T.);
#4770=ORIENTED_EDGE('',*,*,#3012,.T.);
#4771=ORIENTED_EDGE('',*,*,#3078,.T.);
#4772=ORIENTED_EDGE('',*,*,#3079,.T.);
#4773=ORIENTED_EDGE('',*,*,#3004,.T.);
#4774=ORIENTED_EDGE('',*,*,#3007,.T.);
#4775=ORIENTED_EDGE('',*,*,#3075,.T.);
#4776=ORIENTED_EDGE('',*,*,#3076,.T.);
#4777=ORIENTED_EDGE('',*,*,#2999,.T.);
#4778=ORIENTED_EDGE('',*,*,#3002,.T.);
#4779=ORIENTED_EDGE('',*,*,#3072,.T.);
#4780=ORIENTED_EDGE('',*,*,#3073,.T.);
#4781=ORIENTED_EDGE('',*,*,#2994,.T.);
#4782=ORIENTED_EDGE('',*,*,#2997,.T.);
#4783=ORIENTED_EDGE('',*,*,#3069,.T.);
#4784=ORIENTED_EDGE('',*,*,#3070,.T.);
#4785=ORIENTED_EDGE('',*,*,#2989,.T.);
#4786=ORIENTED_EDGE('',*,*,#2992,.T.);
#4787=ORIENTED_EDGE('',*,*,#3289,.T.);
#4788=ORIENTED_EDGE('',*,*,#3399,.T.);
#4789=ORIENTED_EDGE('',*,*,#3348,.T.);
#4790=ORIENTED_EDGE('',*,*,#3400,.F.);
#4791=ORIENTED_EDGE('',*,*,#3288,.F.);
#4792=ORIENTED_EDGE('',*,*,#3401,.T.);
#4793=ORIENTED_EDGE('',*,*,#3349,.T.);
#4794=ORIENTED_EDGE('',*,*,#3399,.F.);
#4795=ORIENTED_EDGE('',*,*,#3287,.T.);
#4796=ORIENTED_EDGE('',*,*,#3402,.T.);
#4797=ORIENTED_EDGE('',*,*,#3350,.T.);
#4798=ORIENTED_EDGE('',*,*,#3401,.F.);
#4799=ORIENTED_EDGE('',*,*,#3286,.F.);
#4800=ORIENTED_EDGE('',*,*,#3403,.T.);
#4801=ORIENTED_EDGE('',*,*,#3351,.T.);
#4802=ORIENTED_EDGE('',*,*,#3402,.F.);
#4803=ORIENTED_EDGE('',*,*,#3285,.F.);
#4804=ORIENTED_EDGE('',*,*,#3404,.T.);
#4805=ORIENTED_EDGE('',*,*,#3352,.T.);
#4806=ORIENTED_EDGE('',*,*,#3403,.F.);
#4807=ORIENTED_EDGE('',*,*,#3284,.F.);
#4808=ORIENTED_EDGE('',*,*,#3405,.T.);
#4809=ORIENTED_EDGE('',*,*,#3353,.T.);
#4810=ORIENTED_EDGE('',*,*,#3404,.F.);
#4811=ORIENTED_EDGE('',*,*,#3283,.T.);
#4812=ORIENTED_EDGE('',*,*,#3406,.T.);
#4813=ORIENTED_EDGE('',*,*,#3354,.T.);
#4814=ORIENTED_EDGE('',*,*,#3405,.F.);
#4815=ORIENTED_EDGE('',*,*,#3282,.F.);
#4816=ORIENTED_EDGE('',*,*,#3407,.T.);
#4817=ORIENTED_EDGE('',*,*,#3355,.T.);
#4818=ORIENTED_EDGE('',*,*,#3406,.F.);
#4819=ORIENTED_EDGE('',*,*,#3281,.T.);
#4820=ORIENTED_EDGE('',*,*,#3408,.T.);
#4821=ORIENTED_EDGE('',*,*,#3356,.T.);
#4822=ORIENTED_EDGE('',*,*,#3407,.F.);
#4823=ORIENTED_EDGE('',*,*,#3280,.F.);
#4824=ORIENTED_EDGE('',*,*,#3409,.T.);
#4825=ORIENTED_EDGE('',*,*,#3357,.T.);
#4826=ORIENTED_EDGE('',*,*,#3408,.F.);
#4827=ORIENTED_EDGE('',*,*,#3279,.F.);
#4828=ORIENTED_EDGE('',*,*,#3410,.T.);
#4829=ORIENTED_EDGE('',*,*,#3358,.T.);
#4830=ORIENTED_EDGE('',*,*,#3409,.F.);
#4831=ORIENTED_EDGE('',*,*,#3278,.F.);
#4832=ORIENTED_EDGE('',*,*,#3411,.T.);
#4833=ORIENTED_EDGE('',*,*,#3359,.T.);
#4834=ORIENTED_EDGE('',*,*,#3410,.F.);
#4835=ORIENTED_EDGE('',*,*,#3277,.T.);
#4836=ORIENTED_EDGE('',*,*,#3412,.T.);
#4837=ORIENTED_EDGE('',*,*,#3360,.T.);
#4838=ORIENTED_EDGE('',*,*,#3411,.F.);
#4839=ORIENTED_EDGE('',*,*,#3276,.T.);
#4840=ORIENTED_EDGE('',*,*,#3413,.T.);
#4841=ORIENTED_EDGE('',*,*,#3361,.T.);
#4842=ORIENTED_EDGE('',*,*,#3412,.F.);
#4843=ORIENTED_EDGE('',*,*,#3275,.F.);
#4844=ORIENTED_EDGE('',*,*,#3414,.T.);
#4845=ORIENTED_EDGE('',*,*,#3362,.T.);
#4846=ORIENTED_EDGE('',*,*,#3413,.F.);
#4847=ORIENTED_EDGE('',*,*,#3274,.T.);
#4848=ORIENTED_EDGE('',*,*,#3415,.T.);
#4849=ORIENTED_EDGE('',*,*,#3363,.T.);
#4850=ORIENTED_EDGE('',*,*,#3414,.F.);
#4851=ORIENTED_EDGE('',*,*,#3273,.T.);
#4852=ORIENTED_EDGE('',*,*,#3416,.T.);
#4853=ORIENTED_EDGE('',*,*,#3364,.T.);
#4854=ORIENTED_EDGE('',*,*,#3415,.F.);
#4855=ORIENTED_EDGE('',*,*,#3272,.F.);
#4856=ORIENTED_EDGE('',*,*,#3417,.T.);
#4857=ORIENTED_EDGE('',*,*,#3365,.T.);
#4858=ORIENTED_EDGE('',*,*,#3416,.F.);
#4859=ORIENTED_EDGE('',*,*,#3271,.T.);
#4860=ORIENTED_EDGE('',*,*,#3418,.T.);
#4861=ORIENTED_EDGE('',*,*,#3366,.T.);
#4862=ORIENTED_EDGE('',*,*,#3417,.F.);
#4863=ORIENTED_EDGE('',*,*,#3321,.T.);
#4864=ORIENTED_EDGE('',*,*,#3367,.T.);
#4865=ORIENTED_EDGE('',*,*,#3418,.F.);
#4866=ORIENTED_EDGE('',*,*,#3270,.T.);
#4867=ORIENTED_EDGE('',*,*,#3263,.F.);
#4868=ORIENTED_EDGE('',*,*,#3419,.T.);
#4869=ORIENTED_EDGE('',*,*,#3324,.T.);
#4870=ORIENTED_EDGE('',*,*,#3368,.F.);
#4871=ORIENTED_EDGE('',*,*,#3262,.T.);
#4872=ORIENTED_EDGE('',*,*,#3420,.T.);
#4873=ORIENTED_EDGE('',*,*,#3325,.T.);
#4874=ORIENTED_EDGE('',*,*,#3419,.F.);
#4875=ORIENTED_EDGE('',*,*,#3261,.T.);
#4876=ORIENTED_EDGE('',*,*,#3421,.T.);
#4877=ORIENTED_EDGE('',*,*,#3326,.T.);
#4878=ORIENTED_EDGE('',*,*,#3420,.F.);
#4879=ORIENTED_EDGE('',*,*,#3260,.F.);
#4880=ORIENTED_EDGE('',*,*,#3422,.T.);
#4881=ORIENTED_EDGE('',*,*,#3327,.T.);
#4882=ORIENTED_EDGE('',*,*,#3421,.F.);
#4883=ORIENTED_EDGE('',*,*,#3259,.T.);
#4884=ORIENTED_EDGE('',*,*,#3423,.T.);
#4885=ORIENTED_EDGE('',*,*,#3328,.T.);
#4886=ORIENTED_EDGE('',*,*,#3422,.F.);
#4887=ORIENTED_EDGE('',*,*,#3258,.F.);
#4888=ORIENTED_EDGE('',*,*,#3424,.T.);
#4889=ORIENTED_EDGE('',*,*,#3329,.T.);
#4890=ORIENTED_EDGE('',*,*,#3423,.F.);
#4891=ORIENTED_EDGE('',*,*,#3257,.F.);
#4892=ORIENTED_EDGE('',*,*,#3425,.T.);
#4893=ORIENTED_EDGE('',*,*,#3330,.T.);
#4894=ORIENTED_EDGE('',*,*,#3424,.F.);
#4895=ORIENTED_EDGE('',*,*,#3256,.T.);
#4896=ORIENTED_EDGE('',*,*,#3426,.T.);
#4897=ORIENTED_EDGE('',*,*,#3331,.T.);
#4898=ORIENTED_EDGE('',*,*,#3425,.F.);
#4899=ORIENTED_EDGE('',*,*,#3255,.T.);
#4900=ORIENTED_EDGE('',*,*,#3427,.T.);
#4901=ORIENTED_EDGE('',*,*,#3332,.T.);
#4902=ORIENTED_EDGE('',*,*,#3426,.F.);
#4903=ORIENTED_EDGE('',*,*,#3254,.T.);
#4904=ORIENTED_EDGE('',*,*,#3428,.T.);
#4905=ORIENTED_EDGE('',*,*,#3333,.T.);
#4906=ORIENTED_EDGE('',*,*,#3427,.F.);
#4907=ORIENTED_EDGE('',*,*,#3253,.F.);
#4908=ORIENTED_EDGE('',*,*,#3429,.T.);
#4909=ORIENTED_EDGE('',*,*,#3334,.T.);
#4910=ORIENTED_EDGE('',*,*,#3428,.F.);
#4911=ORIENTED_EDGE('',*,*,#3252,.T.);
#4912=ORIENTED_EDGE('',*,*,#3430,.T.);
#4913=ORIENTED_EDGE('',*,*,#3335,.T.);
#4914=ORIENTED_EDGE('',*,*,#3429,.F.);
#4915=ORIENTED_EDGE('',*,*,#3251,.F.);
#4916=ORIENTED_EDGE('',*,*,#3431,.T.);
#4917=ORIENTED_EDGE('',*,*,#3336,.T.);
#4918=ORIENTED_EDGE('',*,*,#3430,.F.);
#4919=ORIENTED_EDGE('',*,*,#3250,.T.);
#4920=ORIENTED_EDGE('',*,*,#3432,.T.);
#4921=ORIENTED_EDGE('',*,*,#3337,.T.);
#4922=ORIENTED_EDGE('',*,*,#3431,.F.);
#4923=ORIENTED_EDGE('',*,*,#3249,.T.);
#4924=ORIENTED_EDGE('',*,*,#3433,.T.);
#4925=ORIENTED_EDGE('',*,*,#3338,.T.);
#4926=ORIENTED_EDGE('',*,*,#3432,.F.);
#4927=ORIENTED_EDGE('',*,*,#3248,.T.);
#4928=ORIENTED_EDGE('',*,*,#3434,.T.);
#4929=ORIENTED_EDGE('',*,*,#3339,.T.);
#4930=ORIENTED_EDGE('',*,*,#3433,.F.);
#4931=ORIENTED_EDGE('',*,*,#3247,.F.);
#4932=ORIENTED_EDGE('',*,*,#3435,.T.);
#4933=ORIENTED_EDGE('',*,*,#3340,.T.);
#4934=ORIENTED_EDGE('',*,*,#3434,.F.);
#4935=ORIENTED_EDGE('',*,*,#3246,.T.);
#4936=ORIENTED_EDGE('',*,*,#3436,.T.);
#4937=ORIENTED_EDGE('',*,*,#3341,.T.);
#4938=ORIENTED_EDGE('',*,*,#3435,.F.);
#4939=ORIENTED_EDGE('',*,*,#3245,.F.);
#4940=ORIENTED_EDGE('',*,*,#3437,.T.);
#4941=ORIENTED_EDGE('',*,*,#3342,.T.);
#4942=ORIENTED_EDGE('',*,*,#3436,.F.);
#4943=ORIENTED_EDGE('',*,*,#3244,.T.);
#4944=ORIENTED_EDGE('',*,*,#3438,.T.);
#4945=ORIENTED_EDGE('',*,*,#3343,.T.);
#4946=ORIENTED_EDGE('',*,*,#3437,.F.);
#4947=ORIENTED_EDGE('',*,*,#3388,.T.);
#4948=ORIENTED_EDGE('',*,*,#3344,.T.);
#4949=ORIENTED_EDGE('',*,*,#3438,.F.);
#4950=ORIENTED_EDGE('',*,*,#3243,.T.);
#4951=ORIENTED_EDGE('',*,*,#3290,.F.);
#4952=ORIENTED_EDGE('',*,*,#3400,.T.);
#4953=ORIENTED_EDGE('',*,*,#3347,.T.);
#4954=ORIENTED_EDGE('',*,*,#3398,.F.);
#4955=CYLINDRICAL_SURFACE('',#5442,0.0850000000000009);
#4956=CYLINDRICAL_SURFACE('',#5446,0.3);
#4957=CYLINDRICAL_SURFACE('',#5450,0.3);
#4958=CYLINDRICAL_SURFACE('',#5454,0.075);
#4959=CYLINDRICAL_SURFACE('',#5457,0.075);
#4960=CYLINDRICAL_SURFACE('',#5458,0.0850000000000009);
#4961=CYLINDRICAL_SURFACE('',#5460,0.075);
#4962=CYLINDRICAL_SURFACE('',#5462,0.075);
#4963=CYLINDRICAL_SURFACE('',#5464,0.0850000000000009);
#4964=CYLINDRICAL_SURFACE('',#5469,0.075);
#4965=CYLINDRICAL_SURFACE('',#5471,0.075);
#4966=CYLINDRICAL_SURFACE('',#5473,0.085);
#4967=CYLINDRICAL_SURFACE('',#5479,0.549999958064889);
#4968=CYLINDRICAL_SURFACE('',#5483,0.550000028775572);
#4969=CYLINDRICAL_SURFACE('',#5490,0.549999958064889);
#4970=CYLINDRICAL_SURFACE('',#5494,0.550000028775572);
#4971=CYLINDRICAL_SURFACE('',#5501,0.550000024178182);
#4972=CYLINDRICAL_SURFACE('',#5505,0.550000024178183);
#4973=CYLINDRICAL_SURFACE('',#5512,0.550000024178182);
#4974=CYLINDRICAL_SURFACE('',#5516,0.550000024178181);
#4975=CYLINDRICAL_SURFACE('',#5523,0.550000024178182);
#4976=CYLINDRICAL_SURFACE('',#5527,0.550000024178183);
#4977=CYLINDRICAL_SURFACE('',#5534,0.550000024178182);
#4978=CYLINDRICAL_SURFACE('',#5538,0.550000024178181);
#4979=CYLINDRICAL_SURFACE('',#5545,0.55);
#4980=CYLINDRICAL_SURFACE('',#5549,0.55);
#4981=CYLINDRICAL_SURFACE('',#5556,0.550000024178182);
#4982=CYLINDRICAL_SURFACE('',#5560,0.550000024178183);
#4983=CYLINDRICAL_SURFACE('',#5567,0.550000024178182);
#4984=CYLINDRICAL_SURFACE('',#5571,0.550000024178181);
#4985=CYLINDRICAL_SURFACE('',#5578,0.550000024178182);
#4986=CYLINDRICAL_SURFACE('',#5582,0.550000024178183);
#4987=CYLINDRICAL_SURFACE('',#5589,0.55);
#4988=CYLINDRICAL_SURFACE('',#5593,0.55);
#4989=CYLINDRICAL_SURFACE('',#5600,0.55);
#4990=CYLINDRICAL_SURFACE('',#5604,0.55);
#4991=CYLINDRICAL_SURFACE('',#5611,0.55);
#4992=CYLINDRICAL_SURFACE('',#5615,0.55);
#4993=CYLINDRICAL_SURFACE('',#5622,0.550000024178182);
#4994=CYLINDRICAL_SURFACE('',#5626,0.550000024178181);
#4995=CYLINDRICAL_SURFACE('',#5633,0.549999958064889);
#4996=CYLINDRICAL_SURFACE('',#5637,0.550000028775572);
#4997=CYLINDRICAL_SURFACE('',#5644,0.549999958064889);
#4998=CYLINDRICAL_SURFACE('',#5648,0.550000028775572);
#4999=CYLINDRICAL_SURFACE('',#5655,0.274999979032454);
#5000=CYLINDRICAL_SURFACE('',#5658,0.274999979032454);
#5001=CYLINDRICAL_SURFACE('',#5661,0.27500001208909);
#5002=CYLINDRICAL_SURFACE('',#5664,0.27500001208909);
#5003=CYLINDRICAL_SURFACE('',#5667,0.27500001208909);
#5004=CYLINDRICAL_SURFACE('',#5670,0.27500001208909);
#5005=CYLINDRICAL_SURFACE('',#5673,0.275);
#5006=CYLINDRICAL_SURFACE('',#5676,0.27500001208909);
#5007=CYLINDRICAL_SURFACE('',#5679,0.27500001208909);
#5008=CYLINDRICAL_SURFACE('',#5682,0.27500001208909);
#5009=CYLINDRICAL_SURFACE('',#5685,0.275);
#5010=CYLINDRICAL_SURFACE('',#5688,0.275);
#5011=CYLINDRICAL_SURFACE('',#5691,0.275);
#5012=CYLINDRICAL_SURFACE('',#5694,0.27500001208909);
#5013=CYLINDRICAL_SURFACE('',#5697,0.274999979032454);
#5014=CYLINDRICAL_SURFACE('',#5700,0.274999979032454);
#5015=CYLINDRICAL_SURFACE('',#5703,0.275000049743123);
#5016=CYLINDRICAL_SURFACE('',#5706,0.275000049743123);
#5017=CYLINDRICAL_SURFACE('',#5709,0.275000012089091);
#5018=CYLINDRICAL_SURFACE('',#5712,0.27500001208909);
#5019=CYLINDRICAL_SURFACE('',#5715,0.275000012089091);
#5020=CYLINDRICAL_SURFACE('',#5718,0.27500001208909);
#5021=CYLINDRICAL_SURFACE('',#5721,0.275);
#5022=CYLINDRICAL_SURFACE('',#5724,0.275000012089091);
#5023=CYLINDRICAL_SURFACE('',#5727,0.27500001208909);
#5024=CYLINDRICAL_SURFACE('',#5730,0.275000012089091);
#5025=CYLINDRICAL_SURFACE('',#5733,0.275);
#5026=CYLINDRICAL_SURFACE('',#5736,0.275);
#5027=CYLINDRICAL_SURFACE('',#5739,0.275);
#5028=CYLINDRICAL_SURFACE('',#5742,0.27500001208909);
#5029=CYLINDRICAL_SURFACE('',#5745,0.275000049743123);
#5030=CYLINDRICAL_SURFACE('',#5748,0.275000049743123);
#5031=CYLINDRICAL_SURFACE('',#5750,0.199999999999999);
#5032=CYLINDRICAL_SURFACE('',#5754,0.2);
#5033=CYLINDRICAL_SURFACE('',#5758,0.2);
#5034=CYLINDRICAL_SURFACE('',#5762,0.199999999999999);
#5035=CYLINDRICAL_SURFACE('',#5766,0.199999999999999);
#5036=CYLINDRICAL_SURFACE('',#5770,0.199999999999999);
#5037=CYLINDRICAL_SURFACE('',#5777,0.3);
#5038=CYLINDRICAL_SURFACE('',#5781,0.3);
#5039=CYLINDRICAL_SURFACE('',#5785,0.4);
#5040=CYLINDRICAL_SURFACE('',#5788,0.4);
#5041=CYLINDRICAL_SURFACE('',#5791,0.6);
#5042=CYLINDRICAL_SURFACE('',#5796,0.6);
#5043=CYLINDRICAL_SURFACE('',#5801,0.6);
#5044=CYLINDRICAL_SURFACE('',#5806,0.4);
#5045=CYLINDRICAL_SURFACE('',#5808,0.4);
#5046=CYLINDRICAL_SURFACE('',#5810,0.4);
#5047=CYLINDRICAL_SURFACE('',#5812,0.2);
#5048=CYLINDRICAL_SURFACE('',#5816,0.2);
#5049=CYLINDRICAL_SURFACE('',#5820,0.2);
#5050=CYLINDRICAL_SURFACE('',#5824,0.2);
#5051=CYLINDRICAL_SURFACE('',#5828,0.5);
#5052=CYLINDRICAL_SURFACE('',#5831,0.165);
#5053=CYLINDRICAL_SURFACE('',#5835,0.164999999999999);
#5054=CYLINDRICAL_SURFACE('',#5839,0.164999999999999);
#5055=CYLINDRICAL_SURFACE('',#5843,0.5);
#5056=CYLINDRICAL_SURFACE('',#5847,0.5);
#5057=CYLINDRICAL_SURFACE('',#5851,0.5);
#5058=CYLINDRICAL_SURFACE('',#5855,0.165);
#5059=CYLINDRICAL_SURFACE('',#5859,0.164999999999999);
#5060=CYLINDRICAL_SURFACE('',#5863,0.165);
#5061=CYLINDRICAL_SURFACE('',#5867,0.5);
#5062=CYLINDRICAL_SURFACE('',#5871,0.5);
#5063=CYLINDRICAL_SURFACE('',#5875,0.5);
#5064=CYLINDRICAL_SURFACE('',#5879,0.3);
#5065=CYLINDRICAL_SURFACE('',#5883,0.300000000000001);
#5066=CYLINDRICAL_SURFACE('',#5887,0.300000000000001);
#5067=CYLINDRICAL_SURFACE('',#5891,0.3);
#5068=CYLINDRICAL_SURFACE('',#5895,0.3);
#5069=CYLINDRICAL_SURFACE('',#5899,0.300000000000001);
#5070=CYLINDRICAL_SURFACE('',#5903,0.3);
#5071=CYLINDRICAL_SURFACE('',#5907,0.300000000000001);
#5072=CYLINDRICAL_SURFACE('',#5952,0.5);
#5073=CYLINDRICAL_SURFACE('',#5964,0.7);
#5074=CYLINDRICAL_SURFACE('',#6010,0.5);
#5075=CYLINDRICAL_SURFACE('',#6022,0.7);
#5076=CYLINDRICAL_SURFACE('',#6023,16.);
#5077=CYLINDRICAL_SURFACE('',#6030,12.34);
#5078=CYLINDRICAL_SURFACE('',#6032,1.43797893723766);
#5079=CYLINDRICAL_SURFACE('',#6033,12.145);
#5080=CYLINDRICAL_SURFACE('',#6034,1.43797893723766);
#5081=CYLINDRICAL_SURFACE('',#6035,2.43797893723766);
#5082=CYLINDRICAL_SURFACE('',#6036,12.34);
#5083=CYLINDRICAL_SURFACE('',#6037,2.43797893723766);
#5084=CYLINDRICAL_SURFACE('',#6038,1.43797893723766);
#5085=CYLINDRICAL_SURFACE('',#6039,12.145);
#5086=CYLINDRICAL_SURFACE('',#6040,1.43797893723766);
#5087=CYLINDRICAL_SURFACE('',#6041,2.43797893723766);
#5088=CYLINDRICAL_SURFACE('',#6042,12.34);
#5089=CYLINDRICAL_SURFACE('',#6043,2.27499999999994);
#5090=CYLINDRICAL_SURFACE('',#6044,7.79000000000013);
#5091=CYLINDRICAL_SURFACE('',#6045,0.25);
#5092=CYLINDRICAL_SURFACE('',#6046,7.29000000000013);
#5093=CYLINDRICAL_SURFACE('',#6047,0.5);
#5094=CYLINDRICAL_SURFACE('',#6049,1.);
#5095=CYLINDRICAL_SURFACE('',#6052,0.999999999999999);
#5096=CYLINDRICAL_SURFACE('',#6055,1.5);
#5097=CYLINDRICAL_SURFACE('',#6056,6.29000000000012);
#5098=CYLINDRICAL_SURFACE('',#6057,1.25);
#5099=CYLINDRICAL_SURFACE('',#6058,8.79000000000013);
#5100=CYLINDRICAL_SURFACE('',#6059,1.27499999999994);
#5101=CYLINDRICAL_SURFACE('',#6060,11.34);
#5102=CYLINDRICAL_SURFACE('',#6061,1.43797893723766);
#5103=CYLINDRICAL_SURFACE('',#6062,2.43797893723766);
#5104=CYLINDRICAL_SURFACE('',#6063,11.145);
#5105=CYLINDRICAL_SURFACE('',#6064,2.43797893723766);
#5106=CYLINDRICAL_SURFACE('',#6065,1.43797893723766);
#5107=CYLINDRICAL_SURFACE('',#6066,11.34);
#5108=CYLINDRICAL_SURFACE('',#6067,1.43797893723766);
#5109=CYLINDRICAL_SURFACE('',#6068,2.43797893723766);
#5110=CYLINDRICAL_SURFACE('',#6069,11.145);
#5111=CYLINDRICAL_SURFACE('',#6070,2.43797893723766);
#5112=CYLINDRICAL_SURFACE('',#6071,1.43797893723766);
#5113=CYLINDRICAL_SURFACE('',#6072,11.34);
#5114=CYLINDRICAL_SURFACE('',#6073,2.43797893723766);
#5115=ADVANCED_FACE('',(#275),#4955,.F.);
#5116=ADVANCED_FACE('',(#276),#4956,.F.);
#5117=ADVANCED_FACE('',(#277),#122,.F.);
#5118=ADVANCED_FACE('',(#278),#4957,.F.);
#5119=ADVANCED_FACE('',(#279),#123,.F.);
#5120=ADVANCED_FACE('',(#280),#4958,.F.);
#5121=ADVANCED_FACE('',(#281),#124,.T.);
#5122=ADVANCED_FACE('',(#282),#4959,.F.);
#5123=ADVANCED_FACE('',(#283),#4960,.F.);
#5124=ADVANCED_FACE('',(#284),#4961,.F.);
#5125=ADVANCED_FACE('',(#285),#4962,.F.);
#5126=ADVANCED_FACE('',(#286),#125,.F.);
#5127=ADVANCED_FACE('',(#287),#4963,.F.);
#5128=ADVANCED_FACE('',(#288),#4964,.F.);
#5129=ADVANCED_FACE('',(#289),#4965,.F.);
#5130=ADVANCED_FACE('',(#290),#126,.F.);
#5131=ADVANCED_FACE('',(#291),#4966,.F.);
#5132=ADVANCED_FACE('',(#292),#127,.F.);
#5133=ADVANCED_FACE('',(#293),#4967,.F.);
#5134=ADVANCED_FACE('',(#294),#128,.F.);
#5135=ADVANCED_FACE('',(#295),#4968,.F.);
#5136=ADVANCED_FACE('',(#296,#15),#129,.F.);
#5137=ADVANCED_FACE('',(#297),#130,.F.);
#5138=ADVANCED_FACE('',(#298),#4969,.F.);
#5139=ADVANCED_FACE('',(#299),#131,.F.);
#5140=ADVANCED_FACE('',(#300),#4970,.F.);
#5141=ADVANCED_FACE('',(#301,#16),#132,.F.);
#5142=ADVANCED_FACE('',(#302),#133,.F.);
#5143=ADVANCED_FACE('',(#303),#4971,.F.);
#5144=ADVANCED_FACE('',(#304),#134,.F.);
#5145=ADVANCED_FACE('',(#305),#4972,.F.);
#5146=ADVANCED_FACE('',(#306,#17),#135,.F.);
#5147=ADVANCED_FACE('',(#307),#136,.F.);
#5148=ADVANCED_FACE('',(#308),#4973,.F.);
#5149=ADVANCED_FACE('',(#309),#137,.F.);
#5150=ADVANCED_FACE('',(#310),#4974,.F.);
#5151=ADVANCED_FACE('',(#311,#18),#138,.F.);
#5152=ADVANCED_FACE('',(#312),#139,.F.);
#5153=ADVANCED_FACE('',(#313),#4975,.F.);
#5154=ADVANCED_FACE('',(#314),#140,.F.);
#5155=ADVANCED_FACE('',(#315),#4976,.F.);
#5156=ADVANCED_FACE('',(#316,#19),#141,.F.);
#5157=ADVANCED_FACE('',(#317),#142,.F.);
#5158=ADVANCED_FACE('',(#318),#4977,.F.);
#5159=ADVANCED_FACE('',(#319),#143,.F.);
#5160=ADVANCED_FACE('',(#320),#4978,.F.);
#5161=ADVANCED_FACE('',(#321,#20),#144,.F.);
#5162=ADVANCED_FACE('',(#322),#145,.F.);
#5163=ADVANCED_FACE('',(#323),#4979,.F.);
#5164=ADVANCED_FACE('',(#324),#146,.F.);
#5165=ADVANCED_FACE('',(#325),#4980,.F.);
#5166=ADVANCED_FACE('',(#326,#21),#147,.F.);
#5167=ADVANCED_FACE('',(#327),#148,.F.);
#5168=ADVANCED_FACE('',(#328),#4981,.F.);
#5169=ADVANCED_FACE('',(#329),#149,.F.);
#5170=ADVANCED_FACE('',(#330),#4982,.F.);
#5171=ADVANCED_FACE('',(#331,#22),#150,.F.);
#5172=ADVANCED_FACE('',(#332),#151,.F.);
#5173=ADVANCED_FACE('',(#333),#4983,.F.);
#5174=ADVANCED_FACE('',(#334),#152,.F.);
#5175=ADVANCED_FACE('',(#335),#4984,.F.);
#5176=ADVANCED_FACE('',(#336,#23),#153,.F.);
#5177=ADVANCED_FACE('',(#337),#154,.F.);
#5178=ADVANCED_FACE('',(#338),#4985,.F.);
#5179=ADVANCED_FACE('',(#339),#155,.F.);
#5180=ADVANCED_FACE('',(#340),#4986,.F.);
#5181=ADVANCED_FACE('',(#341,#24),#156,.F.);
#5182=ADVANCED_FACE('',(#342),#157,.F.);
#5183=ADVANCED_FACE('',(#343),#4987,.F.);
#5184=ADVANCED_FACE('',(#344),#158,.F.);
#5185=ADVANCED_FACE('',(#345),#4988,.F.);
#5186=ADVANCED_FACE('',(#346,#25),#159,.F.);
#5187=ADVANCED_FACE('',(#347),#160,.F.);
#5188=ADVANCED_FACE('',(#348),#4989,.F.);
#5189=ADVANCED_FACE('',(#349),#161,.F.);
#5190=ADVANCED_FACE('',(#350),#4990,.F.);
#5191=ADVANCED_FACE('',(#351,#26),#162,.F.);
#5192=ADVANCED_FACE('',(#352),#163,.F.);
#5193=ADVANCED_FACE('',(#353),#4991,.F.);
#5194=ADVANCED_FACE('',(#354),#164,.F.);
#5195=ADVANCED_FACE('',(#355),#4992,.F.);
#5196=ADVANCED_FACE('',(#356,#27),#165,.F.);
#5197=ADVANCED_FACE('',(#357),#166,.F.);
#5198=ADVANCED_FACE('',(#358),#4993,.F.);
#5199=ADVANCED_FACE('',(#359),#167,.F.);
#5200=ADVANCED_FACE('',(#360),#4994,.F.);
#5201=ADVANCED_FACE('',(#361,#28),#168,.F.);
#5202=ADVANCED_FACE('',(#362),#169,.F.);
#5203=ADVANCED_FACE('',(#363),#4995,.F.);
#5204=ADVANCED_FACE('',(#364),#170,.F.);
#5205=ADVANCED_FACE('',(#365),#4996,.F.);
#5206=ADVANCED_FACE('',(#366,#29),#171,.F.);
#5207=ADVANCED_FACE('',(#367),#172,.F.);
#5208=ADVANCED_FACE('',(#368),#4997,.F.);
#5209=ADVANCED_FACE('',(#369),#173,.F.);
#5210=ADVANCED_FACE('',(#370),#4998,.F.);
#5211=ADVANCED_FACE('',(#371,#30),#174,.F.);
#5212=ADVANCED_FACE('',(#372),#175,.F.);
#5213=ADVANCED_FACE('',(#373),#4999,.F.);
#5214=ADVANCED_FACE('',(#374),#176,.F.);
#5215=ADVANCED_FACE('',(#375),#5000,.F.);
#5216=ADVANCED_FACE('',(#376),#177,.F.);
#5217=ADVANCED_FACE('',(#377),#5001,.F.);
#5218=ADVANCED_FACE('',(#378),#178,.F.);
#5219=ADVANCED_FACE('',(#379),#5002,.F.);
#5220=ADVANCED_FACE('',(#380),#179,.F.);
#5221=ADVANCED_FACE('',(#381),#5003,.F.);
#5222=ADVANCED_FACE('',(#382),#180,.F.);
#5223=ADVANCED_FACE('',(#383),#5004,.F.);
#5224=ADVANCED_FACE('',(#384),#181,.F.);
#5225=ADVANCED_FACE('',(#385),#5005,.F.);
#5226=ADVANCED_FACE('',(#386),#182,.F.);
#5227=ADVANCED_FACE('',(#387),#5006,.F.);
#5228=ADVANCED_FACE('',(#388),#183,.F.);
#5229=ADVANCED_FACE('',(#389),#5007,.F.);
#5230=ADVANCED_FACE('',(#390),#184,.F.);
#5231=ADVANCED_FACE('',(#391),#5008,.F.);
#5232=ADVANCED_FACE('',(#392),#185,.F.);
#5233=ADVANCED_FACE('',(#393),#5009,.F.);
#5234=ADVANCED_FACE('',(#394),#186,.F.);
#5235=ADVANCED_FACE('',(#395),#5010,.F.);
#5236=ADVANCED_FACE('',(#396),#187,.F.);
#5237=ADVANCED_FACE('',(#397),#5011,.F.);
#5238=ADVANCED_FACE('',(#398),#188,.F.);
#5239=ADVANCED_FACE('',(#399),#5012,.F.);
#5240=ADVANCED_FACE('',(#400),#189,.F.);
#5241=ADVANCED_FACE('',(#401),#5013,.F.);
#5242=ADVANCED_FACE('',(#402),#190,.F.);
#5243=ADVANCED_FACE('',(#403),#5014,.F.);
#5244=ADVANCED_FACE('',(#404),#191,.F.);
#5245=ADVANCED_FACE('',(#405),#5015,.F.);
#5246=ADVANCED_FACE('',(#406),#192,.F.);
#5247=ADVANCED_FACE('',(#407),#5016,.F.);
#5248=ADVANCED_FACE('',(#408),#193,.F.);
#5249=ADVANCED_FACE('',(#409),#5017,.F.);
#5250=ADVANCED_FACE('',(#410),#194,.F.);
#5251=ADVANCED_FACE('',(#411),#5018,.F.);
#5252=ADVANCED_FACE('',(#412),#195,.F.);
#5253=ADVANCED_FACE('',(#413),#5019,.F.);
#5254=ADVANCED_FACE('',(#414),#196,.F.);
#5255=ADVANCED_FACE('',(#415),#5020,.F.);
#5256=ADVANCED_FACE('',(#416),#197,.F.);
#5257=ADVANCED_FACE('',(#417),#5021,.F.);
#5258=ADVANCED_FACE('',(#418),#198,.F.);
#5259=ADVANCED_FACE('',(#419),#5022,.F.);
#5260=ADVANCED_FACE('',(#420),#199,.F.);
#5261=ADVANCED_FACE('',(#421),#5023,.F.);
#5262=ADVANCED_FACE('',(#422),#200,.F.);
#5263=ADVANCED_FACE('',(#423),#5024,.F.);
#5264=ADVANCED_FACE('',(#424),#201,.F.);
#5265=ADVANCED_FACE('',(#425),#5025,.F.);
#5266=ADVANCED_FACE('',(#426),#202,.F.);
#5267=ADVANCED_FACE('',(#427),#5026,.F.);
#5268=ADVANCED_FACE('',(#428),#203,.F.);
#5269=ADVANCED_FACE('',(#429),#5027,.F.);
#5270=ADVANCED_FACE('',(#430),#204,.F.);
#5271=ADVANCED_FACE('',(#431),#5028,.F.);
#5272=ADVANCED_FACE('',(#432),#205,.F.);
#5273=ADVANCED_FACE('',(#433),#5029,.F.);
#5274=ADVANCED_FACE('',(#434),#206,.F.);
#5275=ADVANCED_FACE('',(#435),#5030,.F.);
#5276=ADVANCED_FACE('',(#436),#5031,.F.);
#5277=ADVANCED_FACE('',(#437),#207,.F.);
#5278=ADVANCED_FACE('',(#438),#5032,.F.);
#5279=ADVANCED_FACE('',(#439),#208,.F.);
#5280=ADVANCED_FACE('',(#440),#5033,.F.);
#5281=ADVANCED_FACE('',(#441),#209,.F.);
#5282=ADVANCED_FACE('',(#442),#5034,.F.);
#5283=ADVANCED_FACE('',(#443),#210,.F.);
#5284=ADVANCED_FACE('',(#444),#5035,.F.);
#5285=ADVANCED_FACE('',(#445),#211,.F.);
#5286=ADVANCED_FACE('',(#446),#5036,.F.);
#5287=ADVANCED_FACE('',(#447),#212,.F.);
#5288=ADVANCED_FACE('',(#448),#213,.F.);
#5289=ADVANCED_FACE('',(#449),#214,.F.);
#5290=ADVANCED_FACE('',(#450),#215,.F.);
#5291=ADVANCED_FACE('',(#451),#5037,.F.);
#5292=ADVANCED_FACE('',(#452),#216,.F.);
#5293=ADVANCED_FACE('',(#453),#5038,.F.);
#5294=ADVANCED_FACE('',(#454),#217,.F.);
#5295=ADVANCED_FACE('',(#455),#5039,.F.);
#5296=ADVANCED_FACE('',(#456),#5040,.F.);
#5297=ADVANCED_FACE('',(#457),#5041,.F.);
#5298=ADVANCED_FACE('',(#458,#31),#218,.F.);
#5299=ADVANCED_FACE('',(#459),#5042,.F.);
#5300=ADVANCED_FACE('',(#460,#32),#219,.F.);
#5301=ADVANCED_FACE('',(#461),#5043,.F.);
#5302=ADVANCED_FACE('',(#462,#33),#220,.F.);
#5303=ADVANCED_FACE('',(#463),#5044,.F.);
#5304=ADVANCED_FACE('',(#464,#34),#5045,.F.);
#5305=ADVANCED_FACE('',(#465),#5046,.F.);
#5306=ADVANCED_FACE('',(#466),#5047,.F.);
#5307=ADVANCED_FACE('',(#467),#221,.F.);
#5308=ADVANCED_FACE('',(#468),#5048,.F.);
#5309=ADVANCED_FACE('',(#469),#222,.F.);
#5310=ADVANCED_FACE('',(#470),#5049,.F.);
#5311=ADVANCED_FACE('',(#471),#223,.F.);
#5312=ADVANCED_FACE('',(#472),#5050,.F.);
#5313=ADVANCED_FACE('',(#473),#224,.F.);
#5314=ADVANCED_FACE('',(#474,#35),#5051,.F.);
#5315=ADVANCED_FACE('',(#475),#5052,.F.);
#5316=ADVANCED_FACE('',(#476),#225,.T.);
#5317=ADVANCED_FACE('',(#477),#5053,.F.);
#5318=ADVANCED_FACE('',(#478),#226,.T.);
#5319=ADVANCED_FACE('',(#479),#5054,.F.);
#5320=ADVANCED_FACE('',(#480),#227,.T.);
#5321=ADVANCED_FACE('',(#481),#5055,.F.);
#5322=ADVANCED_FACE('',(#482,#36),#228,.T.);
#5323=ADVANCED_FACE('',(#483),#5056,.F.);
#5324=ADVANCED_FACE('',(#484,#37),#229,.T.);
#5325=ADVANCED_FACE('',(#485),#5057,.F.);
#5326=ADVANCED_FACE('',(#486,#38),#230,.T.);
#5327=ADVANCED_FACE('',(#487),#5058,.F.);
#5328=ADVANCED_FACE('',(#488),#231,.F.);
#5329=ADVANCED_FACE('',(#489),#5059,.F.);
#5330=ADVANCED_FACE('',(#490),#232,.F.);
#5331=ADVANCED_FACE('',(#491),#5060,.F.);
#5332=ADVANCED_FACE('',(#492),#233,.F.);
#5333=ADVANCED_FACE('',(#493),#5061,.F.);
#5334=ADVANCED_FACE('',(#494,#39),#234,.F.);
#5335=ADVANCED_FACE('',(#495),#5062,.F.);
#5336=ADVANCED_FACE('',(#496,#40),#235,.F.);
#5337=ADVANCED_FACE('',(#497),#5063,.F.);
#5338=ADVANCED_FACE('',(#498,#41),#236,.F.);
#5339=ADVANCED_FACE('',(#499),#5064,.F.);
#5340=ADVANCED_FACE('',(#500),#237,.F.);
#5341=ADVANCED_FACE('',(#501),#5065,.F.);
#5342=ADVANCED_FACE('',(#502),#238,.F.);
#5343=ADVANCED_FACE('',(#503),#5066,.F.);
#5344=ADVANCED_FACE('',(#504),#239,.F.);
#5345=ADVANCED_FACE('',(#505),#5067,.F.);
#5346=ADVANCED_FACE('',(#506),#240,.F.);
#5347=ADVANCED_FACE('',(#507),#5068,.F.);
#5348=ADVANCED_FACE('',(#508),#241,.F.);
#5349=ADVANCED_FACE('',(#509),#5069,.F.);
#5350=ADVANCED_FACE('',(#510),#242,.F.);
#5351=ADVANCED_FACE('',(#511),#5070,.F.);
#5352=ADVANCED_FACE('',(#512),#243,.F.);
#5353=ADVANCED_FACE('',(#513),#5071,.F.);
#5354=ADVANCED_FACE('',(#514),#244,.F.);
#5355=ADVANCED_FACE('',(#515),#245,.T.);
#5356=ADVANCED_FACE('',(#516,#42,#43,#44,#45,#46,#47,#48,#49,#50,#51,#52,
#53,#54,#55,#56,#57,#58,#59,#60,#61,#62,#63,#64,#65,#66,#67,#68,#69,#70,
#71,#72,#73,#74,#75,#76,#77,#78,#79,#80,#81,#82,#83,#84,#85,#86,#87,#88,
#89,#90,#91),#246,.F.);
#5357=ADVANCED_FACE('',(#517),#5072,.F.);
#5358=ADVANCED_FACE('',(#518),#247,.F.);
#5359=ADVANCED_FACE('',(#519),#248,.F.);
#5360=ADVANCED_FACE('',(#520),#249,.F.);
#5361=ADVANCED_FACE('',(#521),#250,.F.);
#5362=ADVANCED_FACE('',(#522,#92),#251,.T.);
#5363=ADVANCED_FACE('',(#523),#5073,.F.);
#5364=ADVANCED_FACE('',(#524),#252,.F.);
#5365=ADVANCED_FACE('',(#525),#253,.F.);
#5366=ADVANCED_FACE('',(#526),#254,.F.);
#5367=ADVANCED_FACE('',(#527),#255,.F.);
#5368=ADVANCED_FACE('',(#528),#256,.F.);
#5369=ADVANCED_FACE('',(#529),#257,.F.);
#5370=ADVANCED_FACE('',(#530),#258,.F.);
#5371=ADVANCED_FACE('',(#531),#5074,.F.);
#5372=ADVANCED_FACE('',(#532,#93),#259,.T.);
#5373=ADVANCED_FACE('',(#533),#260,.F.);
#5374=ADVANCED_FACE('',(#534),#261,.F.);
#5375=ADVANCED_FACE('',(#535),#262,.F.);
#5376=ADVANCED_FACE('',(#536),#263,.F.);
#5377=ADVANCED_FACE('',(#537),#5075,.F.);
#5378=ADVANCED_FACE('',(#538,#94,#95,#96),#5076,.T.);
#5379=ADVANCED_FACE('',(#539),#264,.F.);
#5380=ADVANCED_FACE('',(#540),#265,.F.);
#5381=ADVANCED_FACE('',(#541),#266,.F.);
#5382=ADVANCED_FACE('',(#542),#267,.F.);
#5383=ADVANCED_FACE('',(#543),#268,.F.);
#5384=ADVANCED_FACE('',(#544),#5077,.F.);
#5385=ADVANCED_FACE('',(#545,#97,#98,#99,#100,#101,#102,#103,#104,#105,
#106,#107,#108,#109,#110,#111,#112,#113,#114,#115,#116,#117,#118,#119,#120,
#121),#269,.T.);
#5386=ADVANCED_FACE('',(#546),#5078,.T.);
#5387=ADVANCED_FACE('',(#547),#5079,.F.);
#5388=ADVANCED_FACE('',(#548),#5080,.T.);
#5389=ADVANCED_FACE('',(#549),#5081,.F.);
#5390=ADVANCED_FACE('',(#550),#5082,.F.);
#5391=ADVANCED_FACE('',(#551),#5083,.F.);
#5392=ADVANCED_FACE('',(#552),#5084,.T.);
#5393=ADVANCED_FACE('',(#553),#5085,.F.);
#5394=ADVANCED_FACE('',(#554),#5086,.T.);
#5395=ADVANCED_FACE('',(#555),#5087,.F.);
#5396=ADVANCED_FACE('',(#556),#5088,.F.);
#5397=ADVANCED_FACE('',(#557),#5089,.F.);
#5398=ADVANCED_FACE('',(#558),#5090,.T.);
#5399=ADVANCED_FACE('',(#559),#5091,.T.);
#5400=ADVANCED_FACE('',(#560),#5092,.F.);
#5401=ADVANCED_FACE('',(#561),#5093,.T.);
#5402=ADVANCED_FACE('',(#562),#270,.F.);
#5403=ADVANCED_FACE('',(#563),#5094,.F.);
#5404=ADVANCED_FACE('',(#564),#271,.F.);
#5405=ADVANCED_FACE('',(#565),#272,.F.);
#5406=ADVANCED_FACE('',(#566),#5095,.F.);
#5407=ADVANCED_FACE('',(#567),#273,.F.);
#5408=ADVANCED_FACE('',(#568),#274,.F.);
#5409=ADVANCED_FACE('',(#569),#5096,.F.);
#5410=ADVANCED_FACE('',(#570),#5097,.T.);
#5411=ADVANCED_FACE('',(#571),#5098,.F.);
#5412=ADVANCED_FACE('',(#572),#5099,.F.);
#5413=ADVANCED_FACE('',(#573),#5100,.T.);
#5414=ADVANCED_FACE('',(#574),#5101,.T.);
#5415=ADVANCED_FACE('',(#575),#5102,.T.);
#5416=ADVANCED_FACE('',(#576),#5103,.F.);
#5417=ADVANCED_FACE('',(#577),#5104,.T.);
#5418=ADVANCED_FACE('',(#578),#5105,.F.);
#5419=ADVANCED_FACE('',(#579),#5106,.T.);
#5420=ADVANCED_FACE('',(#580),#5107,.T.);
#5421=ADVANCED_FACE('',(#581),#5108,.T.);
#5422=ADVANCED_FACE('',(#582),#5109,.F.);
#5423=ADVANCED_FACE('',(#583),#5110,.T.);
#5424=ADVANCED_FACE('',(#584),#5111,.F.);
#5425=ADVANCED_FACE('',(#585),#5112,.T.);
#5426=ADVANCED_FACE('',(#586),#5113,.T.);
#5427=ADVANCED_FACE('',(#587),#5114,.F.);
#5428=CLOSED_SHELL('',(#5115,#5116,#5117,#5118,#5119,#5120,#5121,#5122,
#5123,#5124,#5125,#5126,#5127,#5128,#5129,#5130,#5131,#5132,#5133,#5134,
#5135,#5136,#5137,#5138,#5139,#5140,#5141,#5142,#5143,#5144,#5145,#5146,
#5147,#5148,#5149,#5150,#5151,#5152,#5153,#5154,#5155,#5156,#5157,#5158,
#5159,#5160,#5161,#5162,#5163,#5164,#5165,#5166,#5167,#5168,#5169,#5170,
#5171,#5172,#5173,#5174,#5175,#5176,#5177,#5178,#5179,#5180,#5181,#5182,
#5183,#5184,#5185,#5186,#5187,#5188,#5189,#5190,#5191,#5192,#5193,#5194,
#5195,#5196,#5197,#5198,#5199,#5200,#5201,#5202,#5203,#5204,#5205,#5206,
#5207,#5208,#5209,#5210,#5211,#5212,#5213,#5214,#5215,#5216,#5217,#5218,
#5219,#5220,#5221,#5222,#5223,#5224,#5225,#5226,#5227,#5228,#5229,#5230,
#5231,#5232,#5233,#5234,#5235,#5236,#5237,#5238,#5239,#5240,#5241,#5242,
#5243,#5244,#5245,#5246,#5247,#5248,#5249,#5250,#5251,#5252,#5253,#5254,
#5255,#5256,#5257,#5258,#5259,#5260,#5261,#5262,#5263,#5264,#5265,#5266,
#5267,#5268,#5269,#5270,#5271,#5272,#5273,#5274,#5275,#5276,#5277,#5278,
#5279,#5280,#5281,#5282,#5283,#5284,#5285,#5286,#5287,#5288,#5289,#5290,
#5291,#5292,#5293,#5294,#5295,#5296,#5297,#5298,#5299,#5300,#5301,#5302,
#5303,#5304,#5305,#5306,#5307,#5308,#5309,#5310,#5311,#5312,#5313,#5314,
#5315,#5316,#5317,#5318,#5319,#5320,#5321,#5322,#5323,#5324,#5325,#5326,
#5327,#5328,#5329,#5330,#5331,#5332,#5333,#5334,#5335,#5336,#5337,#5338,
#5339,#5340,#5341,#5342,#5343,#5344,#5345,#5346,#5347,#5348,#5349,#5350,
#5351,#5352,#5353,#5354,#5355,#5356,#5357,#5358,#5359,#5360,#5361,#5362,
#5363,#5364,#5365,#5366,#5367,#5368,#5369,#5370,#5371,#5372,#5373,#5374,
#5375,#5376,#5377,#5378,#5379,#5380,#5381,#5382,#5383,#5384,#5385,#5386,
#5387,#5388,#5389,#5390,#5391,#5392,#5393,#5394,#5395,#5396,#5397,#5398,
#5399,#5400,#5401,#5402,#5403,#5404,#5405,#5406,#5407,#5408,#5409,#5410,
#5411,#5412,#5413,#5414,#5415,#5416,#5417,#5418,#5419,#5420,#5421,#5422,
#5423,#5424,#5425,#5426,#5427));
#5429=DERIVED_UNIT_ELEMENT(#5431,1.);
#5430=DERIVED_UNIT_ELEMENT(#9778,-3.);
#5431=(
MASS_UNIT()
NAMED_UNIT(*)
SI_UNIT(.KILO.,.GRAM.)
);
#5432=DERIVED_UNIT((#5429,#5430));
#5433=MEASURE_REPRESENTATION_ITEM('density measure',
POSITIVE_RATIO_MEASURE(7850.),#5432);
#5434=PROPERTY_DEFINITION_REPRESENTATION(#5439,#5436);
#5435=PROPERTY_DEFINITION_REPRESENTATION(#5440,#5437);
#5436=REPRESENTATION('material name',(#5438),#9775);
#5437=REPRESENTATION('density',(#5433),#9775);
#5438=DESCRIPTIVE_REPRESENTATION_ITEM('Steel','Steel');
#5439=PROPERTY_DEFINITION('material property','material name',#9785);
#5440=PROPERTY_DEFINITION('material property','density of part',#9785);
#5441=AXIS2_PLACEMENT_3D('',#7753,#6074,#6075);
#5442=AXIS2_PLACEMENT_3D('',#7754,#6076,#6077);
#5443=AXIS2_PLACEMENT_3D('',#7756,#6078,#6079);
#5444=AXIS2_PLACEMENT_3D('',#7793,#6081,#6082);
#5445=AXIS2_PLACEMENT_3D('',#7841,#6083,#6084);
#5446=AXIS2_PLACEMENT_3D('',#7858,#6086,#6087);
#5447=AXIS2_PLACEMENT_3D('',#7860,#6088,#6089);
#5448=AXIS2_PLACEMENT_3D('',#7863,#6091,#6092);
#5449=AXIS2_PLACEMENT_3D('',#7864,#6093,#6094);
#5450=AXIS2_PLACEMENT_3D('',#7865,#6095,#6096);
#5451=AXIS2_PLACEMENT_3D('',#7867,#6097,#6098);
#5452=AXIS2_PLACEMENT_3D('',#7870,#6100,#6101);
#5453=AXIS2_PLACEMENT_3D('',#7871,#6102,#6103);
#5454=AXIS2_PLACEMENT_3D('',#7872,#6104,#6105);
#5455=AXIS2_PLACEMENT_3D('',#7920,#6107,#6108);
#5456=AXIS2_PLACEMENT_3D('',#7922,#6109,#6110);
#5457=AXIS2_PLACEMENT_3D('',#7923,#6111,#6112);
#5458=AXIS2_PLACEMENT_3D('',#7925,#6114,#6115);
#5459=AXIS2_PLACEMENT_3D('',#7926,#6116,#6117);
#5460=AXIS2_PLACEMENT_3D('',#7927,#6118,#6119);
#5461=AXIS2_PLACEMENT_3D('',#7977,#6121,#6122);
#5462=AXIS2_PLACEMENT_3D('',#7978,#6123,#6124);
#5463=AXIS2_PLACEMENT_3D('',#8065,#6126,#6127);
#5464=AXIS2_PLACEMENT_3D('',#8066,#6128,#6129);
#5465=AXIS2_PLACEMENT_3D('',#8068,#6130,#6131);
#5466=AXIS2_PLACEMENT_3D('',#8071,#6133,#6134);
#5467=AXIS2_PLACEMENT_3D('',#8072,#6135,#6136);
#5468=AXIS2_PLACEMENT_3D('',#8073,#6137,#6138);
#5469=AXIS2_PLACEMENT_3D('',#8074,#6139,#6140);
#5470=AXIS2_PLACEMENT_3D('',#8124,#6142,#6143);
#5471=AXIS2_PLACEMENT_3D('',#8125,#6144,#6145);
#5472=AXIS2_PLACEMENT_3D('',#8212,#6147,#6148);
#5473=AXIS2_PLACEMENT_3D('',#8213,#6149,#6150);
#5474=AXIS2_PLACEMENT_3D('',#8215,#6151,#6152);
#5475=AXIS2_PLACEMENT_3D('',#8218,#6154,#6155);
#5476=AXIS2_PLACEMENT_3D('',#8219,#6156,#6157);
#5477=AXIS2_PLACEMENT_3D('',#8220,#6158,#6159);
#5478=AXIS2_PLACEMENT_3D('',#8221,#6160,#6161);
#5479=AXIS2_PLACEMENT_3D('',#8230,#6166,#6167);
#5480=AXIS2_PLACEMENT_3D('',#8232,#6168,#6169);
#5481=AXIS2_PLACEMENT_3D('',#8235,#6171,#6172);
#5482=AXIS2_PLACEMENT_3D('',#8236,#6173,#6174);
#5483=AXIS2_PLACEMENT_3D('',#8242,#6178,#6179);
#5484=AXIS2_PLACEMENT_3D('',#8243,#6180,#6181);
#5485=AXIS2_PLACEMENT_3D('',#8244,#6182,#6183);
#5486=AXIS2_PLACEMENT_3D('',#8245,#6184,#6185);
#5487=AXIS2_PLACEMENT_3D('',#8250,#6187,#6188);
#5488=AXIS2_PLACEMENT_3D('',#8253,#6190,#6191);
#5489=AXIS2_PLACEMENT_3D('',#8254,#6192,#6193);
#5490=AXIS2_PLACEMENT_3D('',#8263,#6198,#6199);
#5491=AXIS2_PLACEMENT_3D('',#8265,#6200,#6201);
#5492=AXIS2_PLACEMENT_3D('',#8268,#6203,#6204);
#5493=AXIS2_PLACEMENT_3D('',#8269,#6205,#6206);
#5494=AXIS2_PLACEMENT_3D('',#8275,#6210,#6211);
#5495=AXIS2_PLACEMENT_3D('',#8276,#6212,#6213);
#5496=AXIS2_PLACEMENT_3D('',#8277,#6214,#6215);
#5497=AXIS2_PLACEMENT_3D('',#8278,#6216,#6217);
#5498=AXIS2_PLACEMENT_3D('',#8283,#6219,#6220);
#5499=AXIS2_PLACEMENT_3D('',#8286,#6222,#6223);
#5500=AXIS2_PLACEMENT_3D('',#8287,#6224,#6225);
#5501=AXIS2_PLACEMENT_3D('',#8296,#6230,#6231);
#5502=AXIS2_PLACEMENT_3D('',#8298,#6232,#6233);
#5503=AXIS2_PLACEMENT_3D('',#8301,#6235,#6236);
#5504=AXIS2_PLACEMENT_3D('',#8302,#6237,#6238);
#5505=AXIS2_PLACEMENT_3D('',#8308,#6242,#6243);
#5506=AXIS2_PLACEMENT_3D('',#8309,#6244,#6245);
#5507=AXIS2_PLACEMENT_3D('',#8310,#6246,#6247);
#5508=AXIS2_PLACEMENT_3D('',#8311,#6248,#6249);
#5509=AXIS2_PLACEMENT_3D('',#8316,#6251,#6252);
#5510=AXIS2_PLACEMENT_3D('',#8319,#6254,#6255);
#5511=AXIS2_PLACEMENT_3D('',#8320,#6256,#6257);
#5512=AXIS2_PLACEMENT_3D('',#8329,#6262,#6263);
#5513=AXIS2_PLACEMENT_3D('',#8331,#6264,#6265);
#5514=AXIS2_PLACEMENT_3D('',#8334,#6267,#6268);
#5515=AXIS2_PLACEMENT_3D('',#8335,#6269,#6270);
#5516=AXIS2_PLACEMENT_3D('',#8341,#6274,#6275);
#5517=AXIS2_PLACEMENT_3D('',#8342,#6276,#6277);
#5518=AXIS2_PLACEMENT_3D('',#8343,#6278,#6279);
#5519=AXIS2_PLACEMENT_3D('',#8344,#6280,#6281);
#5520=AXIS2_PLACEMENT_3D('',#8349,#6283,#6284);
#5521=AXIS2_PLACEMENT_3D('',#8352,#6286,#6287);
#5522=AXIS2_PLACEMENT_3D('',#8353,#6288,#6289);
#5523=AXIS2_PLACEMENT_3D('',#8362,#6294,#6295);
#5524=AXIS2_PLACEMENT_3D('',#8364,#6296,#6297);
#5525=AXIS2_PLACEMENT_3D('',#8367,#6299,#6300);
#5526=AXIS2_PLACEMENT_3D('',#8368,#6301,#6302);
#5527=AXIS2_PLACEMENT_3D('',#8374,#6306,#6307);
#5528=AXIS2_PLACEMENT_3D('',#8375,#6308,#6309);
#5529=AXIS2_PLACEMENT_3D('',#8376,#6310,#6311);
#5530=AXIS2_PLACEMENT_3D('',#8377,#6312,#6313);
#5531=AXIS2_PLACEMENT_3D('',#8382,#6315,#6316);
#5532=AXIS2_PLACEMENT_3D('',#8385,#6318,#6319);
#5533=AXIS2_PLACEMENT_3D('',#8386,#6320,#6321);
#5534=AXIS2_PLACEMENT_3D('',#8395,#6326,#6327);
#5535=AXIS2_PLACEMENT_3D('',#8397,#6328,#6329);
#5536=AXIS2_PLACEMENT_3D('',#8400,#6331,#6332);
#5537=AXIS2_PLACEMENT_3D('',#8401,#6333,#6334);
#5538=AXIS2_PLACEMENT_3D('',#8407,#6338,#6339);
#5539=AXIS2_PLACEMENT_3D('',#8408,#6340,#6341);
#5540=AXIS2_PLACEMENT_3D('',#8409,#6342,#6343);
#5541=AXIS2_PLACEMENT_3D('',#8410,#6344,#6345);
#5542=AXIS2_PLACEMENT_3D('',#8415,#6347,#6348);
#5543=AXIS2_PLACEMENT_3D('',#8418,#6350,#6351);
#5544=AXIS2_PLACEMENT_3D('',#8419,#6352,#6353);
#5545=AXIS2_PLACEMENT_3D('',#8428,#6358,#6359);
#5546=AXIS2_PLACEMENT_3D('',#8430,#6360,#6361);
#5547=AXIS2_PLACEMENT_3D('',#8433,#6363,#6364);
#5548=AXIS2_PLACEMENT_3D('',#8434,#6365,#6366);
#5549=AXIS2_PLACEMENT_3D('',#8440,#6370,#6371);
#5550=AXIS2_PLACEMENT_3D('',#8441,#6372,#6373);
#5551=AXIS2_PLACEMENT_3D('',#8442,#6374,#6375);
#5552=AXIS2_PLACEMENT_3D('',#8443,#6376,#6377);
#5553=AXIS2_PLACEMENT_3D('',#8448,#6379,#6380);
#5554=AXIS2_PLACEMENT_3D('',#8451,#6382,#6383);
#5555=AXIS2_PLACEMENT_3D('',#8452,#6384,#6385);
#5556=AXIS2_PLACEMENT_3D('',#8461,#6390,#6391);
#5557=AXIS2_PLACEMENT_3D('',#8463,#6392,#6393);
#5558=AXIS2_PLACEMENT_3D('',#8466,#6395,#6396);
#5559=AXIS2_PLACEMENT_3D('',#8467,#6397,#6398);
#5560=AXIS2_PLACEMENT_3D('',#8473,#6402,#6403);
#5561=AXIS2_PLACEMENT_3D('',#8474,#6404,#6405);
#5562=AXIS2_PLACEMENT_3D('',#8475,#6406,#6407);
#5563=AXIS2_PLACEMENT_3D('',#8476,#6408,#6409);
#5564=AXIS2_PLACEMENT_3D('',#8481,#6411,#6412);
#5565=AXIS2_PLACEMENT_3D('',#8484,#6414,#6415);
#5566=AXIS2_PLACEMENT_3D('',#8485,#6416,#6417);
#5567=AXIS2_PLACEMENT_3D('',#8494,#6422,#6423);
#5568=AXIS2_PLACEMENT_3D('',#8496,#6424,#6425);
#5569=AXIS2_PLACEMENT_3D('',#8499,#6427,#6428);
#5570=AXIS2_PLACEMENT_3D('',#8500,#6429,#6430);
#5571=AXIS2_PLACEMENT_3D('',#8506,#6434,#6435);
#5572=AXIS2_PLACEMENT_3D('',#8507,#6436,#6437);
#5573=AXIS2_PLACEMENT_3D('',#8508,#6438,#6439);
#5574=AXIS2_PLACEMENT_3D('',#8509,#6440,#6441);
#5575=AXIS2_PLACEMENT_3D('',#8514,#6443,#6444);
#5576=AXIS2_PLACEMENT_3D('',#8517,#6446,#6447);
#5577=AXIS2_PLACEMENT_3D('',#8518,#6448,#6449);
#5578=AXIS2_PLACEMENT_3D('',#8527,#6454,#6455);
#5579=AXIS2_PLACEMENT_3D('',#8529,#6456,#6457);
#5580=AXIS2_PLACEMENT_3D('',#8532,#6459,#6460);
#5581=AXIS2_PLACEMENT_3D('',#8533,#6461,#6462);
#5582=AXIS2_PLACEMENT_3D('',#8539,#6466,#6467);
#5583=AXIS2_PLACEMENT_3D('',#8540,#6468,#6469);
#5584=AXIS2_PLACEMENT_3D('',#8541,#6470,#6471);
#5585=AXIS2_PLACEMENT_3D('',#8542,#6472,#6473);
#5586=AXIS2_PLACEMENT_3D('',#8547,#6475,#6476);
#5587=AXIS2_PLACEMENT_3D('',#8550,#6478,#6479);
#5588=AXIS2_PLACEMENT_3D('',#8551,#6480,#6481);
#5589=AXIS2_PLACEMENT_3D('',#8560,#6486,#6487);
#5590=AXIS2_PLACEMENT_3D('',#8562,#6488,#6489);
#5591=AXIS2_PLACEMENT_3D('',#8565,#6491,#6492);
#5592=AXIS2_PLACEMENT_3D('',#8566,#6493,#6494);
#5593=AXIS2_PLACEMENT_3D('',#8572,#6498,#6499);
#5594=AXIS2_PLACEMENT_3D('',#8573,#6500,#6501);
#5595=AXIS2_PLACEMENT_3D('',#8574,#6502,#6503);
#5596=AXIS2_PLACEMENT_3D('',#8575,#6504,#6505);
#5597=AXIS2_PLACEMENT_3D('',#8580,#6507,#6508);
#5598=AXIS2_PLACEMENT_3D('',#8583,#6510,#6511);
#5599=AXIS2_PLACEMENT_3D('',#8584,#6512,#6513);
#5600=AXIS2_PLACEMENT_3D('',#8593,#6518,#6519);
#5601=AXIS2_PLACEMENT_3D('',#8595,#6520,#6521);
#5602=AXIS2_PLACEMENT_3D('',#8598,#6523,#6524);
#5603=AXIS2_PLACEMENT_3D('',#8599,#6525,#6526);
#5604=AXIS2_PLACEMENT_3D('',#8605,#6530,#6531);
#5605=AXIS2_PLACEMENT_3D('',#8606,#6532,#6533);
#5606=AXIS2_PLACEMENT_3D('',#8607,#6534,#6535);
#5607=AXIS2_PLACEMENT_3D('',#8608,#6536,#6537);
#5608=AXIS2_PLACEMENT_3D('',#8613,#6539,#6540);
#5609=AXIS2_PLACEMENT_3D('',#8616,#6542,#6543);
#5610=AXIS2_PLACEMENT_3D('',#8617,#6544,#6545);
#5611=AXIS2_PLACEMENT_3D('',#8626,#6550,#6551);
#5612=AXIS2_PLACEMENT_3D('',#8628,#6552,#6553);
#5613=AXIS2_PLACEMENT_3D('',#8631,#6555,#6556);
#5614=AXIS2_PLACEMENT_3D('',#8632,#6557,#6558);
#5615=AXIS2_PLACEMENT_3D('',#8638,#6562,#6563);
#5616=AXIS2_PLACEMENT_3D('',#8639,#6564,#6565);
#5617=AXIS2_PLACEMENT_3D('',#8640,#6566,#6567);
#5618=AXIS2_PLACEMENT_3D('',#8641,#6568,#6569);
#5619=AXIS2_PLACEMENT_3D('',#8646,#6571,#6572);
#5620=AXIS2_PLACEMENT_3D('',#8649,#6574,#6575);
#5621=AXIS2_PLACEMENT_3D('',#8650,#6576,#6577);
#5622=AXIS2_PLACEMENT_3D('',#8659,#6582,#6583);
#5623=AXIS2_PLACEMENT_3D('',#8661,#6584,#6585);
#5624=AXIS2_PLACEMENT_3D('',#8664,#6587,#6588);
#5625=AXIS2_PLACEMENT_3D('',#8665,#6589,#6590);
#5626=AXIS2_PLACEMENT_3D('',#8671,#6594,#6595);
#5627=AXIS2_PLACEMENT_3D('',#8672,#6596,#6597);
#5628=AXIS2_PLACEMENT_3D('',#8673,#6598,#6599);
#5629=AXIS2_PLACEMENT_3D('',#8674,#6600,#6601);
#5630=AXIS2_PLACEMENT_3D('',#8679,#6603,#6604);
#5631=AXIS2_PLACEMENT_3D('',#8682,#6606,#6607);
#5632=AXIS2_PLACEMENT_3D('',#8683,#6608,#6609);
#5633=AXIS2_PLACEMENT_3D('',#8692,#6614,#6615);
#5634=AXIS2_PLACEMENT_3D('',#8694,#6616,#6617);
#5635=AXIS2_PLACEMENT_3D('',#8697,#6619,#6620);
#5636=AXIS2_PLACEMENT_3D('',#8698,#6621,#6622);
#5637=AXIS2_PLACEMENT_3D('',#8704,#6626,#6627);
#5638=AXIS2_PLACEMENT_3D('',#8705,#6628,#6629);
#5639=AXIS2_PLACEMENT_3D('',#8706,#6630,#6631);
#5640=AXIS2_PLACEMENT_3D('',#8707,#6632,#6633);
#5641=AXIS2_PLACEMENT_3D('',#8712,#6635,#6636);
#5642=AXIS2_PLACEMENT_3D('',#8715,#6638,#6639);
#5643=AXIS2_PLACEMENT_3D('',#8716,#6640,#6641);
#5644=AXIS2_PLACEMENT_3D('',#8725,#6646,#6647);
#5645=AXIS2_PLACEMENT_3D('',#8727,#6648,#6649);
#5646=AXIS2_PLACEMENT_3D('',#8730,#6651,#6652);
#5647=AXIS2_PLACEMENT_3D('',#8731,#6653,#6654);
#5648=AXIS2_PLACEMENT_3D('',#8737,#6658,#6659);
#5649=AXIS2_PLACEMENT_3D('',#8738,#6660,#6661);
#5650=AXIS2_PLACEMENT_3D('',#8739,#6662,#6663);
#5651=AXIS2_PLACEMENT_3D('',#8740,#6664,#6665);
#5652=AXIS2_PLACEMENT_3D('',#8745,#6667,#6668);
#5653=AXIS2_PLACEMENT_3D('',#8748,#6670,#6671);
#5654=AXIS2_PLACEMENT_3D('',#8749,#6672,#6673);
#5655=AXIS2_PLACEMENT_3D('',#8755,#6677,#6678);
#5656=AXIS2_PLACEMENT_3D('',#8758,#6680,#6681);
#5657=AXIS2_PLACEMENT_3D('',#8759,#6682,#6683);
#5658=AXIS2_PLACEMENT_3D('',#8765,#6687,#6688);
#5659=AXIS2_PLACEMENT_3D('',#8768,#6690,#6691);
#5660=AXIS2_PLACEMENT_3D('',#8769,#6692,#6693);
#5661=AXIS2_PLACEMENT_3D('',#8775,#6697,#6698);
#5662=AXIS2_PLACEMENT_3D('',#8778,#6700,#6701);
#5663=AXIS2_PLACEMENT_3D('',#8779,#6702,#6703);
#5664=AXIS2_PLACEMENT_3D('',#8785,#6707,#6708);
#5665=AXIS2_PLACEMENT_3D('',#8788,#6710,#6711);
#5666=AXIS2_PLACEMENT_3D('',#8789,#6712,#6713);
#5667=AXIS2_PLACEMENT_3D('',#8795,#6717,#6718);
#5668=AXIS2_PLACEMENT_3D('',#8798,#6720,#6721);
#5669=AXIS2_PLACEMENT_3D('',#8799,#6722,#6723);
#5670=AXIS2_PLACEMENT_3D('',#8805,#6727,#6728);
#5671=AXIS2_PLACEMENT_3D('',#8808,#6730,#6731);
#5672=AXIS2_PLACEMENT_3D('',#8809,#6732,#6733);
#5673=AXIS2_PLACEMENT_3D('',#8815,#6737,#6738);
#5674=AXIS2_PLACEMENT_3D('',#8818,#6740,#6741);
#5675=AXIS2_PLACEMENT_3D('',#8819,#6742,#6743);
#5676=AXIS2_PLACEMENT_3D('',#8825,#6747,#6748);
#5677=AXIS2_PLACEMENT_3D('',#8828,#6750,#6751);
#5678=AXIS2_PLACEMENT_3D('',#8829,#6752,#6753);
#5679=AXIS2_PLACEMENT_3D('',#8835,#6757,#6758);
#5680=AXIS2_PLACEMENT_3D('',#8838,#6760,#6761);
#5681=AXIS2_PLACEMENT_3D('',#8839,#6762,#6763);
#5682=AXIS2_PLACEMENT_3D('',#8845,#6767,#6768);
#5683=AXIS2_PLACEMENT_3D('',#8848,#6770,#6771);
#5684=AXIS2_PLACEMENT_3D('',#8849,#6772,#6773);
#5685=AXIS2_PLACEMENT_3D('',#8855,#6777,#6778);
#5686=AXIS2_PLACEMENT_3D('',#8858,#6780,#6781);
#5687=AXIS2_PLACEMENT_3D('',#8859,#6782,#6783);
#5688=AXIS2_PLACEMENT_3D('',#8865,#6787,#6788);
#5689=AXIS2_PLACEMENT_3D('',#8868,#6790,#6791);
#5690=AXIS2_PLACEMENT_3D('',#8869,#6792,#6793);
#5691=AXIS2_PLACEMENT_3D('',#8875,#6797,#6798);
#5692=AXIS2_PLACEMENT_3D('',#8878,#6800,#6801);
#5693=AXIS2_PLACEMENT_3D('',#8879,#6802,#6803);
#5694=AXIS2_PLACEMENT_3D('',#8885,#6807,#6808);
#5695=AXIS2_PLACEMENT_3D('',#8888,#6810,#6811);
#5696=AXIS2_PLACEMENT_3D('',#8889,#6812,#6813);
#5697=AXIS2_PLACEMENT_3D('',#8895,#6817,#6818);
#5698=AXIS2_PLACEMENT_3D('',#8898,#6820,#6821);
#5699=AXIS2_PLACEMENT_3D('',#8899,#6822,#6823);
#5700=AXIS2_PLACEMENT_3D('',#8905,#6827,#6828);
#5701=AXIS2_PLACEMENT_3D('',#8908,#6830,#6831);
#5702=AXIS2_PLACEMENT_3D('',#8909,#6832,#6833);
#5703=AXIS2_PLACEMENT_3D('',#8913,#6836,#6837);
#5704=AXIS2_PLACEMENT_3D('',#8914,#6838,#6839);
#5705=AXIS2_PLACEMENT_3D('',#8915,#6840,#6841);
#5706=AXIS2_PLACEMENT_3D('',#8919,#6844,#6845);
#5707=AXIS2_PLACEMENT_3D('',#8920,#6846,#6847);
#5708=AXIS2_PLACEMENT_3D('',#8921,#6848,#6849);
#5709=AXIS2_PLACEMENT_3D('',#8925,#6852,#6853);
#5710=AXIS2_PLACEMENT_3D('',#8926,#6854,#6855);
#5711=AXIS2_PLACEMENT_3D('',#8927,#6856,#6857);
#5712=AXIS2_PLACEMENT_3D('',#8931,#6860,#6861);
#5713=AXIS2_PLACEMENT_3D('',#8932,#6862,#6863);
#5714=AXIS2_PLACEMENT_3D('',#8933,#6864,#6865);
#5715=AXIS2_PLACEMENT_3D('',#8937,#6868,#6869);
#5716=AXIS2_PLACEMENT_3D('',#8938,#6870,#6871);
#5717=AXIS2_PLACEMENT_3D('',#8939,#6872,#6873);
#5718=AXIS2_PLACEMENT_3D('',#8943,#6876,#6877);
#5719=AXIS2_PLACEMENT_3D('',#8944,#6878,#6879);
#5720=AXIS2_PLACEMENT_3D('',#8945,#6880,#6881);
#5721=AXIS2_PLACEMENT_3D('',#8949,#6884,#6885);
#5722=AXIS2_PLACEMENT_3D('',#8950,#6886,#6887);
#5723=AXIS2_PLACEMENT_3D('',#8951,#6888,#6889);
#5724=AXIS2_PLACEMENT_3D('',#8955,#6892,#6893);
#5725=AXIS2_PLACEMENT_3D('',#8956,#6894,#6895);
#5726=AXIS2_PLACEMENT_3D('',#8957,#6896,#6897);
#5727=AXIS2_PLACEMENT_3D('',#8961,#6900,#6901);
#5728=AXIS2_PLACEMENT_3D('',#8962,#6902,#6903);
#5729=AXIS2_PLACEMENT_3D('',#8963,#6904,#6905);
#5730=AXIS2_PLACEMENT_3D('',#8967,#6908,#6909);
#5731=AXIS2_PLACEMENT_3D('',#8968,#6910,#6911);
#5732=AXIS2_PLACEMENT_3D('',#8969,#6912,#6913);
#5733=AXIS2_PLACEMENT_3D('',#8973,#6916,#6917);
#5734=AXIS2_PLACEMENT_3D('',#8974,#6918,#6919);
#5735=AXIS2_PLACEMENT_3D('',#8975,#6920,#6921);
#5736=AXIS2_PLACEMENT_3D('',#8979,#6924,#6925);
#5737=AXIS2_PLACEMENT_3D('',#8980,#6926,#6927);
#5738=AXIS2_PLACEMENT_3D('',#8981,#6928,#6929);
#5739=AXIS2_PLACEMENT_3D('',#8985,#6932,#6933);
#5740=AXIS2_PLACEMENT_3D('',#8986,#6934,#6935);
#5741=AXIS2_PLACEMENT_3D('',#8987,#6936,#6937);
#5742=AXIS2_PLACEMENT_3D('',#8991,#6940,#6941);
#5743=AXIS2_PLACEMENT_3D('',#8992,#6942,#6943);
#5744=AXIS2_PLACEMENT_3D('',#8993,#6944,#6945);
#5745=AXIS2_PLACEMENT_3D('',#8997,#6948,#6949);
#5746=AXIS2_PLACEMENT_3D('',#8998,#6950,#6951);
#5747=AXIS2_PLACEMENT_3D('',#8999,#6952,#6953);
#5748=AXIS2_PLACEMENT_3D('',#9003,#6956,#6957);
#5749=AXIS2_PLACEMENT_3D('',#9004,#6958,#6959);
#5750=AXIS2_PLACEMENT_3D('',#9005,#6960,#6961);
#5751=AXIS2_PLACEMENT_3D('',#9007,#6962,#6963);
#5752=AXIS2_PLACEMENT_3D('',#9010,#6965,#6966);
#5753=AXIS2_PLACEMENT_3D('',#9011,#6967,#6968);
#5754=AXIS2_PLACEMENT_3D('',#9012,#6969,#6970);
#5755=AXIS2_PLACEMENT_3D('',#9014,#6971,#6972);
#5756=AXIS2_PLACEMENT_3D('',#9017,#6974,#6975);
#5757=AXIS2_PLACEMENT_3D('',#9018,#6976,#6977);
#5758=AXIS2_PLACEMENT_3D('',#9019,#6978,#6979);
#5759=AXIS2_PLACEMENT_3D('',#9021,#6980,#6981);
#5760=AXIS2_PLACEMENT_3D('',#9024,#6983,#6984);
#5761=AXIS2_PLACEMENT_3D('',#9025,#6985,#6986);
#5762=AXIS2_PLACEMENT_3D('',#9026,#6987,#6988);
#5763=AXIS2_PLACEMENT_3D('',#9028,#6989,#6990);
#5764=AXIS2_PLACEMENT_3D('',#9031,#6992,#6993);
#5765=AXIS2_PLACEMENT_3D('',#9032,#6994,#6995);
#5766=AXIS2_PLACEMENT_3D('',#9033,#6996,#6997);
#5767=AXIS2_PLACEMENT_3D('',#9035,#6998,#6999);
#5768=AXIS2_PLACEMENT_3D('',#9038,#7001,#7002);
#5769=AXIS2_PLACEMENT_3D('',#9039,#7003,#7004);
#5770=AXIS2_PLACEMENT_3D('',#9040,#7005,#7006);
#5771=AXIS2_PLACEMENT_3D('',#9042,#7007,#7008);
#5772=AXIS2_PLACEMENT_3D('',#9045,#7010,#7011);
#5773=AXIS2_PLACEMENT_3D('',#9046,#7012,#7013);
#5774=AXIS2_PLACEMENT_3D('',#9047,#7014,#7015);
#5775=AXIS2_PLACEMENT_3D('',#9048,#7016,#7017);
#5776=AXIS2_PLACEMENT_3D('',#9049,#7018,#7019);
#5777=AXIS2_PLACEMENT_3D('',#9050,#7020,#7021);
#5778=AXIS2_PLACEMENT_3D('',#9052,#7022,#7023);
#5779=AXIS2_PLACEMENT_3D('',#9055,#7025,#7026);
#5780=AXIS2_PLACEMENT_3D('',#9056,#7027,#7028);
#5781=AXIS2_PLACEMENT_3D('',#9057,#7029,#7030);
#5782=AXIS2_PLACEMENT_3D('',#9059,#7031,#7032);
#5783=AXIS2_PLACEMENT_3D('',#9062,#7034,#7035);
#5784=AXIS2_PLACEMENT_3D('',#9063,#7036,#7037);
#5785=AXIS2_PLACEMENT_3D('',#9064,#7038,#7039);
#5786=AXIS2_PLACEMENT_3D('',#9066,#7040,#7041);
#5787=AXIS2_PLACEMENT_3D('',#9069,#7043,#7044);
#5788=AXIS2_PLACEMENT_3D('',#9070,#7045,#7046);
#5789=AXIS2_PLACEMENT_3D('',#9072,#7047,#7048);
#5790=AXIS2_PLACEMENT_3D('',#9075,#7050,#7051);
#5791=AXIS2_PLACEMENT_3D('',#9076,#7052,#7053);
#5792=AXIS2_PLACEMENT_3D('',#9078,#7054,#7055);
#5793=AXIS2_PLACEMENT_3D('',#9081,#7057,#7058);
#5794=AXIS2_PLACEMENT_3D('',#9082,#7059,#7060);
#5795=AXIS2_PLACEMENT_3D('',#9084,#7061,#7062);
#5796=AXIS2_PLACEMENT_3D('',#9085,#7063,#7064);
#5797=AXIS2_PLACEMENT_3D('',#9087,#7065,#7066);
#5798=AXIS2_PLACEMENT_3D('',#9090,#7068,#7069);
#5799=AXIS2_PLACEMENT_3D('',#9091,#7070,#7071);
#5800=AXIS2_PLACEMENT_3D('',#9093,#7072,#7073);
#5801=AXIS2_PLACEMENT_3D('',#9094,#7074,#7075);
#5802=AXIS2_PLACEMENT_3D('',#9096,#7076,#7077);
#5803=AXIS2_PLACEMENT_3D('',#9099,#7079,#7080);
#5804=AXIS2_PLACEMENT_3D('',#9100,#7081,#7082);
#5805=AXIS2_PLACEMENT_3D('',#9102,#7083,#7084);
#5806=AXIS2_PLACEMENT_3D('',#9103,#7085,#7086);
#5807=AXIS2_PLACEMENT_3D('',#9106,#7088,#7089);
#5808=AXIS2_PLACEMENT_3D('',#9107,#7090,#7091);
#5809=AXIS2_PLACEMENT_3D('',#9110,#7093,#7094);
#5810=AXIS2_PLACEMENT_3D('',#9111,#7095,#7096);
#5811=AXIS2_PLACEMENT_3D('',#9114,#7098,#7099);
#5812=AXIS2_PLACEMENT_3D('',#9115,#7100,#7101);
#5813=AXIS2_PLACEMENT_3D('',#9117,#7102,#7103);
#5814=AXIS2_PLACEMENT_3D('',#9120,#7105,#7106);
#5815=AXIS2_PLACEMENT_3D('',#9121,#7107,#7108);
#5816=AXIS2_PLACEMENT_3D('',#9122,#7109,#7110);
#5817=AXIS2_PLACEMENT_3D('',#9124,#7111,#7112);
#5818=AXIS2_PLACEMENT_3D('',#9127,#7114,#7115);
#5819=AXIS2_PLACEMENT_3D('',#9128,#7116,#7117);
#5820=AXIS2_PLACEMENT_3D('',#9129,#7118,#7119);
#5821=AXIS2_PLACEMENT_3D('',#9131,#7120,#7121);
#5822=AXIS2_PLACEMENT_3D('',#9134,#7123,#7124);
#5823=AXIS2_PLACEMENT_3D('',#9135,#7125,#7126);
#5824=AXIS2_PLACEMENT_3D('',#9136,#7127,#7128);
#5825=AXIS2_PLACEMENT_3D('',#9138,#7129,#7130);
#5826=AXIS2_PLACEMENT_3D('',#9141,#7132,#7133);
#5827=AXIS2_PLACEMENT_3D('',#9142,#7134,#7135);
#5828=AXIS2_PLACEMENT_3D('',#9143,#7136,#7137);
#5829=AXIS2_PLACEMENT_3D('',#9145,#7138,#7139);
#5830=AXIS2_PLACEMENT_3D('',#9148,#7141,#7142);
#5831=AXIS2_PLACEMENT_3D('',#9149,#7143,#7144);
#5832=AXIS2_PLACEMENT_3D('',#9151,#7145,#7146);
#5833=AXIS2_PLACEMENT_3D('',#9154,#7148,#7149);
#5834=AXIS2_PLACEMENT_3D('',#9155,#7150,#7151);
#5835=AXIS2_PLACEMENT_3D('',#9156,#7152,#7153);
#5836=AXIS2_PLACEMENT_3D('',#9158,#7154,#7155);
#5837=AXIS2_PLACEMENT_3D('',#9161,#7157,#7158);
#5838=AXIS2_PLACEMENT_3D('',#9162,#7159,#7160);
#5839=AXIS2_PLACEMENT_3D('',#9163,#7161,#7162);
#5840=AXIS2_PLACEMENT_3D('',#9165,#7163,#7164);
#5841=AXIS2_PLACEMENT_3D('',#9168,#7166,#7167);
#5842=AXIS2_PLACEMENT_3D('',#9169,#7168,#7169);
#5843=AXIS2_PLACEMENT_3D('',#9170,#7170,#7171);
#5844=AXIS2_PLACEMENT_3D('',#9172,#7172,#7173);
#5845=AXIS2_PLACEMENT_3D('',#9175,#7175,#7176);
#5846=AXIS2_PLACEMENT_3D('',#9176,#7177,#7178);
#5847=AXIS2_PLACEMENT_3D('',#9177,#7179,#7180);
#5848=AXIS2_PLACEMENT_3D('',#9179,#7181,#7182);
#5849=AXIS2_PLACEMENT_3D('',#9182,#7184,#7185);
#5850=AXIS2_PLACEMENT_3D('',#9183,#7186,#7187);
#5851=AXIS2_PLACEMENT_3D('',#9184,#7188,#7189);
#5852=AXIS2_PLACEMENT_3D('',#9186,#7190,#7191);
#5853=AXIS2_PLACEMENT_3D('',#9189,#7193,#7194);
#5854=AXIS2_PLACEMENT_3D('',#9190,#7195,#7196);
#5855=AXIS2_PLACEMENT_3D('',#9191,#7197,#7198);
#5856=AXIS2_PLACEMENT_3D('',#9193,#7199,#7200);
#5857=AXIS2_PLACEMENT_3D('',#9196,#7202,#7203);
#5858=AXIS2_PLACEMENT_3D('',#9197,#7204,#7205);
#5859=AXIS2_PLACEMENT_3D('',#9198,#7206,#7207);
#5860=AXIS2_PLACEMENT_3D('',#9200,#7208,#7209);
#5861=AXIS2_PLACEMENT_3D('',#9203,#7211,#7212);
#5862=AXIS2_PLACEMENT_3D('',#9204,#7213,#7214);
#5863=AXIS2_PLACEMENT_3D('',#9205,#7215,#7216);
#5864=AXIS2_PLACEMENT_3D('',#9207,#7217,#7218);
#5865=AXIS2_PLACEMENT_3D('',#9210,#7220,#7221);
#5866=AXIS2_PLACEMENT_3D('',#9211,#7222,#7223);
#5867=AXIS2_PLACEMENT_3D('',#9212,#7224,#7225);
#5868=AXIS2_PLACEMENT_3D('',#9214,#7226,#7227);
#5869=AXIS2_PLACEMENT_3D('',#9217,#7229,#7230);
#5870=AXIS2_PLACEMENT_3D('',#9218,#7231,#7232);
#5871=AXIS2_PLACEMENT_3D('',#9219,#7233,#7234);
#5872=AXIS2_PLACEMENT_3D('',#9221,#7235,#7236);
#5873=AXIS2_PLACEMENT_3D('',#9224,#7238,#7239);
#5874=AXIS2_PLACEMENT_3D('',#9225,#7240,#7241);
#5875=AXIS2_PLACEMENT_3D('',#9226,#7242,#7243);
#5876=AXIS2_PLACEMENT_3D('',#9228,#7244,#7245);
#5877=AXIS2_PLACEMENT_3D('',#9231,#7247,#7248);
#5878=AXIS2_PLACEMENT_3D('',#9232,#7249,#7250);
#5879=AXIS2_PLACEMENT_3D('',#9233,#7251,#7252);
#5880=AXIS2_PLACEMENT_3D('',#9235,#7253,#7254);
#5881=AXIS2_PLACEMENT_3D('',#9238,#7256,#7257);
#5882=AXIS2_PLACEMENT_3D('',#9239,#7258,#7259);
#5883=AXIS2_PLACEMENT_3D('',#9240,#7260,#7261);
#5884=AXIS2_PLACEMENT_3D('',#9242,#7262,#7263);
#5885=AXIS2_PLACEMENT_3D('',#9245,#7265,#7266);
#5886=AXIS2_PLACEMENT_3D('',#9246,#7267,#7268);
#5887=AXIS2_PLACEMENT_3D('',#9247,#7269,#7270);
#5888=AXIS2_PLACEMENT_3D('',#9249,#7271,#7272);
#5889=AXIS2_PLACEMENT_3D('',#9252,#7274,#7275);
#5890=AXIS2_PLACEMENT_3D('',#9253,#7276,#7277);
#5891=AXIS2_PLACEMENT_3D('',#9254,#7278,#7279);
#5892=AXIS2_PLACEMENT_3D('',#9256,#7280,#7281);
#5893=AXIS2_PLACEMENT_3D('',#9259,#7283,#7284);
#5894=AXIS2_PLACEMENT_3D('',#9260,#7285,#7286);
#5895=AXIS2_PLACEMENT_3D('',#9261,#7287,#7288);
#5896=AXIS2_PLACEMENT_3D('',#9263,#7289,#7290);
#5897=AXIS2_PLACEMENT_3D('',#9266,#7292,#7293);
#5898=AXIS2_PLACEMENT_3D('',#9267,#7294,#7295);
#5899=AXIS2_PLACEMENT_3D('',#9268,#7296,#7297);
#5900=AXIS2_PLACEMENT_3D('',#9270,#7298,#7299);
#5901=AXIS2_PLACEMENT_3D('',#9273,#7301,#7302);
#5902=AXIS2_PLACEMENT_3D('',#9274,#7303,#7304);
#5903=AXIS2_PLACEMENT_3D('',#9275,#7305,#7306);
#5904=AXIS2_PLACEMENT_3D('',#9277,#7307,#7308);
#5905=AXIS2_PLACEMENT_3D('',#9280,#7310,#7311);
#5906=AXIS2_PLACEMENT_3D('',#9281,#7312,#7313);
#5907=AXIS2_PLACEMENT_3D('',#9282,#7314,#7315);
#5908=AXIS2_PLACEMENT_3D('',#9284,#7316,#7317);
#5909=AXIS2_PLACEMENT_3D('',#9287,#7319,#7320);
#5910=AXIS2_PLACEMENT_3D('',#9288,#7321,#7322);
#5911=AXIS2_PLACEMENT_3D('',#9289,#7323,#7324);
#5912=AXIS2_PLACEMENT_3D('',#9300,#7329,#7330);
#5913=AXIS2_PLACEMENT_3D('',#9302,#7331,#7332);
#5914=AXIS2_PLACEMENT_3D('',#9304,#7333,#7334);
#5915=AXIS2_PLACEMENT_3D('',#9306,#7335,#7336);
#5916=AXIS2_PLACEMENT_3D('',#9308,#7337,#7338);
#5917=AXIS2_PLACEMENT_3D('',#9310,#7339,#7340);
#5918=AXIS2_PLACEMENT_3D('',#9312,#7341,#7342);
#5919=AXIS2_PLACEMENT_3D('',#9314,#7343,#7344);
#5920=AXIS2_PLACEMENT_3D('',#9316,#7345,#7346);
#5921=AXIS2_PLACEMENT_3D('',#9318,#7347,#7348);
#5922=AXIS2_PLACEMENT_3D('',#9320,#7349,#7350);
#5923=AXIS2_PLACEMENT_3D('',#9322,#7351,#7352);
#5924=AXIS2_PLACEMENT_3D('',#9324,#7353,#7354);
#5925=AXIS2_PLACEMENT_3D('',#9326,#7355,#7356);
#5926=AXIS2_PLACEMENT_3D('',#9328,#7357,#7358);
#5927=AXIS2_PLACEMENT_3D('',#9330,#7359,#7360);
#5928=AXIS2_PLACEMENT_3D('',#9332,#7361,#7362);
#5929=AXIS2_PLACEMENT_3D('',#9334,#7363,#7364);
#5930=AXIS2_PLACEMENT_3D('',#9340,#7367,#7368);
#5931=AXIS2_PLACEMENT_3D('',#9358,#7377,#7378);
#5932=AXIS2_PLACEMENT_3D('',#9362,#7380,#7381);
#5933=AXIS2_PLACEMENT_3D('',#9364,#7382,#7383);
#5934=AXIS2_PLACEMENT_3D('',#9366,#7384,#7385);
#5935=AXIS2_PLACEMENT_3D('',#9368,#7386,#7387);
#5936=AXIS2_PLACEMENT_3D('',#9370,#7388,#7389);
#5937=AXIS2_PLACEMENT_3D('',#9372,#7390,#7391);
#5938=AXIS2_PLACEMENT_3D('',#9374,#7392,#7393);
#5939=AXIS2_PLACEMENT_3D('',#9376,#7394,#7395);
#5940=AXIS2_PLACEMENT_3D('',#9378,#7396,#7397);
#5941=AXIS2_PLACEMENT_3D('',#9380,#7398,#7399);
#5942=AXIS2_PLACEMENT_3D('',#9382,#7400,#7401);
#5943=AXIS2_PLACEMENT_3D('',#9384,#7402,#7403);
#5944=AXIS2_PLACEMENT_3D('',#9386,#7404,#7405);
#5945=AXIS2_PLACEMENT_3D('',#9388,#7406,#7407);
#5946=AXIS2_PLACEMENT_3D('',#9390,#7408,#7409);
#5947=AXIS2_PLACEMENT_3D('',#9392,#7410,#7411);
#5948=AXIS2_PLACEMENT_3D('',#9394,#7412,#7413);
#5949=AXIS2_PLACEMENT_3D('',#9396,#7414,#7415);
#5950=AXIS2_PLACEMENT_3D('',#9400,#7418,#7419);
#5951=AXIS2_PLACEMENT_3D('',#9402,#7420,#7421);
#5952=AXIS2_PLACEMENT_3D('',#9403,#7422,#7423);
#5953=AXIS2_PLACEMENT_3D('',#9405,#7424,#7425);
#5954=AXIS2_PLACEMENT_3D('',#9407,#7426,#7427);
#5955=AXIS2_PLACEMENT_3D('',#9409,#7428,#7429);
#5956=AXIS2_PLACEMENT_3D('',#9410,#7430,#7431);
#5957=AXIS2_PLACEMENT_3D('',#9413,#7433,#7434);
#5958=AXIS2_PLACEMENT_3D('',#9414,#7435,#7436);
#5959=AXIS2_PLACEMENT_3D('',#9416,#7438,#7439);
#5960=AXIS2_PLACEMENT_3D('',#9420,#7442,#7443);
#5961=AXIS2_PLACEMENT_3D('',#9424,#7446,#7447);
#5962=AXIS2_PLACEMENT_3D('',#9426,#7449,#7450);
#5963=AXIS2_PLACEMENT_3D('',#9428,#7451,#7452);
#5964=AXIS2_PLACEMENT_3D('',#9429,#7453,#7454);
#5965=AXIS2_PLACEMENT_3D('',#9477,#7456,#7457);
#5966=AXIS2_PLACEMENT_3D('',#9485,#7462,#7463);
#5967=AXIS2_PLACEMENT_3D('',#9489,#7466,#7467);
#5968=AXIS2_PLACEMENT_3D('',#9495,#7471,#7472);
#5969=AXIS2_PLACEMENT_3D('',#9498,#7475,#7476);
#5970=AXIS2_PLACEMENT_3D('',#9499,#7477,#7478);
#5971=AXIS2_PLACEMENT_3D('',#9503,#7480,#7481);
#5972=AXIS2_PLACEMENT_3D('',#9509,#7484,#7485);
#5973=AXIS2_PLACEMENT_3D('',#9511,#7486,#7487);
#5974=AXIS2_PLACEMENT_3D('',#9513,#7488,#7489);
#5975=AXIS2_PLACEMENT_3D('',#9515,#7490,#7491);
#5976=AXIS2_PLACEMENT_3D('',#9517,#7492,#7493);
#5977=AXIS2_PLACEMENT_3D('',#9519,#7494,#7495);
#5978=AXIS2_PLACEMENT_3D('',#9521,#7496,#7497);
#5979=AXIS2_PLACEMENT_3D('',#9523,#7498,#7499);
#5980=AXIS2_PLACEMENT_3D('',#9525,#7500,#7501);
#5981=AXIS2_PLACEMENT_3D('',#9527,#7502,#7503);
#5982=AXIS2_PLACEMENT_3D('',#9529,#7504,#7505);
#5983=AXIS2_PLACEMENT_3D('',#9531,#7506,#7507);
#5984=AXIS2_PLACEMENT_3D('',#9533,#7508,#7509);
#5985=AXIS2_PLACEMENT_3D('',#9535,#7510,#7511);
#5986=AXIS2_PLACEMENT_3D('',#9537,#7512,#7513);
#5987=AXIS2_PLACEMENT_3D('',#9539,#7514,#7515);
#5988=AXIS2_PLACEMENT_3D('',#9541,#7516,#7517);
#5989=AXIS2_PLACEMENT_3D('',#9543,#7518,#7519);
#5990=AXIS2_PLACEMENT_3D('',#9547,#7521,#7522);
#5991=AXIS2_PLACEMENT_3D('',#9549,#7523,#7524);
#5992=AXIS2_PLACEMENT_3D('',#9551,#7525,#7526);
#5993=AXIS2_PLACEMENT_3D('',#9553,#7527,#7528);
#5994=AXIS2_PLACEMENT_3D('',#9555,#7529,#7530);
#5995=AXIS2_PLACEMENT_3D('',#9557,#7531,#7532);
#5996=AXIS2_PLACEMENT_3D('',#9559,#7533,#7534);
#5997=AXIS2_PLACEMENT_3D('',#9561,#7535,#7536);
#5998=AXIS2_PLACEMENT_3D('',#9563,#7537,#7538);
#5999=AXIS2_PLACEMENT_3D('',#9565,#7539,#7540);
#6000=AXIS2_PLACEMENT_3D('',#9567,#7541,#7542);
#6001=AXIS2_PLACEMENT_3D('',#9569,#7543,#7544);
#6002=AXIS2_PLACEMENT_3D('',#9571,#7545,#7546);
#6003=AXIS2_PLACEMENT_3D('',#9573,#7547,#7548);
#6004=AXIS2_PLACEMENT_3D('',#9575,#7549,#7550);
#6005=AXIS2_PLACEMENT_3D('',#9577,#7551,#7552);
#6006=AXIS2_PLACEMENT_3D('',#9579,#7553,#7554);
#6007=AXIS2_PLACEMENT_3D('',#9581,#7555,#7556);
#6008=AXIS2_PLACEMENT_3D('',#9585,#7558,#7559);
#6009=AXIS2_PLACEMENT_3D('',#9589,#7562,#7563);
#6010=AXIS2_PLACEMENT_3D('',#9591,#7565,#7566);
#6011=AXIS2_PLACEMENT_3D('',#9593,#7567,#7568);
#6012=AXIS2_PLACEMENT_3D('',#9595,#7569,#7570);
#6013=AXIS2_PLACEMENT_3D('',#9597,#7571,#7572);
#6014=AXIS2_PLACEMENT_3D('',#9598,#7573,#7574);
#6015=AXIS2_PLACEMENT_3D('',#9601,#7576,#7577);
#6016=AXIS2_PLACEMENT_3D('',#9602,#7578,#7579);
#6017=AXIS2_PLACEMENT_3D('',#9604,#7580,#7581);
#6018=AXIS2_PLACEMENT_3D('',#9605,#7582,#7583);
#6019=AXIS2_PLACEMENT_3D('',#9607,#7585,#7586);
#6020=AXIS2_PLACEMENT_3D('',#9611,#7589,#7590);
#6021=AXIS2_PLACEMENT_3D('',#9615,#7593,#7594);
#6022=AXIS2_PLACEMENT_3D('',#9617,#7596,#7597);
#6023=AXIS2_PLACEMENT_3D('',#9665,#7599,#7600);
#6024=AXIS2_PLACEMENT_3D('',#9667,#7601,#7602);
#6025=AXIS2_PLACEMENT_3D('',#9669,#7604,#7605);
#6026=AXIS2_PLACEMENT_3D('',#9677,#7611,#7612);
#6027=AXIS2_PLACEMENT_3D('',#9681,#7615,#7616);
#6028=AXIS2_PLACEMENT_3D('',#9685,#7619,#7620);
#6029=AXIS2_PLACEMENT_3D('',#9687,#7622,#7623);
#6030=AXIS2_PLACEMENT_3D('',#9688,#7624,#7625);
#6031=AXIS2_PLACEMENT_3D('',#9690,#7627,#7628);
#6032=AXIS2_PLACEMENT_3D('',#9691,#7629,#7630);
#6033=AXIS2_PLACEMENT_3D('',#9694,#7633,#7634);
#6034=AXIS2_PLACEMENT_3D('',#9696,#7636,#7637);
#6035=AXIS2_PLACEMENT_3D('',#9698,#7639,#7640);
#6036=AXIS2_PLACEMENT_3D('',#9700,#7642,#7643);
#6037=AXIS2_PLACEMENT_3D('',#9702,#7645,#7646);
#6038=AXIS2_PLACEMENT_3D('',#9704,#7648,#7649);
#6039=AXIS2_PLACEMENT_3D('',#9706,#7651,#7652);
#6040=AXIS2_PLACEMENT_3D('',#9708,#7654,#7655);
#6041=AXIS2_PLACEMENT_3D('',#9710,#7657,#7658);
#6042=AXIS2_PLACEMENT_3D('',#9712,#7660,#7661);
#6043=AXIS2_PLACEMENT_3D('',#9714,#7663,#7664);
#6044=AXIS2_PLACEMENT_3D('',#9716,#7666,#7667);
#6045=AXIS2_PLACEMENT_3D('',#9718,#7669,#7670);
#6046=AXIS2_PLACEMENT_3D('',#9720,#7672,#7673);
#6047=AXIS2_PLACEMENT_3D('',#9722,#7675,#7676);
#6048=AXIS2_PLACEMENT_3D('',#9724,#7678,#7679);
#6049=AXIS2_PLACEMENT_3D('',#9726,#7681,#7682);
#6050=AXIS2_PLACEMENT_3D('',#9728,#7684,#7685);
#6051=AXIS2_PLACEMENT_3D('',#9730,#7687,#7688);
#6052=AXIS2_PLACEMENT_3D('',#9731,#7689,#7690);
#6053=AXIS2_PLACEMENT_3D('',#9733,#7692,#7693);
#6054=AXIS2_PLACEMENT_3D('',#9735,#7695,#7696);
#6055=AXIS2_PLACEMENT_3D('',#9737,#7698,#7699);
#6056=AXIS2_PLACEMENT_3D('',#9739,#7701,#7702);
#6057=AXIS2_PLACEMENT_3D('',#9741,#7704,#7705);
#6058=AXIS2_PLACEMENT_3D('',#9743,#7707,#7708);
#6059=AXIS2_PLACEMENT_3D('',#9745,#7710,#7711);
#6060=AXIS2_PLACEMENT_3D('',#9747,#7713,#7714);
#6061=AXIS2_PLACEMENT_3D('',#9749,#7716,#7717);
#6062=AXIS2_PLACEMENT_3D('',#9751,#7719,#7720);
#6063=AXIS2_PLACEMENT_3D('',#9753,#7722,#7723);
#6064=AXIS2_PLACEMENT_3D('',#9755,#7725,#7726);
#6065=AXIS2_PLACEMENT_3D('',#9757,#7728,#7729);
#6066=AXIS2_PLACEMENT_3D('',#9759,#7731,#7732);
#6067=AXIS2_PLACEMENT_3D('',#9761,#7734,#7735);
#6068=AXIS2_PLACEMENT_3D('',#9763,#7737,#7738);
#6069=AXIS2_PLACEMENT_3D('',#9765,#7740,#7741);
#6070=AXIS2_PLACEMENT_3D('',#9767,#7743,#7744);
#6071=AXIS2_PLACEMENT_3D('',#9769,#7746,#7747);
#6072=AXIS2_PLACEMENT_3D('',#9771,#7749,#7750);
#6073=AXIS2_PLACEMENT_3D('',#9772,#7751,#7752);
#6074=DIRECTION('axis',(0.,0.,1.));
#6075=DIRECTION('refdir',(1.,0.,0.));
#6076=DIRECTION('center_axis',(0.,0.,1.));
#6077=DIRECTION('ref_axis',(1.,0.,0.));
#6078=DIRECTION('center_axis',(0.,0.,1.));
#6079=DIRECTION('ref_axis',(1.,0.,0.));
#6080=DIRECTION('',(0.,0.,1.));
#6081=DIRECTION('center_axis',(0.,0.,1.));
#6082=DIRECTION('ref_axis',(1.,0.,0.));
#6083=DIRECTION('center_axis',(0.,0.,1.));
#6084=DIRECTION('ref_axis',(1.,0.,0.));
#6085=DIRECTION('',(0.,0.,1.));
#6086=DIRECTION('center_axis',(0.,0.,1.));
#6087=DIRECTION('ref_axis',(1.,0.,0.));
#6088=DIRECTION('center_axis',(0.,0.,1.));
#6089=DIRECTION('ref_axis',(1.,0.,0.));
#6090=DIRECTION('',(0.,0.,1.));
#6091=DIRECTION('center_axis',(0.,0.,1.));
#6092=DIRECTION('ref_axis',(1.,0.,0.));
#6093=DIRECTION('center_axis',(0.,0.,1.));
#6094=DIRECTION('ref_axis',(1.,0.,0.));
#6095=DIRECTION('center_axis',(0.,0.,1.));
#6096=DIRECTION('ref_axis',(1.,0.,0.));
#6097=DIRECTION('center_axis',(0.,0.,1.));
#6098=DIRECTION('ref_axis',(1.,0.,0.));
#6099=DIRECTION('',(0.,0.,1.));
#6100=DIRECTION('center_axis',(0.,0.,1.));
#6101=DIRECTION('ref_axis',(1.,0.,0.));
#6102=DIRECTION('center_axis',(0.,0.,1.));
#6103=DIRECTION('ref_axis',(1.,0.,0.));
#6104=DIRECTION('center_axis',(-0.707106781186548,-0.707106781186548,0.));
#6105=DIRECTION('ref_axis',(0.,0.,1.));
#6106=DIRECTION('',(-0.707106781186548,-0.707106781186548,0.));
#6107=DIRECTION('center_axis',(-0.707106781186548,-0.707106781186547,0.));
#6108=DIRECTION('ref_axis',(0.,0.,1.));
#6109=DIRECTION('center_axis',(0.707106781186548,0.707106781186547,0.));
#6110=DIRECTION('ref_axis',(0.,0.,1.));
#6111=DIRECTION('center_axis',(-0.707106781186548,-0.707106781186548,0.));
#6112=DIRECTION('ref_axis',(0.,0.,1.));
#6113=DIRECTION('',(-0.707106781186548,-0.707106781186548,0.));
#6114=DIRECTION('center_axis',(0.,0.,1.));
#6115=DIRECTION('ref_axis',(1.,0.,0.));
#6116=DIRECTION('center_axis',(0.,0.,1.));
#6117=DIRECTION('ref_axis',(1.,0.,0.));
#6118=DIRECTION('center_axis',(-0.38268343236509,-0.923879532511287,0.));
#6119=DIRECTION('ref_axis',(0.,0.,1.));
#6120=DIRECTION('',(-0.38268343236509,-0.923879532511287,0.));
#6121=DIRECTION('center_axis',(-0.38268343236509,-0.923879532511287,0.));
#6122=DIRECTION('ref_axis',(0.,0.,1.));
#6123=DIRECTION('center_axis',(-0.38268343236509,-0.923879532511287,0.));
#6124=DIRECTION('ref_axis',(0.,0.,1.));
#6125=DIRECTION('',(-0.38268343236509,-0.923879532511287,0.));
#6126=DIRECTION('center_axis',(-0.38268343236509,-0.923879532511287,0.));
#6127=DIRECTION('ref_axis',(0.,0.,1.));
#6128=DIRECTION('center_axis',(0.,0.,1.));
#6129=DIRECTION('ref_axis',(1.,0.,0.));
#6130=DIRECTION('center_axis',(0.,0.,1.));
#6131=DIRECTION('ref_axis',(1.,0.,0.));
#6132=DIRECTION('',(0.,0.,1.));
#6133=DIRECTION('center_axis',(0.,0.,1.));
#6134=DIRECTION('ref_axis',(1.,0.,0.));
#6135=DIRECTION('center_axis',(0.,0.,1.));
#6136=DIRECTION('ref_axis',(1.,0.,0.));
#6137=DIRECTION('center_axis',(0.,0.,1.));
#6138=DIRECTION('ref_axis',(1.,0.,0.));
#6139=DIRECTION('center_axis',(0.258819045102521,0.965925826289068,0.));
#6140=DIRECTION('ref_axis',(0.,0.,1.));
#6141=DIRECTION('',(0.258819045102521,0.965925826289068,0.));
#6142=DIRECTION('center_axis',(0.258819045102521,0.965925826289068,0.));
#6143=DIRECTION('ref_axis',(0.,0.,1.));
#6144=DIRECTION('center_axis',(0.258819045102521,0.965925826289068,0.));
#6145=DIRECTION('ref_axis',(0.,0.,1.));
#6146=DIRECTION('',(0.258819045102521,0.965925826289068,0.));
#6147=DIRECTION('center_axis',(0.258819045102521,0.965925826289068,0.));
#6148=DIRECTION('ref_axis',(0.,0.,1.));
#6149=DIRECTION('center_axis',(0.,0.,1.));
#6150=DIRECTION('ref_axis',(1.,0.,0.));
#6151=DIRECTION('center_axis',(0.,0.,1.));
#6152=DIRECTION('ref_axis',(1.,0.,0.));
#6153=DIRECTION('',(0.,0.,1.));
#6154=DIRECTION('center_axis',(0.,0.,1.));
#6155=DIRECTION('ref_axis',(1.,0.,0.));
#6156=DIRECTION('center_axis',(0.,0.,1.));
#6157=DIRECTION('ref_axis',(1.,0.,0.));
#6158=DIRECTION('center_axis',(0.,0.,1.));
#6159=DIRECTION('ref_axis',(1.,0.,0.));
#6160=DIRECTION('center_axis',(-0.707106447853238,0.7071071145197,0.));
#6161=DIRECTION('ref_axis',(-0.7071071145197,-0.707106447853238,0.));
#6162=DIRECTION('',(-0.7071071145197,-0.707106447853238,0.));
#6163=DIRECTION('',(0.,0.,1.));
#6164=DIRECTION('',(-0.7071071145197,-0.707106447853238,0.));
#6165=DIRECTION('',(0.,0.,1.));
#6166=DIRECTION('center_axis',(0.,0.,1.));
#6167=DIRECTION('ref_axis',(0.707106781186547,-0.707106781186547,0.));
#6168=DIRECTION('center_axis',(0.,0.,1.));
#6169=DIRECTION('ref_axis',(0.707106781186547,-0.707106781186547,0.));
#6170=DIRECTION('',(0.,0.,1.));
#6171=DIRECTION('center_axis',(0.,0.,1.));
#6172=DIRECTION('ref_axis',(0.707106781186547,-0.707106781186547,0.));
#6173=DIRECTION('center_axis',(0.7071071145197,-0.707106447853238,0.));
#6174=DIRECTION('ref_axis',(0.707106447853238,0.7071071145197,0.));
#6175=DIRECTION('',(0.707106447853238,0.7071071145197,0.));
#6176=DIRECTION('',(0.,0.,1.));
#6177=DIRECTION('',(0.707106447853238,0.7071071145197,0.));
#6178=DIRECTION('center_axis',(0.,0.,1.));
#6179=DIRECTION('ref_axis',(-0.707106872095629,0.707106690277455,0.));
#6180=DIRECTION('center_axis',(0.,0.,1.));
#6181=DIRECTION('ref_axis',(-0.707106872095629,0.707106690277455,0.));
#6182=DIRECTION('center_axis',(0.,0.,1.));
#6183=DIRECTION('ref_axis',(-0.707106872095629,0.707106690277455,0.));
#6184=DIRECTION('center_axis',(0.,0.,1.));
#6185=DIRECTION('ref_axis',(1.,0.,0.));
#6186=DIRECTION('',(0.707106447853239,0.707107114519699,0.));
#6187=DIRECTION('center_axis',(0.,0.,-1.));
#6188=DIRECTION('ref_axis',(-0.70710696300472,0.707106599368329,0.));
#6189=DIRECTION('',(-0.707107114519699,-0.707106447853239,0.));
#6190=DIRECTION('center_axis',(0.,0.,-1.));
#6191=DIRECTION('ref_axis',(0.707106781186546,-0.707106781186549,0.));
#6192=DIRECTION('center_axis',(0.707106447853238,-0.7071071145197,0.));
#6193=DIRECTION('ref_axis',(0.7071071145197,0.707106447853238,0.));
#6194=DIRECTION('',(0.7071071145197,0.707106447853238,0.));
#6195=DIRECTION('',(0.,0.,1.));
#6196=DIRECTION('',(0.7071071145197,0.707106447853238,0.));
#6197=DIRECTION('',(0.,0.,1.));
#6198=DIRECTION('center_axis',(0.,0.,1.));
#6199=DIRECTION('ref_axis',(-0.707106781186547,0.707106781186547,0.));
#6200=DIRECTION('center_axis',(0.,0.,1.));
#6201=DIRECTION('ref_axis',(-0.707106781186547,0.707106781186547,0.));
#6202=DIRECTION('',(0.,0.,1.));
#6203=DIRECTION('center_axis',(0.,0.,1.));
#6204=DIRECTION('ref_axis',(-0.707106781186547,0.707106781186547,0.));
#6205=DIRECTION('center_axis',(-0.7071071145197,0.707106447853238,0.));
#6206=DIRECTION('ref_axis',(-0.707106447853238,-0.7071071145197,0.));
#6207=DIRECTION('',(-0.707106447853238,-0.7071071145197,0.));
#6208=DIRECTION('',(0.,0.,1.));
#6209=DIRECTION('',(-0.707106447853238,-0.7071071145197,0.));
#6210=DIRECTION('center_axis',(0.,0.,1.));
#6211=DIRECTION('ref_axis',(0.707106872095628,-0.707106690277455,0.));
#6212=DIRECTION('center_axis',(0.,0.,1.));
#6213=DIRECTION('ref_axis',(0.707106872095628,-0.707106690277455,0.));
#6214=DIRECTION('center_axis',(0.,0.,1.));
#6215=DIRECTION('ref_axis',(0.707106872095628,-0.707106690277455,0.));
#6216=DIRECTION('center_axis',(0.,0.,1.));
#6217=DIRECTION('ref_axis',(1.,0.,0.));
#6218=DIRECTION('',(-0.707106447853239,-0.707107114519699,0.));
#6219=DIRECTION('center_axis',(0.,0.,-1.));
#6220=DIRECTION('ref_axis',(0.70710696300472,-0.707106599368329,0.));
#6221=DIRECTION('',(0.707107114519699,0.707106447853239,0.));
#6222=DIRECTION('center_axis',(0.,0.,-1.));
#6223=DIRECTION('ref_axis',(-0.707106781186546,0.707106781186549,0.));
#6224=DIRECTION('center_axis',(-0.866025552838214,-0.4999997418312,0.));
#6225=DIRECTION('ref_axis',(0.4999997418312,-0.866025552838214,0.));
#6226=DIRECTION('',(0.4999997418312,-0.866025552838214,0.));
#6227=DIRECTION('',(0.,0.,1.));
#6228=DIRECTION('',(0.4999997418312,-0.866025552838214,0.));
#6229=DIRECTION('',(0.,0.,1.));
#6230=DIRECTION('center_axis',(0.,0.,1.));
#6231=DIRECTION('ref_axis',(0.866025416474692,0.499999978019836,0.));
#6232=DIRECTION('center_axis',(0.,0.,1.));
#6233=DIRECTION('ref_axis',(0.866025416474692,0.499999978019836,0.));
#6234=DIRECTION('',(0.,0.,1.));
#6235=DIRECTION('center_axis',(0.,0.,1.));
#6236=DIRECTION('ref_axis',(0.866025416474692,0.499999978019836,0.));
#6237=DIRECTION('center_axis',(0.866025552838214,0.4999997418312,0.));
#6238=DIRECTION('ref_axis',(-0.4999997418312,0.866025552838214,0.));
#6239=DIRECTION('',(-0.4999997418312,0.866025552838214,0.));
#6240=DIRECTION('',(0.,0.,1.));
#6241=DIRECTION('',(-0.4999997418312,0.866025552838214,0.));
#6242=DIRECTION('center_axis',(0.,0.,1.));
#6243=DIRECTION('ref_axis',(-0.86602541647469,-0.499999978019839,0.));
#6244=DIRECTION('center_axis',(0.,0.,1.));
#6245=DIRECTION('ref_axis',(-0.86602541647469,-0.499999978019839,0.));
#6246=DIRECTION('center_axis',(0.,0.,1.));
#6247=DIRECTION('ref_axis',(-0.86602541647469,-0.499999978019839,0.));
#6248=DIRECTION('center_axis',(0.,0.,1.));
#6249=DIRECTION('ref_axis',(1.,0.,0.));
#6250=DIRECTION('',(-0.4999997418312,0.866025552838214,0.));
#6251=DIRECTION('center_axis',(0.,0.,-1.));
#6252=DIRECTION('ref_axis',(-0.866025416474693,-0.499999978019834,0.));
#6253=DIRECTION('',(0.499999741831195,-0.866025552838217,0.));
#6254=DIRECTION('center_axis',(0.,0.,-1.));
#6255=DIRECTION('ref_axis',(0.866025416474689,0.49999997801984,0.));
#6256=DIRECTION('center_axis',(-0.866025552838214,0.4999997418312,0.));
#6257=DIRECTION('ref_axis',(-0.4999997418312,-0.866025552838214,0.));
#6258=DIRECTION('',(-0.4999997418312,-0.866025552838214,0.));
#6259=DIRECTION('',(0.,0.,1.));
#6260=DIRECTION('',(-0.4999997418312,-0.866025552838214,0.));
#6261=DIRECTION('',(0.,0.,1.));
#6262=DIRECTION('center_axis',(0.,0.,1.));
#6263=DIRECTION('ref_axis',(0.866025416474692,-0.499999978019836,0.));
#6264=DIRECTION('center_axis',(0.,0.,1.));
#6265=DIRECTION('ref_axis',(0.866025416474692,-0.499999978019836,0.));
#6266=DIRECTION('',(0.,0.,1.));
#6267=DIRECTION('center_axis',(0.,0.,1.));
#6268=DIRECTION('ref_axis',(0.866025416474692,-0.499999978019836,0.));
#6269=DIRECTION('center_axis',(0.866025552838214,-0.4999997418312,0.));
#6270=DIRECTION('ref_axis',(0.4999997418312,0.866025552838214,0.));
#6271=DIRECTION('',(0.4999997418312,0.866025552838214,0.));
#6272=DIRECTION('',(0.,0.,1.));
#6273=DIRECTION('',(0.4999997418312,0.866025552838214,0.));
#6274=DIRECTION('center_axis',(0.,0.,1.));
#6275=DIRECTION('ref_axis',(-0.866025416474693,0.499999978019834,0.));
#6276=DIRECTION('center_axis',(0.,0.,1.));
#6277=DIRECTION('ref_axis',(-0.866025416474693,0.499999978019834,0.));
#6278=DIRECTION('center_axis',(0.,0.,1.));
#6279=DIRECTION('ref_axis',(-0.866025416474693,0.499999978019834,0.));
#6280=DIRECTION('center_axis',(0.,0.,1.));
#6281=DIRECTION('ref_axis',(1.,0.,0.));
#6282=DIRECTION('',(0.499999741831195,0.866025552838217,0.));
#6283=DIRECTION('center_axis',(0.,0.,-1.));
#6284=DIRECTION('ref_axis',(-0.866025416474692,0.499999978019835,0.));
#6285=DIRECTION('',(-0.4999997418312,-0.866025552838214,0.));
#6286=DIRECTION('center_axis',(0.,0.,-1.));
#6287=DIRECTION('ref_axis',(0.866025416474693,-0.499999978019834,0.));
#6288=DIRECTION('center_axis',(-0.4999997418312,0.866025552838214,0.));
#6289=DIRECTION('ref_axis',(-0.866025552838214,-0.4999997418312,0.));
#6290=DIRECTION('',(-0.866025552838214,-0.4999997418312,0.));
#6291=DIRECTION('',(0.,0.,1.));
#6292=DIRECTION('',(-0.866025552838214,-0.4999997418312,0.));
#6293=DIRECTION('',(0.,0.,1.));
#6294=DIRECTION('center_axis',(0.,0.,1.));
#6295=DIRECTION('ref_axis',(0.499999978019836,-0.866025416474692,0.));
#6296=DIRECTION('center_axis',(0.,0.,1.));
#6297=DIRECTION('ref_axis',(0.499999978019836,-0.866025416474692,0.));
#6298=DIRECTION('',(0.,0.,1.));
#6299=DIRECTION('center_axis',(0.,0.,1.));
#6300=DIRECTION('ref_axis',(0.499999978019836,-0.866025416474692,0.));
#6301=DIRECTION('center_axis',(0.4999997418312,-0.866025552838214,0.));
#6302=DIRECTION('ref_axis',(0.866025552838214,0.4999997418312,0.));
#6303=DIRECTION('',(0.866025552838214,0.4999997418312,0.));
#6304=DIRECTION('',(0.,0.,1.));
#6305=DIRECTION('',(0.866025552838214,0.4999997418312,0.));
#6306=DIRECTION('center_axis',(0.,0.,1.));
#6307=DIRECTION('ref_axis',(-0.499999978019839,0.86602541647469,0.));
#6308=DIRECTION('center_axis',(0.,0.,1.));
#6309=DIRECTION('ref_axis',(-0.499999978019839,0.86602541647469,0.));
#6310=DIRECTION('center_axis',(0.,0.,1.));
#6311=DIRECTION('ref_axis',(-0.499999978019839,0.86602541647469,0.));
#6312=DIRECTION('center_axis',(0.,0.,1.));
#6313=DIRECTION('ref_axis',(1.,0.,0.));
#6314=DIRECTION('',(0.866025552838214,0.4999997418312,0.));
#6315=DIRECTION('center_axis',(0.,0.,-1.));
#6316=DIRECTION('ref_axis',(-0.499999978019834,0.866025416474693,0.));
#6317=DIRECTION('',(-0.866025552838217,-0.499999741831195,0.));
#6318=DIRECTION('center_axis',(0.,0.,-1.));
#6319=DIRECTION('ref_axis',(0.49999997801984,-0.866025416474689,0.));
#6320=DIRECTION('center_axis',(0.4999997418312,0.866025552838214,0.));
#6321=DIRECTION('ref_axis',(-0.866025552838214,0.4999997418312,0.));
#6322=DIRECTION('',(-0.866025552838214,0.4999997418312,0.));
#6323=DIRECTION('',(0.,0.,1.));
#6324=DIRECTION('',(-0.866025552838214,0.4999997418312,0.));
#6325=DIRECTION('',(0.,0.,1.));
#6326=DIRECTION('center_axis',(0.,0.,1.));
#6327=DIRECTION('ref_axis',(-0.499999978019836,-0.866025416474692,0.));
#6328=DIRECTION('center_axis',(0.,0.,1.));
#6329=DIRECTION('ref_axis',(-0.499999978019836,-0.866025416474692,0.));
#6330=DIRECTION('',(0.,0.,1.));
#6331=DIRECTION('center_axis',(0.,0.,1.));
#6332=DIRECTION('ref_axis',(-0.499999978019836,-0.866025416474692,0.));
#6333=DIRECTION('center_axis',(-0.4999997418312,-0.866025552838214,0.));
#6334=DIRECTION('ref_axis',(0.866025552838214,-0.4999997418312,0.));
#6335=DIRECTION('',(0.866025552838214,-0.4999997418312,0.));
#6336=DIRECTION('',(0.,0.,1.));
#6337=DIRECTION('',(0.866025552838214,-0.4999997418312,0.));
#6338=DIRECTION('center_axis',(0.,0.,1.));
#6339=DIRECTION('ref_axis',(0.499999978019834,0.866025416474693,0.));
#6340=DIRECTION('center_axis',(0.,0.,1.));
#6341=DIRECTION('ref_axis',(0.499999978019834,0.866025416474693,0.));
#6342=DIRECTION('center_axis',(0.,0.,1.));
#6343=DIRECTION('ref_axis',(0.499999978019834,0.866025416474693,0.));
#6344=DIRECTION('center_axis',(0.,0.,1.));
#6345=DIRECTION('ref_axis',(1.,0.,0.));
#6346=DIRECTION('',(0.866025552838217,-0.499999741831195,0.));
#6347=DIRECTION('center_axis',(0.,0.,-1.));
#6348=DIRECTION('ref_axis',(0.499999978019835,0.866025416474692,0.));
#6349=DIRECTION('',(-0.866025552838214,0.4999997418312,0.));
#6350=DIRECTION('center_axis',(0.,0.,-1.));
#6351=DIRECTION('ref_axis',(-0.499999978019834,-0.866025416474693,0.));
#6352=DIRECTION('center_axis',(1.,0.,0.));
#6353=DIRECTION('ref_axis',(0.,1.,0.));
#6354=DIRECTION('',(0.,1.,0.));
#6355=DIRECTION('',(0.,0.,1.));
#6356=DIRECTION('',(0.,1.,0.));
#6357=DIRECTION('',(0.,0.,1.));
#6358=DIRECTION('center_axis',(0.,0.,1.));
#6359=DIRECTION('ref_axis',(-1.,0.,0.));
#6360=DIRECTION('center_axis',(0.,0.,1.));
#6361=DIRECTION('ref_axis',(-1.,0.,0.));
#6362=DIRECTION('',(0.,0.,1.));
#6363=DIRECTION('center_axis',(0.,0.,1.));
#6364=DIRECTION('ref_axis',(-1.,0.,0.));
#6365=DIRECTION('center_axis',(-1.,0.,0.));
#6366=DIRECTION('ref_axis',(0.,-1.,0.));
#6367=DIRECTION('',(0.,-1.,0.));
#6368=DIRECTION('',(0.,0.,1.));
#6369=DIRECTION('',(0.,-1.,0.));
#6370=DIRECTION('center_axis',(0.,0.,1.));
#6371=DIRECTION('ref_axis',(1.,0.,0.));
#6372=DIRECTION('center_axis',(0.,0.,1.));
#6373=DIRECTION('ref_axis',(1.,0.,0.));
#6374=DIRECTION('center_axis',(0.,0.,1.));
#6375=DIRECTION('ref_axis',(1.,0.,0.));
#6376=DIRECTION('center_axis',(0.,0.,1.));
#6377=DIRECTION('ref_axis',(1.,0.,0.));
#6378=DIRECTION('',(0.,-1.,0.));
#6379=DIRECTION('center_axis',(0.,0.,-1.));
#6380=DIRECTION('ref_axis',(1.,0.,0.));
#6381=DIRECTION('',(0.,1.,0.));
#6382=DIRECTION('center_axis',(0.,0.,-1.));
#6383=DIRECTION('ref_axis',(-1.,0.,0.));
#6384=DIRECTION('center_axis',(0.4999997418312,-0.866025552838214,0.));
#6385=DIRECTION('ref_axis',(0.866025552838214,0.4999997418312,0.));
#6386=DIRECTION('',(0.866025552838214,0.4999997418312,0.));
#6387=DIRECTION('',(0.,0.,1.));
#6388=DIRECTION('',(0.866025552838214,0.4999997418312,0.));
#6389=DIRECTION('',(0.,0.,1.));
#6390=DIRECTION('center_axis',(0.,0.,1.));
#6391=DIRECTION('ref_axis',(-0.499999978019836,0.866025416474692,0.));
#6392=DIRECTION('center_axis',(0.,0.,1.));
#6393=DIRECTION('ref_axis',(-0.499999978019836,0.866025416474692,0.));
#6394=DIRECTION('',(0.,0.,1.));
#6395=DIRECTION('center_axis',(0.,0.,1.));
#6396=DIRECTION('ref_axis',(-0.499999978019836,0.866025416474692,0.));
#6397=DIRECTION('center_axis',(-0.4999997418312,0.866025552838214,0.));
#6398=DIRECTION('ref_axis',(-0.866025552838214,-0.4999997418312,0.));
#6399=DIRECTION('',(-0.866025552838214,-0.4999997418312,0.));
#6400=DIRECTION('',(0.,0.,1.));
#6401=DIRECTION('',(-0.866025552838214,-0.4999997418312,0.));
#6402=DIRECTION('center_axis',(0.,0.,1.));
#6403=DIRECTION('ref_axis',(0.499999978019836,-0.866025416474692,0.));
#6404=DIRECTION('center_axis',(0.,0.,1.));
#6405=DIRECTION('ref_axis',(0.499999978019836,-0.866025416474692,0.));
#6406=DIRECTION('center_axis',(0.,0.,1.));
#6407=DIRECTION('ref_axis',(0.499999978019836,-0.866025416474692,0.));
#6408=DIRECTION('center_axis',(0.,0.,1.));
#6409=DIRECTION('ref_axis',(1.,0.,0.));
#6410=DIRECTION('',(-0.866025552838214,-0.4999997418312,0.));
#6411=DIRECTION('center_axis',(0.,0.,-1.));
#6412=DIRECTION('ref_axis',(0.499999978019834,-0.866025416474693,0.));
#6413=DIRECTION('',(0.866025552838217,0.499999741831195,0.));
#6414=DIRECTION('center_axis',(0.,0.,-1.));
#6415=DIRECTION('ref_axis',(-0.49999997801984,0.866025416474689,0.));
#6416=DIRECTION('center_axis',(0.866025552838214,-0.4999997418312,0.));
#6417=DIRECTION('ref_axis',(0.4999997418312,0.866025552838214,0.));
#6418=DIRECTION('',(0.4999997418312,0.866025552838214,0.));
#6419=DIRECTION('',(0.,0.,1.));
#6420=DIRECTION('',(0.4999997418312,0.866025552838214,0.));
#6421=DIRECTION('',(0.,0.,1.));
#6422=DIRECTION('center_axis',(0.,0.,1.));
#6423=DIRECTION('ref_axis',(-0.866025416474692,0.499999978019836,0.));
#6424=DIRECTION('center_axis',(0.,0.,1.));
#6425=DIRECTION('ref_axis',(-0.866025416474692,0.499999978019836,0.));
#6426=DIRECTION('',(0.,0.,1.));
#6427=DIRECTION('center_axis',(0.,0.,1.));
#6428=DIRECTION('ref_axis',(-0.866025416474692,0.499999978019836,0.));
#6429=DIRECTION('center_axis',(-0.866025552838214,0.4999997418312,0.));
#6430=DIRECTION('ref_axis',(-0.4999997418312,-0.866025552838214,0.));
#6431=DIRECTION('',(-0.4999997418312,-0.866025552838214,0.));
#6432=DIRECTION('',(0.,0.,1.));
#6433=DIRECTION('',(-0.4999997418312,-0.866025552838214,0.));
#6434=DIRECTION('center_axis',(0.,0.,1.));
#6435=DIRECTION('ref_axis',(0.866025416474693,-0.499999978019834,0.));
#6436=DIRECTION('center_axis',(0.,0.,1.));
#6437=DIRECTION('ref_axis',(0.866025416474693,-0.499999978019834,0.));
#6438=DIRECTION('center_axis',(0.,0.,1.));
#6439=DIRECTION('ref_axis',(0.866025416474693,-0.499999978019834,0.));
#6440=DIRECTION('center_axis',(0.,0.,1.));
#6441=DIRECTION('ref_axis',(1.,0.,0.));
#6442=DIRECTION('',(-0.499999741831195,-0.866025552838217,0.));
#6443=DIRECTION('center_axis',(0.,0.,-1.));
#6444=DIRECTION('ref_axis',(0.866025416474692,-0.499999978019835,0.));
#6445=DIRECTION('',(0.4999997418312,0.866025552838214,0.));
#6446=DIRECTION('center_axis',(0.,0.,-1.));
#6447=DIRECTION('ref_axis',(-0.866025416474693,0.499999978019834,0.));
#6448=DIRECTION('center_axis',(0.866025552838214,0.4999997418312,0.));
#6449=DIRECTION('ref_axis',(-0.4999997418312,0.866025552838214,0.));
#6450=DIRECTION('',(-0.4999997418312,0.866025552838214,0.));
#6451=DIRECTION('',(0.,0.,1.));
#6452=DIRECTION('',(-0.4999997418312,0.866025552838214,0.));
#6453=DIRECTION('',(0.,0.,1.));
#6454=DIRECTION('center_axis',(0.,0.,1.));
#6455=DIRECTION('ref_axis',(-0.866025416474692,-0.499999978019836,0.));
#6456=DIRECTION('center_axis',(0.,0.,1.));
#6457=DIRECTION('ref_axis',(-0.866025416474692,-0.499999978019836,0.));
#6458=DIRECTION('',(0.,0.,1.));
#6459=DIRECTION('center_axis',(0.,0.,1.));
#6460=DIRECTION('ref_axis',(-0.866025416474692,-0.499999978019836,0.));
#6461=DIRECTION('center_axis',(-0.866025552838214,-0.4999997418312,0.));
#6462=DIRECTION('ref_axis',(0.4999997418312,-0.866025552838214,0.));
#6463=DIRECTION('',(0.4999997418312,-0.866025552838214,0.));
#6464=DIRECTION('',(0.,0.,1.));
#6465=DIRECTION('',(0.4999997418312,-0.866025552838214,0.));
#6466=DIRECTION('center_axis',(0.,0.,1.));
#6467=DIRECTION('ref_axis',(0.86602541647469,0.499999978019839,0.));
#6468=DIRECTION('center_axis',(0.,0.,1.));
#6469=DIRECTION('ref_axis',(0.86602541647469,0.499999978019839,0.));
#6470=DIRECTION('center_axis',(0.,0.,1.));
#6471=DIRECTION('ref_axis',(0.86602541647469,0.499999978019839,0.));
#6472=DIRECTION('center_axis',(0.,0.,1.));
#6473=DIRECTION('ref_axis',(1.,0.,0.));
#6474=DIRECTION('',(0.4999997418312,-0.866025552838214,0.));
#6475=DIRECTION('center_axis',(0.,0.,-1.));
#6476=DIRECTION('ref_axis',(0.866025416474693,0.499999978019834,0.));
#6477=DIRECTION('',(-0.499999741831195,0.866025552838217,0.));
#6478=DIRECTION('center_axis',(0.,0.,-1.));
#6479=DIRECTION('ref_axis',(-0.866025416474689,-0.49999997801984,0.));
#6480=DIRECTION('center_axis',(0.,1.,0.));
#6481=DIRECTION('ref_axis',(-1.,0.,0.));
#6482=DIRECTION('',(-1.,0.,0.));
#6483=DIRECTION('',(0.,0.,1.));
#6484=DIRECTION('',(-1.,0.,0.));
#6485=DIRECTION('',(0.,0.,1.));
#6486=DIRECTION('center_axis',(0.,0.,1.));
#6487=DIRECTION('ref_axis',(0.,-1.,0.));
#6488=DIRECTION('center_axis',(0.,0.,1.));
#6489=DIRECTION('ref_axis',(0.,-1.,0.));
#6490=DIRECTION('',(0.,0.,1.));
#6491=DIRECTION('center_axis',(0.,0.,1.));
#6492=DIRECTION('ref_axis',(0.,-1.,0.));
#6493=DIRECTION('center_axis',(0.,-1.,0.));
#6494=DIRECTION('ref_axis',(1.,0.,0.));
#6495=DIRECTION('',(1.,0.,0.));
#6496=DIRECTION('',(0.,0.,1.));
#6497=DIRECTION('',(1.,0.,0.));
#6498=DIRECTION('center_axis',(0.,0.,1.));
#6499=DIRECTION('ref_axis',(0.,1.,0.));
#6500=DIRECTION('center_axis',(0.,0.,1.));
#6501=DIRECTION('ref_axis',(0.,1.,0.));
#6502=DIRECTION('center_axis',(0.,0.,1.));
#6503=DIRECTION('ref_axis',(0.,1.,0.));
#6504=DIRECTION('center_axis',(0.,0.,1.));
#6505=DIRECTION('ref_axis',(1.,0.,0.));
#6506=DIRECTION('',(1.,0.,0.));
#6507=DIRECTION('center_axis',(0.,0.,-1.));
#6508=DIRECTION('ref_axis',(0.,1.,0.));
#6509=DIRECTION('',(-1.,0.,0.));
#6510=DIRECTION('center_axis',(0.,0.,-1.));
#6511=DIRECTION('ref_axis',(0.,-1.,0.));
#6512=DIRECTION('center_axis',(0.,-1.,0.));
#6513=DIRECTION('ref_axis',(1.,0.,0.));
#6514=DIRECTION('',(1.,0.,0.));
#6515=DIRECTION('',(0.,0.,1.));
#6516=DIRECTION('',(1.,0.,0.));
#6517=DIRECTION('',(0.,0.,1.));
#6518=DIRECTION('center_axis',(0.,0.,1.));
#6519=DIRECTION('ref_axis',(0.,1.,0.));
#6520=DIRECTION('center_axis',(0.,0.,1.));
#6521=DIRECTION('ref_axis',(0.,1.,0.));
#6522=DIRECTION('',(0.,0.,1.));
#6523=DIRECTION('center_axis',(0.,0.,1.));
#6524=DIRECTION('ref_axis',(0.,1.,0.));
#6525=DIRECTION('center_axis',(0.,1.,0.));
#6526=DIRECTION('ref_axis',(-1.,0.,0.));
#6527=DIRECTION('',(-1.,0.,0.));
#6528=DIRECTION('',(0.,0.,1.));
#6529=DIRECTION('',(-1.,0.,0.));
#6530=DIRECTION('center_axis',(0.,0.,1.));
#6531=DIRECTION('ref_axis',(0.,-1.,0.));
#6532=DIRECTION('center_axis',(0.,0.,1.));
#6533=DIRECTION('ref_axis',(0.,-1.,0.));
#6534=DIRECTION('center_axis',(0.,0.,1.));
#6535=DIRECTION('ref_axis',(0.,-1.,0.));
#6536=DIRECTION('center_axis',(0.,0.,1.));
#6537=DIRECTION('ref_axis',(1.,0.,0.));
#6538=DIRECTION('',(-1.,0.,0.));
#6539=DIRECTION('center_axis',(0.,0.,-1.));
#6540=DIRECTION('ref_axis',(0.,-1.,0.));
#6541=DIRECTION('',(1.,0.,0.));
#6542=DIRECTION('center_axis',(0.,0.,-1.));
#6543=DIRECTION('ref_axis',(0.,1.,0.));
#6544=DIRECTION('center_axis',(-1.,0.,0.));
#6545=DIRECTION('ref_axis',(0.,-1.,0.));
#6546=DIRECTION('',(0.,-1.,0.));
#6547=DIRECTION('',(0.,0.,1.));
#6548=DIRECTION('',(0.,-1.,0.));
#6549=DIRECTION('',(0.,0.,1.));
#6550=DIRECTION('center_axis',(0.,0.,1.));
#6551=DIRECTION('ref_axis',(1.,0.,0.));
#6552=DIRECTION('center_axis',(0.,0.,1.));
#6553=DIRECTION('ref_axis',(1.,0.,0.));
#6554=DIRECTION('',(0.,0.,1.));
#6555=DIRECTION('center_axis',(0.,0.,1.));
#6556=DIRECTION('ref_axis',(1.,0.,0.));
#6557=DIRECTION('center_axis',(1.,0.,0.));
#6558=DIRECTION('ref_axis',(0.,1.,0.));
#6559=DIRECTION('',(0.,1.,0.));
#6560=DIRECTION('',(0.,0.,1.));
#6561=DIRECTION('',(0.,1.,0.));
#6562=DIRECTION('center_axis',(0.,0.,1.));
#6563=DIRECTION('ref_axis',(-1.,0.,0.));
#6564=DIRECTION('center_axis',(0.,0.,1.));
#6565=DIRECTION('ref_axis',(-1.,0.,0.));
#6566=DIRECTION('center_axis',(0.,0.,1.));
#6567=DIRECTION('ref_axis',(-1.,0.,0.));
#6568=DIRECTION('center_axis',(0.,0.,1.));
#6569=DIRECTION('ref_axis',(1.,0.,0.));
#6570=DIRECTION('',(0.,1.,0.));
#6571=DIRECTION('center_axis',(0.,0.,-1.));
#6572=DIRECTION('ref_axis',(-1.,0.,0.));
#6573=DIRECTION('',(0.,-1.,0.));
#6574=DIRECTION('center_axis',(0.,0.,-1.));
#6575=DIRECTION('ref_axis',(1.,0.,0.));
#6576=DIRECTION('center_axis',(-0.4999997418312,-0.866025552838214,0.));
#6577=DIRECTION('ref_axis',(0.866025552838214,-0.4999997418312,0.));
#6578=DIRECTION('',(0.866025552838214,-0.4999997418312,0.));
#6579=DIRECTION('',(0.,0.,1.));
#6580=DIRECTION('',(0.866025552838214,-0.4999997418312,0.));
#6581=DIRECTION('',(0.,0.,1.));
#6582=DIRECTION('center_axis',(0.,0.,1.));
#6583=DIRECTION('ref_axis',(0.499999978019836,0.866025416474692,0.));
#6584=DIRECTION('center_axis',(0.,0.,1.));
#6585=DIRECTION('ref_axis',(0.499999978019836,0.866025416474692,0.));
#6586=DIRECTION('',(0.,0.,1.));
#6587=DIRECTION('center_axis',(0.,0.,1.));
#6588=DIRECTION('ref_axis',(0.499999978019836,0.866025416474692,0.));
#6589=DIRECTION('center_axis',(0.4999997418312,0.866025552838214,0.));
#6590=DIRECTION('ref_axis',(-0.866025552838214,0.4999997418312,0.));
#6591=DIRECTION('',(-0.866025552838214,0.4999997418312,0.));
#6592=DIRECTION('',(0.,0.,1.));
#6593=DIRECTION('',(-0.866025552838214,0.4999997418312,0.));
#6594=DIRECTION('center_axis',(0.,0.,1.));
#6595=DIRECTION('ref_axis',(-0.499999978019837,-0.866025416474691,0.));
#6596=DIRECTION('center_axis',(0.,0.,1.));
#6597=DIRECTION('ref_axis',(-0.499999978019837,-0.866025416474691,0.));
#6598=DIRECTION('center_axis',(0.,0.,1.));
#6599=DIRECTION('ref_axis',(-0.499999978019837,-0.866025416474691,0.));
#6600=DIRECTION('center_axis',(0.,0.,1.));
#6601=DIRECTION('ref_axis',(1.,0.,0.));
#6602=DIRECTION('',(-0.866025552838217,0.499999741831195,0.));
#6603=DIRECTION('center_axis',(0.,0.,-1.));
#6604=DIRECTION('ref_axis',(-0.499999978019835,-0.866025416474692,0.));
#6605=DIRECTION('',(0.866025552838214,-0.4999997418312,0.));
#6606=DIRECTION('center_axis',(0.,0.,-1.));
#6607=DIRECTION('ref_axis',(0.499999978019834,0.866025416474693,0.));
#6608=DIRECTION('center_axis',(0.7071071145197,0.707106447853238,0.));
#6609=DIRECTION('ref_axis',(-0.707106447853238,0.7071071145197,0.));
#6610=DIRECTION('',(-0.707106447853238,0.7071071145197,0.));
#6611=DIRECTION('',(0.,0.,1.));
#6612=DIRECTION('',(-0.707106447853238,0.7071071145197,0.));
#6613=DIRECTION('',(0.,0.,1.));
#6614=DIRECTION('center_axis',(0.,0.,1.));
#6615=DIRECTION('ref_axis',(-0.707106781186547,-0.707106781186547,0.));
#6616=DIRECTION('center_axis',(0.,0.,1.));
#6617=DIRECTION('ref_axis',(-0.707106781186547,-0.707106781186547,0.));
#6618=DIRECTION('',(0.,0.,1.));
#6619=DIRECTION('center_axis',(0.,0.,1.));
#6620=DIRECTION('ref_axis',(-0.707106781186547,-0.707106781186547,0.));
#6621=DIRECTION('center_axis',(-0.707106447853238,-0.7071071145197,0.));
#6622=DIRECTION('ref_axis',(0.7071071145197,-0.707106447853238,0.));
#6623=DIRECTION('',(0.7071071145197,-0.707106447853238,0.));
#6624=DIRECTION('',(0.,0.,1.));
#6625=DIRECTION('',(0.7071071145197,-0.707106447853238,0.));
#6626=DIRECTION('center_axis',(0.,0.,1.));
#6627=DIRECTION('ref_axis',(0.707106690277455,0.707106872095629,0.));
#6628=DIRECTION('center_axis',(0.,0.,1.));
#6629=DIRECTION('ref_axis',(0.707106690277455,0.707106872095629,0.));
#6630=DIRECTION('center_axis',(0.,0.,1.));
#6631=DIRECTION('ref_axis',(0.707106690277455,0.707106872095629,0.));
#6632=DIRECTION('center_axis',(0.,0.,1.));
#6633=DIRECTION('ref_axis',(1.,0.,0.));
#6634=DIRECTION('',(0.707107114519699,-0.707106447853239,0.));
#6635=DIRECTION('center_axis',(0.,0.,-1.));
#6636=DIRECTION('ref_axis',(0.707106599368329,0.70710696300472,0.));
#6637=DIRECTION('',(-0.707106447853239,0.707107114519699,0.));
#6638=DIRECTION('center_axis',(0.,0.,-1.));
#6639=DIRECTION('ref_axis',(-0.707106781186549,-0.707106781186546,0.));
#6640=DIRECTION('center_axis',(-0.7071071145197,-0.707106447853238,0.));
#6641=DIRECTION('ref_axis',(0.707106447853238,-0.7071071145197,0.));
#6642=DIRECTION('',(0.707106447853238,-0.7071071145197,0.));
#6643=DIRECTION('',(0.,0.,1.));
#6644=DIRECTION('',(0.707106447853238,-0.7071071145197,0.));
#6645=DIRECTION('',(0.,0.,1.));
#6646=DIRECTION('center_axis',(0.,0.,1.));
#6647=DIRECTION('ref_axis',(0.707106781186547,0.707106781186547,0.));
#6648=DIRECTION('center_axis',(0.,0.,1.));
#6649=DIRECTION('ref_axis',(0.707106781186547,0.707106781186547,0.));
#6650=DIRECTION('',(0.,0.,1.));
#6651=DIRECTION('center_axis',(0.,0.,1.));
#6652=DIRECTION('ref_axis',(0.707106781186547,0.707106781186547,0.));
#6653=DIRECTION('center_axis',(0.707106447853238,0.7071071145197,0.));
#6654=DIRECTION('ref_axis',(-0.7071071145197,0.707106447853238,0.));
#6655=DIRECTION('',(-0.7071071145197,0.707106447853238,0.));
#6656=DIRECTION('',(0.,0.,1.));
#6657=DIRECTION('',(-0.7071071145197,0.707106447853238,0.));
#6658=DIRECTION('center_axis',(0.,0.,1.));
#6659=DIRECTION('ref_axis',(-0.707106690277455,-0.707106872095628,0.));
#6660=DIRECTION('center_axis',(0.,0.,1.));
#6661=DIRECTION('ref_axis',(-0.707106690277455,-0.707106872095628,0.));
#6662=DIRECTION('center_axis',(0.,0.,1.));
#6663=DIRECTION('ref_axis',(-0.707106690277455,-0.707106872095628,0.));
#6664=DIRECTION('center_axis',(0.,0.,1.));
#6665=DIRECTION('ref_axis',(1.,0.,0.));
#6666=DIRECTION('',(-0.707107114519699,0.707106447853239,0.));
#6667=DIRECTION('center_axis',(0.,0.,-1.));
#6668=DIRECTION('ref_axis',(-0.707106599368329,-0.70710696300472,0.));
#6669=DIRECTION('',(0.707106447853239,-0.707107114519699,0.));
#6670=DIRECTION('center_axis',(0.,0.,-1.));
#6671=DIRECTION('ref_axis',(0.707106781186549,0.707106781186546,0.));
#6672=DIRECTION('center_axis',(0.707106447853239,-0.707107114519699,0.));
#6673=DIRECTION('ref_axis',(0.707107114519699,0.707106447853239,0.));
#6674=DIRECTION('',(0.,0.,1.));
#6675=DIRECTION('',(-0.707107114519699,-0.707106447853239,0.));
#6676=DIRECTION('',(0.,0.,1.));
#6677=DIRECTION('center_axis',(0.,0.,1.));
#6678=DIRECTION('ref_axis',(-0.70710696300472,0.707106599368329,0.));
#6679=DIRECTION('',(0.,0.,1.));
#6680=DIRECTION('center_axis',(0.,0.,-1.));
#6681=DIRECTION('ref_axis',(-0.70710696300472,0.707106599368329,0.));
#6682=DIRECTION('center_axis',(-0.707106447853239,0.707107114519699,0.));
#6683=DIRECTION('ref_axis',(-0.707107114519699,-0.707106447853239,0.));
#6684=DIRECTION('',(0.,0.,1.));
#6685=DIRECTION('',(0.707107114519699,0.707106447853239,0.));
#6686=DIRECTION('',(0.,0.,1.));
#6687=DIRECTION('center_axis',(0.,0.,1.));
#6688=DIRECTION('ref_axis',(0.70710696300472,-0.707106599368329,0.));
#6689=DIRECTION('',(0.,0.,1.));
#6690=DIRECTION('center_axis',(0.,0.,-1.));
#6691=DIRECTION('ref_axis',(0.70710696300472,-0.707106599368329,0.));
#6692=DIRECTION('center_axis',(0.866025552838217,0.499999741831195,0.));
#6693=DIRECTION('ref_axis',(-0.499999741831195,0.866025552838217,0.));
#6694=DIRECTION('',(0.,0.,1.));
#6695=DIRECTION('',(0.499999741831195,-0.866025552838217,0.));
#6696=DIRECTION('',(0.,0.,1.));
#6697=DIRECTION('center_axis',(0.,0.,1.));
#6698=DIRECTION('ref_axis',(-0.866025416474693,-0.499999978019834,0.));
#6699=DIRECTION('',(0.,0.,1.));
#6700=DIRECTION('center_axis',(0.,0.,-1.));
#6701=DIRECTION('ref_axis',(-0.866025416474693,-0.499999978019834,0.));
#6702=DIRECTION('center_axis',(0.866025552838214,-0.4999997418312,0.));
#6703=DIRECTION('ref_axis',(0.4999997418312,0.866025552838214,0.));
#6704=DIRECTION('',(0.,0.,1.));
#6705=DIRECTION('',(-0.4999997418312,-0.866025552838214,0.));
#6706=DIRECTION('',(0.,0.,1.));
#6707=DIRECTION('center_axis',(0.,0.,1.));
#6708=DIRECTION('ref_axis',(-0.866025416474692,0.499999978019835,0.));
#6709=DIRECTION('',(0.,0.,1.));
#6710=DIRECTION('center_axis',(0.,0.,-1.));
#6711=DIRECTION('ref_axis',(-0.866025416474692,0.499999978019835,0.));
#6712=DIRECTION('center_axis',(0.499999741831195,-0.866025552838217,0.));
#6713=DIRECTION('ref_axis',(0.866025552838217,0.499999741831195,0.));
#6714=DIRECTION('',(0.,0.,1.));
#6715=DIRECTION('',(-0.866025552838217,-0.499999741831195,0.));
#6716=DIRECTION('',(0.,0.,1.));
#6717=DIRECTION('center_axis',(0.,0.,1.));
#6718=DIRECTION('ref_axis',(-0.499999978019834,0.866025416474693,0.));
#6719=DIRECTION('',(0.,0.,1.));
#6720=DIRECTION('center_axis',(0.,0.,-1.));
#6721=DIRECTION('ref_axis',(-0.499999978019834,0.866025416474693,0.));
#6722=DIRECTION('center_axis',(-0.4999997418312,-0.866025552838214,0.));
#6723=DIRECTION('ref_axis',(0.866025552838214,-0.4999997418312,0.));
#6724=DIRECTION('',(0.,0.,1.));
#6725=DIRECTION('',(-0.866025552838214,0.4999997418312,0.));
#6726=DIRECTION('',(0.,0.,1.));
#6727=DIRECTION('center_axis',(0.,0.,1.));
#6728=DIRECTION('ref_axis',(0.499999978019835,0.866025416474692,0.));
#6729=DIRECTION('',(0.,0.,1.));
#6730=DIRECTION('center_axis',(0.,0.,-1.));
#6731=DIRECTION('ref_axis',(0.499999978019835,0.866025416474692,0.));
#6732=DIRECTION('center_axis',(-1.,0.,0.));
#6733=DIRECTION('ref_axis',(0.,-1.,0.));
#6734=DIRECTION('',(0.,0.,1.));
#6735=DIRECTION('',(0.,1.,0.));
#6736=DIRECTION('',(0.,0.,1.));
#6737=DIRECTION('center_axis',(0.,0.,1.));
#6738=DIRECTION('ref_axis',(1.,0.,0.));
#6739=DIRECTION('',(0.,0.,1.));
#6740=DIRECTION('center_axis',(0.,0.,-1.));
#6741=DIRECTION('ref_axis',(1.,0.,0.));
#6742=DIRECTION('center_axis',(-0.499999741831195,0.866025552838217,0.));
#6743=DIRECTION('ref_axis',(-0.866025552838217,-0.499999741831195,0.));
#6744=DIRECTION('',(0.,0.,1.));
#6745=DIRECTION('',(0.866025552838217,0.499999741831195,0.));
#6746=DIRECTION('',(0.,0.,1.));
#6747=DIRECTION('center_axis',(0.,0.,1.));
#6748=DIRECTION('ref_axis',(0.499999978019834,-0.866025416474693,0.));
#6749=DIRECTION('',(0.,0.,1.));
#6750=DIRECTION('center_axis',(0.,0.,-1.));
#6751=DIRECTION('ref_axis',(0.499999978019834,-0.866025416474693,0.));
#6752=DIRECTION('center_axis',(-0.866025552838214,0.4999997418312,0.));
#6753=DIRECTION('ref_axis',(-0.4999997418312,-0.866025552838214,0.));
#6754=DIRECTION('',(0.,0.,1.));
#6755=DIRECTION('',(0.4999997418312,0.866025552838214,0.));
#6756=DIRECTION('',(0.,0.,1.));
#6757=DIRECTION('center_axis',(0.,0.,1.));
#6758=DIRECTION('ref_axis',(0.866025416474692,-0.499999978019835,0.));
#6759=DIRECTION('',(0.,0.,1.));
#6760=DIRECTION('center_axis',(0.,0.,-1.));
#6761=DIRECTION('ref_axis',(0.866025416474692,-0.499999978019835,0.));
#6762=DIRECTION('center_axis',(-0.866025552838217,-0.499999741831195,0.));
#6763=DIRECTION('ref_axis',(0.499999741831195,-0.866025552838217,0.));
#6764=DIRECTION('',(0.,0.,1.));
#6765=DIRECTION('',(-0.499999741831195,0.866025552838217,0.));
#6766=DIRECTION('',(0.,0.,1.));
#6767=DIRECTION('center_axis',(0.,0.,1.));
#6768=DIRECTION('ref_axis',(0.866025416474693,0.499999978019834,0.));
#6769=DIRECTION('',(0.,0.,1.));
#6770=DIRECTION('center_axis',(0.,0.,-1.));
#6771=DIRECTION('ref_axis',(0.866025416474693,0.499999978019834,0.));
#6772=DIRECTION('center_axis',(0.,-1.,0.));
#6773=DIRECTION('ref_axis',(1.,0.,0.));
#6774=DIRECTION('',(0.,0.,1.));
#6775=DIRECTION('',(-1.,0.,0.));
#6776=DIRECTION('',(0.,0.,1.));
#6777=DIRECTION('center_axis',(0.,0.,1.));
#6778=DIRECTION('ref_axis',(0.,1.,0.));
#6779=DIRECTION('',(0.,0.,1.));
#6780=DIRECTION('center_axis',(0.,0.,-1.));
#6781=DIRECTION('ref_axis',(0.,1.,0.));
#6782=DIRECTION('center_axis',(0.,1.,0.));
#6783=DIRECTION('ref_axis',(-1.,0.,0.));
#6784=DIRECTION('',(0.,0.,1.));
#6785=DIRECTION('',(1.,0.,0.));
#6786=DIRECTION('',(0.,0.,1.));
#6787=DIRECTION('center_axis',(0.,0.,1.));
#6788=DIRECTION('ref_axis',(0.,-1.,0.));
#6789=DIRECTION('',(0.,0.,1.));
#6790=DIRECTION('center_axis',(0.,0.,-1.));
#6791=DIRECTION('ref_axis',(0.,-1.,0.));
#6792=DIRECTION('center_axis',(1.,0.,0.));
#6793=DIRECTION('ref_axis',(0.,1.,0.));
#6794=DIRECTION('',(0.,0.,1.));
#6795=DIRECTION('',(0.,-1.,0.));
#6796=DIRECTION('',(0.,0.,1.));
#6797=DIRECTION('center_axis',(0.,0.,1.));
#6798=DIRECTION('ref_axis',(-1.,0.,0.));
#6799=DIRECTION('',(0.,0.,1.));
#6800=DIRECTION('center_axis',(0.,0.,-1.));
#6801=DIRECTION('ref_axis',(-1.,0.,0.));
#6802=DIRECTION('center_axis',(0.4999997418312,0.866025552838214,0.));
#6803=DIRECTION('ref_axis',(-0.866025552838214,0.4999997418312,0.));
#6804=DIRECTION('',(0.,0.,1.));
#6805=DIRECTION('',(0.866025552838214,-0.4999997418312,0.));
#6806=DIRECTION('',(0.,0.,1.));
#6807=DIRECTION('center_axis',(0.,0.,1.));
#6808=DIRECTION('ref_axis',(-0.499999978019835,-0.866025416474692,0.));
#6809=DIRECTION('',(0.,0.,1.));
#6810=DIRECTION('center_axis',(0.,0.,-1.));
#6811=DIRECTION('ref_axis',(-0.499999978019835,-0.866025416474692,0.));
#6812=DIRECTION('center_axis',(-0.707107114519699,-0.707106447853239,0.));
#6813=DIRECTION('ref_axis',(0.707106447853239,-0.707107114519699,0.));
#6814=DIRECTION('',(0.,0.,1.));
#6815=DIRECTION('',(-0.707106447853239,0.707107114519699,0.));
#6816=DIRECTION('',(0.,0.,1.));
#6817=DIRECTION('center_axis',(0.,0.,1.));
#6818=DIRECTION('ref_axis',(0.707106599368329,0.70710696300472,0.));
#6819=DIRECTION('',(0.,0.,1.));
#6820=DIRECTION('center_axis',(0.,0.,-1.));
#6821=DIRECTION('ref_axis',(0.707106599368329,0.70710696300472,0.));
#6822=DIRECTION('center_axis',(0.707107114519699,0.707106447853239,0.));
#6823=DIRECTION('ref_axis',(-0.707106447853239,0.707107114519699,0.));
#6824=DIRECTION('',(0.,0.,1.));
#6825=DIRECTION('',(0.707106447853239,-0.707107114519699,0.));
#6826=DIRECTION('',(0.,0.,1.));
#6827=DIRECTION('center_axis',(0.,0.,1.));
#6828=DIRECTION('ref_axis',(-0.707106599368329,-0.70710696300472,0.));
#6829=DIRECTION('',(0.,0.,1.));
#6830=DIRECTION('center_axis',(0.,0.,-1.));
#6831=DIRECTION('ref_axis',(-0.707106599368329,-0.70710696300472,0.));
#6832=DIRECTION('center_axis',(-0.707107114519699,0.707106447853239,0.));
#6833=DIRECTION('ref_axis',(-0.707106447853239,-0.707107114519699,0.));
#6834=DIRECTION('',(0.,0.,1.));
#6835=DIRECTION('',(0.707106447853239,0.707107114519699,0.));
#6836=DIRECTION('center_axis',(0.,0.,1.));
#6837=DIRECTION('ref_axis',(0.707106781186546,-0.707106781186549,0.));
#6838=DIRECTION('center_axis',(0.,0.,-1.));
#6839=DIRECTION('ref_axis',(0.707106781186546,-0.707106781186549,0.));
#6840=DIRECTION('center_axis',(0.707107114519699,-0.707106447853239,0.));
#6841=DIRECTION('ref_axis',(0.707106447853239,0.707107114519699,0.));
#6842=DIRECTION('',(0.,0.,1.));
#6843=DIRECTION('',(-0.707106447853239,-0.707107114519699,0.));
#6844=DIRECTION('center_axis',(0.,0.,1.));
#6845=DIRECTION('ref_axis',(-0.707106781186546,0.707106781186549,0.));
#6846=DIRECTION('center_axis',(0.,0.,-1.));
#6847=DIRECTION('ref_axis',(-0.707106781186546,0.707106781186549,0.));
#6848=DIRECTION('center_axis',(-0.866025552838214,-0.4999997418312,0.));
#6849=DIRECTION('ref_axis',(0.4999997418312,-0.866025552838214,0.));
#6850=DIRECTION('',(0.,0.,1.));
#6851=DIRECTION('',(-0.4999997418312,0.866025552838214,0.));
#6852=DIRECTION('center_axis',(0.,0.,1.));
#6853=DIRECTION('ref_axis',(0.866025416474689,0.49999997801984,0.));
#6854=DIRECTION('center_axis',(0.,0.,-1.));
#6855=DIRECTION('ref_axis',(0.866025416474689,0.49999997801984,0.));
#6856=DIRECTION('center_axis',(-0.866025552838217,0.499999741831195,0.));
#6857=DIRECTION('ref_axis',(-0.499999741831195,-0.866025552838217,0.));
#6858=DIRECTION('',(0.,0.,1.));
#6859=DIRECTION('',(0.499999741831195,0.866025552838217,0.));
#6860=DIRECTION('center_axis',(0.,0.,1.));
#6861=DIRECTION('ref_axis',(0.866025416474693,-0.499999978019834,0.));
#6862=DIRECTION('center_axis',(0.,0.,-1.));
#6863=DIRECTION('ref_axis',(0.866025416474693,-0.499999978019834,0.));
#6864=DIRECTION('center_axis',(-0.4999997418312,0.866025552838214,0.));
#6865=DIRECTION('ref_axis',(-0.866025552838214,-0.4999997418312,0.));
#6866=DIRECTION('',(0.,0.,1.));
#6867=DIRECTION('',(0.866025552838214,0.4999997418312,0.));
#6868=DIRECTION('center_axis',(0.,0.,1.));
#6869=DIRECTION('ref_axis',(0.49999997801984,-0.866025416474689,0.));
#6870=DIRECTION('center_axis',(0.,0.,-1.));
#6871=DIRECTION('ref_axis',(0.49999997801984,-0.866025416474689,0.));
#6872=DIRECTION('center_axis',(0.499999741831195,0.866025552838217,0.));
#6873=DIRECTION('ref_axis',(-0.866025552838217,0.499999741831195,0.));
#6874=DIRECTION('',(0.,0.,1.));
#6875=DIRECTION('',(0.866025552838217,-0.499999741831195,0.));
#6876=DIRECTION('center_axis',(0.,0.,1.));
#6877=DIRECTION('ref_axis',(-0.499999978019834,-0.866025416474693,0.));
#6878=DIRECTION('center_axis',(0.,0.,-1.));
#6879=DIRECTION('ref_axis',(-0.499999978019834,-0.866025416474693,0.));
#6880=DIRECTION('center_axis',(1.,0.,0.));
#6881=DIRECTION('ref_axis',(0.,1.,0.));
#6882=DIRECTION('',(0.,0.,1.));
#6883=DIRECTION('',(0.,-1.,0.));
#6884=DIRECTION('center_axis',(0.,0.,1.));
#6885=DIRECTION('ref_axis',(-1.,0.,0.));
#6886=DIRECTION('center_axis',(0.,0.,-1.));
#6887=DIRECTION('ref_axis',(-1.,0.,0.));
#6888=DIRECTION('center_axis',(0.4999997418312,-0.866025552838214,0.));
#6889=DIRECTION('ref_axis',(0.866025552838214,0.4999997418312,0.));
#6890=DIRECTION('',(0.,0.,1.));
#6891=DIRECTION('',(-0.866025552838214,-0.4999997418312,0.));
#6892=DIRECTION('center_axis',(0.,0.,1.));
#6893=DIRECTION('ref_axis',(-0.49999997801984,0.866025416474689,0.));
#6894=DIRECTION('center_axis',(0.,0.,-1.));
#6895=DIRECTION('ref_axis',(-0.49999997801984,0.866025416474689,0.));
#6896=DIRECTION('center_axis',(0.866025552838217,-0.499999741831195,0.));
#6897=DIRECTION('ref_axis',(0.499999741831195,0.866025552838217,0.));
#6898=DIRECTION('',(0.,0.,1.));
#6899=DIRECTION('',(-0.499999741831195,-0.866025552838217,0.));
#6900=DIRECTION('center_axis',(0.,0.,1.));
#6901=DIRECTION('ref_axis',(-0.866025416474693,0.499999978019834,0.));
#6902=DIRECTION('center_axis',(0.,0.,-1.));
#6903=DIRECTION('ref_axis',(-0.866025416474693,0.499999978019834,0.));
#6904=DIRECTION('center_axis',(0.866025552838214,0.4999997418312,0.));
#6905=DIRECTION('ref_axis',(-0.4999997418312,0.866025552838214,0.));
#6906=DIRECTION('',(0.,0.,1.));
#6907=DIRECTION('',(0.4999997418312,-0.866025552838214,0.));
#6908=DIRECTION('center_axis',(0.,0.,1.));
#6909=DIRECTION('ref_axis',(-0.866025416474689,-0.49999997801984,0.));
#6910=DIRECTION('center_axis',(0.,0.,-1.));
#6911=DIRECTION('ref_axis',(-0.866025416474689,-0.49999997801984,0.));
#6912=DIRECTION('center_axis',(0.,1.,0.));
#6913=DIRECTION('ref_axis',(-1.,0.,0.));
#6914=DIRECTION('',(0.,0.,1.));
#6915=DIRECTION('',(1.,0.,0.));
#6916=DIRECTION('center_axis',(0.,0.,1.));
#6917=DIRECTION('ref_axis',(0.,-1.,0.));
#6918=DIRECTION('center_axis',(0.,0.,-1.));
#6919=DIRECTION('ref_axis',(0.,-1.,0.));
#6920=DIRECTION('center_axis',(0.,-1.,0.));
#6921=DIRECTION('ref_axis',(1.,0.,0.));
#6922=DIRECTION('',(0.,0.,1.));
#6923=DIRECTION('',(-1.,0.,0.));
#6924=DIRECTION('center_axis',(0.,0.,1.));
#6925=DIRECTION('ref_axis',(0.,1.,0.));
#6926=DIRECTION('center_axis',(0.,0.,-1.));
#6927=DIRECTION('ref_axis',(0.,1.,0.));
#6928=DIRECTION('center_axis',(-1.,0.,0.));
#6929=DIRECTION('ref_axis',(0.,-1.,0.));
#6930=DIRECTION('',(0.,0.,1.));
#6931=DIRECTION('',(0.,1.,0.));
#6932=DIRECTION('center_axis',(0.,0.,1.));
#6933=DIRECTION('ref_axis',(1.,0.,0.));
#6934=DIRECTION('center_axis',(0.,0.,-1.));
#6935=DIRECTION('ref_axis',(1.,0.,0.));
#6936=DIRECTION('center_axis',(-0.499999741831195,-0.866025552838217,0.));
#6937=DIRECTION('ref_axis',(0.866025552838217,-0.499999741831195,0.));
#6938=DIRECTION('',(0.,0.,1.));
#6939=DIRECTION('',(-0.866025552838217,0.499999741831195,0.));
#6940=DIRECTION('center_axis',(0.,0.,1.));
#6941=DIRECTION('ref_axis',(0.499999978019834,0.866025416474693,0.));
#6942=DIRECTION('center_axis',(0.,0.,-1.));
#6943=DIRECTION('ref_axis',(0.499999978019834,0.866025416474693,0.));
#6944=DIRECTION('center_axis',(0.707106447853239,0.707107114519699,0.));
#6945=DIRECTION('ref_axis',(-0.707107114519699,0.707106447853239,0.));
#6946=DIRECTION('',(0.,0.,1.));
#6947=DIRECTION('',(0.707107114519699,-0.707106447853239,0.));
#6948=DIRECTION('center_axis',(0.,0.,1.));
#6949=DIRECTION('ref_axis',(-0.707106781186549,-0.707106781186546,0.));
#6950=DIRECTION('center_axis',(0.,0.,-1.));
#6951=DIRECTION('ref_axis',(-0.707106781186549,-0.707106781186546,0.));
#6952=DIRECTION('center_axis',(-0.707106447853239,-0.707107114519699,0.));
#6953=DIRECTION('ref_axis',(0.707107114519699,-0.707106447853239,0.));
#6954=DIRECTION('',(0.,0.,1.));
#6955=DIRECTION('',(-0.707107114519699,0.707106447853239,0.));
#6956=DIRECTION('center_axis',(0.,0.,1.));
#6957=DIRECTION('ref_axis',(0.707106781186549,0.707106781186546,0.));
#6958=DIRECTION('center_axis',(0.,0.,-1.));
#6959=DIRECTION('ref_axis',(0.707106781186549,0.707106781186546,0.));
#6960=DIRECTION('center_axis',(0.,0.,1.));
#6961=DIRECTION('ref_axis',(1.,0.,0.));
#6962=DIRECTION('center_axis',(0.,0.,1.));
#6963=DIRECTION('ref_axis',(1.,0.,0.));
#6964=DIRECTION('',(0.,0.,1.));
#6965=DIRECTION('center_axis',(0.,0.,1.));
#6966=DIRECTION('ref_axis',(1.,0.,0.));
#6967=DIRECTION('center_axis',(0.,0.,1.));
#6968=DIRECTION('ref_axis',(1.,0.,0.));
#6969=DIRECTION('center_axis',(0.,0.,1.));
#6970=DIRECTION('ref_axis',(1.,0.,0.));
#6971=DIRECTION('center_axis',(0.,0.,1.));
#6972=DIRECTION('ref_axis',(1.,0.,0.));
#6973=DIRECTION('',(0.,0.,1.));
#6974=DIRECTION('center_axis',(0.,0.,1.));
#6975=DIRECTION('ref_axis',(1.,0.,0.));
#6976=DIRECTION('center_axis',(0.,0.,1.));
#6977=DIRECTION('ref_axis',(1.,0.,0.));
#6978=DIRECTION('center_axis',(0.,0.,1.));
#6979=DIRECTION('ref_axis',(1.,0.,0.));
#6980=DIRECTION('center_axis',(0.,0.,1.));
#6981=DIRECTION('ref_axis',(1.,0.,0.));
#6982=DIRECTION('',(0.,0.,1.));
#6983=DIRECTION('center_axis',(0.,0.,1.));
#6984=DIRECTION('ref_axis',(1.,0.,0.));
#6985=DIRECTION('center_axis',(0.,0.,1.));
#6986=DIRECTION('ref_axis',(1.,0.,0.));
#6987=DIRECTION('center_axis',(0.,0.,1.));
#6988=DIRECTION('ref_axis',(1.,0.,0.));
#6989=DIRECTION('center_axis',(0.,0.,1.));
#6990=DIRECTION('ref_axis',(1.,0.,0.));
#6991=DIRECTION('',(0.,0.,1.));
#6992=DIRECTION('center_axis',(0.,0.,1.));
#6993=DIRECTION('ref_axis',(1.,0.,0.));
#6994=DIRECTION('center_axis',(0.,0.,1.));
#6995=DIRECTION('ref_axis',(1.,0.,0.));
#6996=DIRECTION('center_axis',(0.,0.,1.));
#6997=DIRECTION('ref_axis',(1.,0.,0.));
#6998=DIRECTION('center_axis',(0.,0.,1.));
#6999=DIRECTION('ref_axis',(1.,0.,0.));
#7000=DIRECTION('',(0.,0.,1.));
#7001=DIRECTION('center_axis',(0.,0.,1.));
#7002=DIRECTION('ref_axis',(1.,0.,0.));
#7003=DIRECTION('center_axis',(0.,0.,1.));
#7004=DIRECTION('ref_axis',(1.,0.,0.));
#7005=DIRECTION('center_axis',(0.,0.,1.));
#7006=DIRECTION('ref_axis',(1.,0.,0.));
#7007=DIRECTION('center_axis',(0.,0.,1.));
#7008=DIRECTION('ref_axis',(1.,0.,0.));
#7009=DIRECTION('',(0.,0.,1.));
#7010=DIRECTION('center_axis',(0.,0.,1.));
#7011=DIRECTION('ref_axis',(1.,0.,0.));
#7012=DIRECTION('center_axis',(0.,0.,1.));
#7013=DIRECTION('ref_axis',(1.,0.,0.));
#7014=DIRECTION('center_axis',(0.,0.,1.));
#7015=DIRECTION('ref_axis',(1.,0.,0.));
#7016=DIRECTION('center_axis',(0.,0.,1.));
#7017=DIRECTION('ref_axis',(1.,0.,0.));
#7018=DIRECTION('center_axis',(0.,0.,1.));
#7019=DIRECTION('ref_axis',(1.,0.,0.));
#7020=DIRECTION('center_axis',(0.,0.,1.));
#7021=DIRECTION('ref_axis',(1.,0.,0.));
#7022=DIRECTION('center_axis',(0.,0.,1.));
#7023=DIRECTION('ref_axis',(1.,0.,0.));
#7024=DIRECTION('',(0.,0.,1.));
#7025=DIRECTION('center_axis',(0.,0.,1.));
#7026=DIRECTION('ref_axis',(1.,0.,0.));
#7027=DIRECTION('center_axis',(0.,0.,1.));
#7028=DIRECTION('ref_axis',(1.,0.,0.));
#7029=DIRECTION('center_axis',(0.,0.,1.));
#7030=DIRECTION('ref_axis',(1.,0.,0.));
#7031=DIRECTION('center_axis',(0.,0.,1.));
#7032=DIRECTION('ref_axis',(1.,0.,0.));
#7033=DIRECTION('',(0.,0.,1.));
#7034=DIRECTION('center_axis',(0.,0.,1.));
#7035=DIRECTION('ref_axis',(1.,0.,0.));
#7036=DIRECTION('center_axis',(0.,0.,1.));
#7037=DIRECTION('ref_axis',(1.,0.,0.));
#7038=DIRECTION('center_axis',(0.,0.,1.));
#7039=DIRECTION('ref_axis',(1.,0.,0.));
#7040=DIRECTION('center_axis',(0.,0.,1.));
#7041=DIRECTION('ref_axis',(1.,0.,0.));
#7042=DIRECTION('',(0.,0.,1.));
#7043=DIRECTION('center_axis',(0.,0.,-1.));
#7044=DIRECTION('ref_axis',(1.,0.,0.));
#7045=DIRECTION('center_axis',(0.,0.,1.));
#7046=DIRECTION('ref_axis',(1.,0.,0.));
#7047=DIRECTION('center_axis',(0.,0.,1.));
#7048=DIRECTION('ref_axis',(1.,0.,0.));
#7049=DIRECTION('',(0.,0.,1.));
#7050=DIRECTION('center_axis',(0.,0.,-1.));
#7051=DIRECTION('ref_axis',(1.,0.,0.));
#7052=DIRECTION('center_axis',(0.,0.,1.));
#7053=DIRECTION('ref_axis',(1.,0.,0.));
#7054=DIRECTION('center_axis',(0.,0.,1.));
#7055=DIRECTION('ref_axis',(1.,0.,0.));
#7056=DIRECTION('',(0.,0.,1.));
#7057=DIRECTION('center_axis',(0.,0.,1.));
#7058=DIRECTION('ref_axis',(1.,0.,0.));
#7059=DIRECTION('center_axis',(0.,0.,1.));
#7060=DIRECTION('ref_axis',(1.,0.,0.));
#7061=DIRECTION('center_axis',(0.,0.,-1.));
#7062=DIRECTION('ref_axis',(1.,0.,0.));
#7063=DIRECTION('center_axis',(0.,0.,1.));
#7064=DIRECTION('ref_axis',(1.,0.,0.));
#7065=DIRECTION('center_axis',(0.,0.,1.));
#7066=DIRECTION('ref_axis',(1.,0.,0.));
#7067=DIRECTION('',(0.,0.,1.));
#7068=DIRECTION('center_axis',(0.,0.,1.));
#7069=DIRECTION('ref_axis',(1.,0.,0.));
#7070=DIRECTION('center_axis',(0.,0.,1.));
#7071=DIRECTION('ref_axis',(1.,0.,0.));
#7072=DIRECTION('center_axis',(0.,0.,-1.));
#7073=DIRECTION('ref_axis',(1.,0.,0.));
#7074=DIRECTION('center_axis',(0.,0.,1.));
#7075=DIRECTION('ref_axis',(1.,0.,0.));
#7076=DIRECTION('center_axis',(0.,0.,1.));
#7077=DIRECTION('ref_axis',(1.,0.,0.));
#7078=DIRECTION('',(0.,0.,1.));
#7079=DIRECTION('center_axis',(0.,0.,1.));
#7080=DIRECTION('ref_axis',(1.,0.,0.));
#7081=DIRECTION('center_axis',(0.,0.,1.));
#7082=DIRECTION('ref_axis',(1.,0.,0.));
#7083=DIRECTION('center_axis',(0.,0.,-1.));
#7084=DIRECTION('ref_axis',(1.,0.,0.));
#7085=DIRECTION('center_axis',(0.,0.,1.));
#7086=DIRECTION('ref_axis',(1.,0.,0.));
#7087=DIRECTION('',(0.,0.,1.));
#7088=DIRECTION('center_axis',(0.,0.,-1.));
#7089=DIRECTION('ref_axis',(1.,0.,0.));
#7090=DIRECTION('center_axis',(0.,0.,1.));
#7091=DIRECTION('ref_axis',(1.,0.,0.));
#7092=DIRECTION('',(0.,0.,1.));
#7093=DIRECTION('center_axis',(0.,0.,-1.));
#7094=DIRECTION('ref_axis',(1.,0.,0.));
#7095=DIRECTION('center_axis',(0.,0.,1.));
#7096=DIRECTION('ref_axis',(1.,0.,0.));
#7097=DIRECTION('',(0.,0.,1.));
#7098=DIRECTION('center_axis',(0.,0.,-1.));
#7099=DIRECTION('ref_axis',(1.,0.,0.));
#7100=DIRECTION('center_axis',(0.,0.,1.));
#7101=DIRECTION('ref_axis',(1.,0.,0.));
#7102=DIRECTION('center_axis',(0.,0.,1.));
#7103=DIRECTION('ref_axis',(1.,0.,0.));
#7104=DIRECTION('',(0.,0.,1.));
#7105=DIRECTION('center_axis',(0.,0.,1.));
#7106=DIRECTION('ref_axis',(1.,0.,0.));
#7107=DIRECTION('center_axis',(0.,0.,1.));
#7108=DIRECTION('ref_axis',(1.,0.,0.));
#7109=DIRECTION('center_axis',(0.,0.,1.));
#7110=DIRECTION('ref_axis',(1.,0.,0.));
#7111=DIRECTION('center_axis',(0.,0.,1.));
#7112=DIRECTION('ref_axis',(1.,0.,0.));
#7113=DIRECTION('',(0.,0.,1.));
#7114=DIRECTION('center_axis',(0.,0.,1.));
#7115=DIRECTION('ref_axis',(1.,0.,0.));
#7116=DIRECTION('center_axis',(0.,0.,1.));
#7117=DIRECTION('ref_axis',(1.,0.,0.));
#7118=DIRECTION('center_axis',(0.,0.,1.));
#7119=DIRECTION('ref_axis',(1.,0.,0.));
#7120=DIRECTION('center_axis',(0.,0.,1.));
#7121=DIRECTION('ref_axis',(1.,0.,0.));
#7122=DIRECTION('',(0.,0.,1.));
#7123=DIRECTION('center_axis',(0.,0.,1.));
#7124=DIRECTION('ref_axis',(1.,0.,0.));
#7125=DIRECTION('center_axis',(0.,0.,1.));
#7126=DIRECTION('ref_axis',(1.,0.,0.));
#7127=DIRECTION('center_axis',(0.,0.,1.));
#7128=DIRECTION('ref_axis',(1.,0.,0.));
#7129=DIRECTION('center_axis',(0.,0.,1.));
#7130=DIRECTION('ref_axis',(1.,0.,0.));
#7131=DIRECTION('',(0.,0.,1.));
#7132=DIRECTION('center_axis',(0.,0.,1.));
#7133=DIRECTION('ref_axis',(1.,0.,0.));
#7134=DIRECTION('center_axis',(0.,0.,1.));
#7135=DIRECTION('ref_axis',(1.,0.,0.));
#7136=DIRECTION('center_axis',(0.,0.,1.));
#7137=DIRECTION('ref_axis',(1.,0.,0.));
#7138=DIRECTION('center_axis',(0.,0.,1.));
#7139=DIRECTION('ref_axis',(1.,0.,0.));
#7140=DIRECTION('',(0.,0.,1.));
#7141=DIRECTION('center_axis',(0.,0.,-1.));
#7142=DIRECTION('ref_axis',(1.,0.,0.));
#7143=DIRECTION('center_axis',(0.,0.,-1.));
#7144=DIRECTION('ref_axis',(1.,0.,0.));
#7145=DIRECTION('center_axis',(0.,0.,-1.));
#7146=DIRECTION('ref_axis',(1.,0.,0.));
#7147=DIRECTION('',(0.,0.,-1.));
#7148=DIRECTION('center_axis',(0.,0.,-1.));
#7149=DIRECTION('ref_axis',(1.,0.,0.));
#7150=DIRECTION('center_axis',(0.,0.,1.));
#7151=DIRECTION('ref_axis',(1.,0.,0.));
#7152=DIRECTION('center_axis',(0.,0.,-1.));
#7153=DIRECTION('ref_axis',(1.,0.,0.));
#7154=DIRECTION('center_axis',(0.,0.,-1.));
#7155=DIRECTION('ref_axis',(1.,0.,0.));
#7156=DIRECTION('',(0.,0.,-1.));
#7157=DIRECTION('center_axis',(0.,0.,-1.));
#7158=DIRECTION('ref_axis',(1.,0.,0.));
#7159=DIRECTION('center_axis',(0.,0.,1.));
#7160=DIRECTION('ref_axis',(1.,0.,0.));
#7161=DIRECTION('center_axis',(0.,0.,-1.));
#7162=DIRECTION('ref_axis',(1.,0.,0.));
#7163=DIRECTION('center_axis',(0.,0.,-1.));
#7164=DIRECTION('ref_axis',(1.,0.,0.));
#7165=DIRECTION('',(0.,0.,-1.));
#7166=DIRECTION('center_axis',(0.,0.,-1.));
#7167=DIRECTION('ref_axis',(1.,0.,0.));
#7168=DIRECTION('center_axis',(0.,0.,1.));
#7169=DIRECTION('ref_axis',(1.,0.,0.));
#7170=DIRECTION('center_axis',(0.,0.,-1.));
#7171=DIRECTION('ref_axis',(1.,0.,0.));
#7172=DIRECTION('center_axis',(0.,0.,-1.));
#7173=DIRECTION('ref_axis',(1.,0.,0.));
#7174=DIRECTION('',(0.,0.,-1.));
#7175=DIRECTION('center_axis',(0.,0.,-1.));
#7176=DIRECTION('ref_axis',(1.,0.,0.));
#7177=DIRECTION('center_axis',(0.,0.,1.));
#7178=DIRECTION('ref_axis',(1.,0.,0.));
#7179=DIRECTION('center_axis',(0.,0.,-1.));
#7180=DIRECTION('ref_axis',(1.,0.,0.));
#7181=DIRECTION('center_axis',(0.,0.,-1.));
#7182=DIRECTION('ref_axis',(1.,0.,0.));
#7183=DIRECTION('',(0.,0.,-1.));
#7184=DIRECTION('center_axis',(0.,0.,-1.));
#7185=DIRECTION('ref_axis',(1.,0.,0.));
#7186=DIRECTION('center_axis',(0.,0.,1.));
#7187=DIRECTION('ref_axis',(1.,0.,0.));
#7188=DIRECTION('center_axis',(0.,0.,-1.));
#7189=DIRECTION('ref_axis',(1.,0.,0.));
#7190=DIRECTION('center_axis',(0.,0.,-1.));
#7191=DIRECTION('ref_axis',(1.,0.,0.));
#7192=DIRECTION('',(0.,0.,-1.));
#7193=DIRECTION('center_axis',(0.,0.,-1.));
#7194=DIRECTION('ref_axis',(1.,0.,0.));
#7195=DIRECTION('center_axis',(0.,0.,1.));
#7196=DIRECTION('ref_axis',(1.,0.,0.));
#7197=DIRECTION('center_axis',(0.,0.,1.));
#7198=DIRECTION('ref_axis',(1.,0.,0.));
#7199=DIRECTION('center_axis',(0.,0.,1.));
#7200=DIRECTION('ref_axis',(1.,0.,0.));
#7201=DIRECTION('',(0.,0.,1.));
#7202=DIRECTION('center_axis',(0.,0.,1.));
#7203=DIRECTION('ref_axis',(1.,0.,0.));
#7204=DIRECTION('center_axis',(0.,0.,1.));
#7205=DIRECTION('ref_axis',(1.,0.,0.));
#7206=DIRECTION('center_axis',(0.,0.,1.));
#7207=DIRECTION('ref_axis',(1.,0.,0.));
#7208=DIRECTION('center_axis',(0.,0.,1.));
#7209=DIRECTION('ref_axis',(1.,0.,0.));
#7210=DIRECTION('',(0.,0.,1.));
#7211=DIRECTION('center_axis',(0.,0.,1.));
#7212=DIRECTION('ref_axis',(1.,0.,0.));
#7213=DIRECTION('center_axis',(0.,0.,1.));
#7214=DIRECTION('ref_axis',(1.,0.,0.));
#7215=DIRECTION('center_axis',(0.,0.,1.));
#7216=DIRECTION('ref_axis',(1.,0.,0.));
#7217=DIRECTION('center_axis',(0.,0.,1.));
#7218=DIRECTION('ref_axis',(1.,0.,0.));
#7219=DIRECTION('',(0.,0.,1.));
#7220=DIRECTION('center_axis',(0.,0.,1.));
#7221=DIRECTION('ref_axis',(1.,0.,0.));
#7222=DIRECTION('center_axis',(0.,0.,1.));
#7223=DIRECTION('ref_axis',(1.,0.,0.));
#7224=DIRECTION('center_axis',(0.,0.,1.));
#7225=DIRECTION('ref_axis',(1.,0.,0.));
#7226=DIRECTION('center_axis',(0.,0.,1.));
#7227=DIRECTION('ref_axis',(1.,0.,0.));
#7228=DIRECTION('',(0.,0.,1.));
#7229=DIRECTION('center_axis',(0.,0.,1.));
#7230=DIRECTION('ref_axis',(1.,0.,0.));
#7231=DIRECTION('center_axis',(0.,0.,1.));
#7232=DIRECTION('ref_axis',(1.,0.,0.));
#7233=DIRECTION('center_axis',(0.,0.,1.));
#7234=DIRECTION('ref_axis',(1.,0.,0.));
#7235=DIRECTION('center_axis',(0.,0.,1.));
#7236=DIRECTION('ref_axis',(1.,0.,0.));
#7237=DIRECTION('',(0.,0.,1.));
#7238=DIRECTION('center_axis',(0.,0.,1.));
#7239=DIRECTION('ref_axis',(1.,0.,0.));
#7240=DIRECTION('center_axis',(0.,0.,1.));
#7241=DIRECTION('ref_axis',(1.,0.,0.));
#7242=DIRECTION('center_axis',(0.,0.,1.));
#7243=DIRECTION('ref_axis',(1.,0.,0.));
#7244=DIRECTION('center_axis',(0.,0.,1.));
#7245=DIRECTION('ref_axis',(1.,0.,0.));
#7246=DIRECTION('',(0.,0.,1.));
#7247=DIRECTION('center_axis',(0.,0.,1.));
#7248=DIRECTION('ref_axis',(1.,0.,0.));
#7249=DIRECTION('center_axis',(0.,0.,1.));
#7250=DIRECTION('ref_axis',(1.,0.,0.));
#7251=DIRECTION('center_axis',(0.,0.,1.));
#7252=DIRECTION('ref_axis',(1.,0.,0.));
#7253=DIRECTION('center_axis',(0.,0.,1.));
#7254=DIRECTION('ref_axis',(1.,0.,0.));
#7255=DIRECTION('',(0.,0.,1.));
#7256=DIRECTION('center_axis',(0.,0.,1.));
#7257=DIRECTION('ref_axis',(1.,0.,0.));
#7258=DIRECTION('center_axis',(0.,0.,1.));
#7259=DIRECTION('ref_axis',(1.,0.,0.));
#7260=DIRECTION('center_axis',(0.,0.,1.));
#7261=DIRECTION('ref_axis',(1.,0.,0.));
#7262=DIRECTION('center_axis',(0.,0.,1.));
#7263=DIRECTION('ref_axis',(1.,0.,0.));
#7264=DIRECTION('',(0.,0.,1.));
#7265=DIRECTION('center_axis',(0.,0.,1.));
#7266=DIRECTION('ref_axis',(1.,0.,0.));
#7267=DIRECTION('center_axis',(0.,0.,1.));
#7268=DIRECTION('ref_axis',(1.,0.,0.));
#7269=DIRECTION('center_axis',(0.,0.,1.));
#7270=DIRECTION('ref_axis',(1.,0.,0.));
#7271=DIRECTION('center_axis',(0.,0.,1.));
#7272=DIRECTION('ref_axis',(1.,0.,0.));
#7273=DIRECTION('',(0.,0.,1.));
#7274=DIRECTION('center_axis',(0.,0.,1.));
#7275=DIRECTION('ref_axis',(1.,0.,0.));
#7276=DIRECTION('center_axis',(0.,0.,1.));
#7277=DIRECTION('ref_axis',(1.,0.,0.));
#7278=DIRECTION('center_axis',(0.,0.,1.));
#7279=DIRECTION('ref_axis',(1.,0.,0.));
#7280=DIRECTION('center_axis',(0.,0.,1.));
#7281=DIRECTION('ref_axis',(1.,0.,0.));
#7282=DIRECTION('',(0.,0.,1.));
#7283=DIRECTION('center_axis',(0.,0.,1.));
#7284=DIRECTION('ref_axis',(1.,0.,0.));
#7285=DIRECTION('center_axis',(0.,0.,1.));
#7286=DIRECTION('ref_axis',(1.,0.,0.));
#7287=DIRECTION('center_axis',(0.,0.,1.));
#7288=DIRECTION('ref_axis',(1.,0.,0.));
#7289=DIRECTION('center_axis',(0.,0.,1.));
#7290=DIRECTION('ref_axis',(1.,0.,0.));
#7291=DIRECTION('',(0.,0.,1.));
#7292=DIRECTION('center_axis',(0.,0.,1.));
#7293=DIRECTION('ref_axis',(1.,0.,0.));
#7294=DIRECTION('center_axis',(0.,0.,1.));
#7295=DIRECTION('ref_axis',(1.,0.,0.));
#7296=DIRECTION('center_axis',(0.,0.,1.));
#7297=DIRECTION('ref_axis',(1.,0.,0.));
#7298=DIRECTION('center_axis',(0.,0.,1.));
#7299=DIRECTION('ref_axis',(1.,0.,0.));
#7300=DIRECTION('',(0.,0.,1.));
#7301=DIRECTION('center_axis',(0.,0.,1.));
#7302=DIRECTION('ref_axis',(1.,0.,0.));
#7303=DIRECTION('center_axis',(0.,0.,1.));
#7304=DIRECTION('ref_axis',(1.,0.,0.));
#7305=DIRECTION('center_axis',(0.,0.,1.));
#7306=DIRECTION('ref_axis',(1.,0.,0.));
#7307=DIRECTION('center_axis',(0.,0.,1.));
#7308=DIRECTION('ref_axis',(1.,0.,0.));
#7309=DIRECTION('',(0.,0.,1.));
#7310=DIRECTION('center_axis',(0.,0.,1.));
#7311=DIRECTION('ref_axis',(1.,0.,0.));
#7312=DIRECTION('center_axis',(0.,0.,1.));
#7313=DIRECTION('ref_axis',(1.,0.,0.));
#7314=DIRECTION('center_axis',(0.,0.,1.));
#7315=DIRECTION('ref_axis',(1.,0.,0.));
#7316=DIRECTION('center_axis',(0.,0.,1.));
#7317=DIRECTION('ref_axis',(1.,0.,0.));
#7318=DIRECTION('',(0.,0.,1.));
#7319=DIRECTION('center_axis',(0.,0.,1.));
#7320=DIRECTION('ref_axis',(1.,0.,0.));
#7321=DIRECTION('center_axis',(0.,0.,1.));
#7322=DIRECTION('ref_axis',(1.,0.,0.));
#7323=DIRECTION('center_axis',(0.,0.,1.));
#7324=DIRECTION('ref_axis',(1.,0.,0.));
#7325=DIRECTION('',(0.965925826289069,-0.25881904510252,0.));
#7326=DIRECTION('',(0.25881904510252,0.965925826289069,0.));
#7327=DIRECTION('',(-0.965925826289069,0.25881904510252,0.));
#7328=DIRECTION('',(-0.25881904510252,-0.965925826289069,0.));
#7329=DIRECTION('center_axis',(0.,0.,1.));
#7330=DIRECTION('ref_axis',(-0.896991674172923,-0.442047436893889,0.));
#7331=DIRECTION('center_axis',(0.,0.,1.));
#7332=DIRECTION('ref_axis',(-0.996570887960034,-0.0827433699491909,0.));
#7333=DIRECTION('center_axis',(0.,0.,1.));
#7334=DIRECTION('ref_axis',(0.996570887960034,0.0827433699491918,0.));
#7335=DIRECTION('center_axis',(0.,0.,1.));
#7336=DIRECTION('ref_axis',(-0.985510472438646,-0.169614588740936,0.));
#7337=DIRECTION('center_axis',(0.,0.,1.));
#7338=DIRECTION('ref_axis',(0.985510472438646,0.169614588740936,0.));
#7339=DIRECTION('center_axis',(0.,0.,1.));
#7340=DIRECTION('ref_axis',(-0.99784129526383,-0.0656715270585552,0.));
#7341=DIRECTION('center_axis',(0.,0.,1.));
#7342=DIRECTION('ref_axis',(0.0656715270585552,0.99784129526383,0.));
#7343=DIRECTION('center_axis',(0.,0.,1.));
#7344=DIRECTION('ref_axis',(0.426627583609285,0.90442739062,0.));
#7345=DIRECTION('center_axis',(0.,0.,1.));
#7346=DIRECTION('ref_axis',(-0.426627583609285,-0.90442739062,0.));
#7347=DIRECTION('center_axis',(0.,0.,1.));
#7348=DIRECTION('ref_axis',(0.345864693517222,0.938284399197939,0.));
#7349=DIRECTION('center_axis',(0.,0.,1.));
#7350=DIRECTION('ref_axis',(-0.345864693517223,-0.938284399197939,0.));
#7351=DIRECTION('center_axis',(0.,0.,1.));
#7352=DIRECTION('ref_axis',(0.442047436893889,0.896991674172923,0.));
#7353=DIRECTION('center_axis',(0.,0.,1.));
#7354=DIRECTION('ref_axis',(0.874619707139396,-0.484809620246337,0.));
#7355=DIRECTION('center_axis',(0.,0.,1.));
#7356=DIRECTION('ref_axis',(-0.874619707139396,0.484809620246337,0.));
#7357=DIRECTION('center_axis',(0.,0.,1.));
#7358=DIRECTION('ref_axis',(0.874619707139396,-0.484809620246337,0.));
#7359=DIRECTION('center_axis',(0.,0.,1.));
#7360=DIRECTION('ref_axis',(-0.156434465040231,-0.987688340595138,0.));
#7361=DIRECTION('center_axis',(0.,0.,1.));
#7362=DIRECTION('ref_axis',(0.325568154457156,-0.945518575599317,0.));
#7363=DIRECTION('center_axis',(0.,0.,1.));
#7364=DIRECTION('ref_axis',(-0.325568154457157,0.945518575599317,0.));
#7365=DIRECTION('',(-0.325568154457156,0.945518575599317,0.));
#7366=DIRECTION('',(0.0953898086424191,0.995439995382526,0.));
#7367=DIRECTION('center_axis',(0.,0.,1.));
#7368=DIRECTION('ref_axis',(-0.995439995382525,0.0953898086424215,0.));
#7369=DIRECTION('',(-0.605821868384521,0.795600316608213,0.));
#7370=DIRECTION('',(0.25881904510252,-0.965925826289069,0.));
#7371=DIRECTION('',(0.965925826289069,0.25881904510252,0.));
#7372=DIRECTION('',(0.965925826289069,0.25881904510252,0.));
#7373=DIRECTION('',(-0.25881904510252,0.965925826289069,0.));
#7374=DIRECTION('',(-0.965925826289069,-0.25881904510252,0.));
#7375=DIRECTION('',(0.605821868384521,-0.795600316608213,0.));
#7376=DIRECTION('',(-0.0953898086424189,-0.995439995382526,0.));
#7377=DIRECTION('center_axis',(0.,0.,1.));
#7378=DIRECTION('ref_axis',(0.995439995382526,-0.0953898086424197,0.));
#7379=DIRECTION('',(0.325568154457156,-0.945518575599317,0.));
#7380=DIRECTION('center_axis',(0.,0.,1.));
#7381=DIRECTION('ref_axis',(-0.325568154457157,0.945518575599317,0.));
#7382=DIRECTION('center_axis',(0.,0.,1.));
#7383=DIRECTION('ref_axis',(0.325568154457156,-0.945518575599317,0.));
#7384=DIRECTION('center_axis',(0.,0.,1.));
#7385=DIRECTION('ref_axis',(-0.156434465040231,-0.987688340595138,0.));
#7386=DIRECTION('center_axis',(0.,0.,1.));
#7387=DIRECTION('ref_axis',(0.874619707139396,-0.484809620246337,0.));
#7388=DIRECTION('center_axis',(0.,0.,1.));
#7389=DIRECTION('ref_axis',(-0.874619707139396,0.484809620246337,0.));
#7390=DIRECTION('center_axis',(0.,0.,1.));
#7391=DIRECTION('ref_axis',(0.874619707139396,-0.484809620246337,0.));
#7392=DIRECTION('center_axis',(0.,0.,1.));
#7393=DIRECTION('ref_axis',(0.442047436893889,0.896991674172923,0.));
#7394=DIRECTION('center_axis',(0.,0.,1.));
#7395=DIRECTION('ref_axis',(-0.345864693517223,-0.938284399197939,0.));
#7396=DIRECTION('center_axis',(0.,0.,1.));
#7397=DIRECTION('ref_axis',(0.345864693517222,0.938284399197939,0.));
#7398=DIRECTION('center_axis',(0.,0.,1.));
#7399=DIRECTION('ref_axis',(-0.426627583609284,-0.904427390620001,0.));
#7400=DIRECTION('center_axis',(0.,0.,1.));
#7401=DIRECTION('ref_axis',(0.426627583609285,0.90442739062,0.));
#7402=DIRECTION('center_axis',(0.,0.,1.));
#7403=DIRECTION('ref_axis',(0.0656715270585549,0.99784129526383,0.));
#7404=DIRECTION('center_axis',(0.,0.,1.));
#7405=DIRECTION('ref_axis',(-0.99784129526383,-0.0656715270585552,0.));
#7406=DIRECTION('center_axis',(0.,0.,1.));
#7407=DIRECTION('ref_axis',(0.985510472438646,0.169614588740936,0.));
#7408=DIRECTION('center_axis',(0.,0.,1.));
#7409=DIRECTION('ref_axis',(-0.985510472438646,-0.169614588740936,0.));
#7410=DIRECTION('center_axis',(0.,0.,1.));
#7411=DIRECTION('ref_axis',(0.996570887960034,0.0827433699491916,0.));
#7412=DIRECTION('center_axis',(0.,0.,1.));
#7413=DIRECTION('ref_axis',(-0.996570887960034,-0.0827433699491913,0.));
#7414=DIRECTION('center_axis',(0.,0.,1.));
#7415=DIRECTION('ref_axis',(-0.896991674172923,-0.442047436893889,0.));
#7416=DIRECTION('',(-0.25881904510252,-0.965925826289069,0.));
#7417=DIRECTION('',(0.965925826289069,-0.25881904510252,0.));
#7418=DIRECTION('center_axis',(0.,0.,1.));
#7419=DIRECTION('ref_axis',(1.,0.,0.));
#7420=DIRECTION('center_axis',(0.,0.,1.));
#7421=DIRECTION('ref_axis',(1.,0.,0.));
#7422=DIRECTION('center_axis',(0.258819045102521,-0.965925826289068,0.));
#7423=DIRECTION('ref_axis',(0.,0.,1.));
#7424=DIRECTION('center_axis',(0.25881904510252,-0.965925826289069,0.));
#7425=DIRECTION('ref_axis',(0.,0.,1.));
#7426=DIRECTION('center_axis',(0.25881904510252,-0.965925826289069,0.));
#7427=DIRECTION('ref_axis',(0.,0.,1.));
#7428=DIRECTION('center_axis',(0.25881904510252,-0.965925826289069,0.));
#7429=DIRECTION('ref_axis',(0.,0.,1.));
#7430=DIRECTION('center_axis',(0.25881904510252,-0.965925826289069,0.));
#7431=DIRECTION('ref_axis',(0.,0.,1.));
#7432=DIRECTION('',(0.258819045102521,-0.965925826289068,0.));
#7433=DIRECTION('center_axis',(-0.258819045102521,0.965925826289068,0.));
#7434=DIRECTION('ref_axis',(0.,0.,1.));
#7435=DIRECTION('center_axis',(0.25881904510252,-0.965925826289069,0.));
#7436=DIRECTION('ref_axis',(0.,0.,-1.));
#7437=DIRECTION('',(1.97215226305253E-31,4.93038065763132E-32,-1.));
#7438=DIRECTION('center_axis',(0.25881904510252,-0.965925826289069,0.));
#7439=DIRECTION('ref_axis',(0.,0.,-1.));
#7440=DIRECTION('',(0.965925826289069,0.25881904510252,-1.11022302462516E-15));
#7441=DIRECTION('',(1.97215226305253E-31,4.93038065763132E-32,-1.));
#7442=DIRECTION('center_axis',(0.25881904510252,-0.965925826289069,0.));
#7443=DIRECTION('ref_axis',(0.,0.,-1.));
#7444=DIRECTION('',(-1.97215226305253E-31,-4.93038065763132E-32,1.));
#7445=DIRECTION('',(0.965925826289069,0.25881904510252,-1.11022302462516E-15));
#7446=DIRECTION('center_axis',(0.25881904510252,-0.965925826289069,0.));
#7447=DIRECTION('ref_axis',(0.,0.,-1.));
#7448=DIRECTION('',(-1.97215226305253E-31,-4.93038065763132E-32,1.));
#7449=DIRECTION('center_axis',(0.258819045102521,-0.965925826289068,0.));
#7450=DIRECTION('ref_axis',(0.,0.,1.));
#7451=DIRECTION('center_axis',(-0.258819045102521,0.965925826289068,0.));
#7452=DIRECTION('ref_axis',(0.,0.,1.));
#7453=DIRECTION('center_axis',(0.258819045102521,-0.965925826289068,0.));
#7454=DIRECTION('ref_axis',(0.,0.,1.));
#7455=DIRECTION('',(0.258819045102521,-0.965925826289068,0.));
#7456=DIRECTION('center_axis',(-0.965925826289069,-0.25881904510252,1.11022302462516E-15));
#7457=DIRECTION('ref_axis',(1.14938745233726E-15,0.,1.));
#7458=DIRECTION('',(0.25881904510252,-0.965925826289069,0.));
#7459=DIRECTION('',(-0.250080004412286,0.933311282423702,-0.257662650560332));
#7460=DIRECTION('',(-0.25881904510252,0.965925826289068,3.41923644558124E-33));
#7461=DIRECTION('',(-1.77343510679442E-15,2.3289775527783E-15,-1.));
#7462=DIRECTION('center_axis',(1.0723930924262E-15,2.87346863084315E-16,
1.));
#7463=DIRECTION('ref_axis',(0.25881904510252,-0.965925826289068,0.));
#7464=DIRECTION('',(0.965925826289069,0.25881904510252,-1.11022302462516E-15));
#7465=DIRECTION('',(0.25881904510252,-0.965925826289068,-3.41923644558124E-33));
#7466=DIRECTION('center_axis',(-0.0666880011766085,0.248883008646321,0.966234939601246));
#7467=DIRECTION('ref_axis',(0.250080004412286,-0.933311282423702,0.257662650560332));
#7468=DIRECTION('',(-0.96592582628907,-0.258819045102516,0.));
#7469=DIRECTION('',(0.965925826289069,0.25881904510252,-1.11022302462516E-15));
#7470=DIRECTION('',(0.250080004412286,-0.933311282423702,0.257662650560332));
#7471=DIRECTION('center_axis',(-0.25881904510252,0.965925826289069,0.));
#7472=DIRECTION('ref_axis',(0.,0.,1.));
#7473=DIRECTION('',(0.,0.,1.));
#7474=DIRECTION('',(-1.97215226305253E-31,-4.93038065763132E-32,1.));
#7475=DIRECTION('center_axis',(0.965925826289069,0.25881904510252,-1.11022302462516E-15));
#7476=DIRECTION('ref_axis',(-1.14938745233726E-15,0.,-1.));
#7477=DIRECTION('center_axis',(0.,0.,1.));
#7478=DIRECTION('ref_axis',(1.,0.,0.));
#7479=DIRECTION('',(0.605821868384521,-0.795600316608213,0.));
#7480=DIRECTION('center_axis',(0.,0.,1.));
#7481=DIRECTION('ref_axis',(-0.995439995382525,0.0953898086424215,0.));
#7482=DIRECTION('',(-0.0953898086424191,-0.995439995382526,0.));
#7483=DIRECTION('',(0.325568154457156,-0.945518575599317,0.));
#7484=DIRECTION('center_axis',(0.,0.,1.));
#7485=DIRECTION('ref_axis',(-0.325568154457157,0.945518575599317,0.));
#7486=DIRECTION('center_axis',(0.,0.,-1.));
#7487=DIRECTION('ref_axis',(0.325568154457156,-0.945518575599317,0.));
#7488=DIRECTION('center_axis',(0.,0.,1.));
#7489=DIRECTION('ref_axis',(-0.156434465040231,-0.987688340595138,0.));
#7490=DIRECTION('center_axis',(0.,0.,1.));
#7491=DIRECTION('ref_axis',(0.874619707139396,-0.484809620246337,0.));
#7492=DIRECTION('center_axis',(0.,0.,-1.));
#7493=DIRECTION('ref_axis',(-0.874619707139396,0.484809620246337,0.));
#7494=DIRECTION('center_axis',(0.,0.,-1.));
#7495=DIRECTION('ref_axis',(0.874619707139396,-0.484809620246337,0.));
#7496=DIRECTION('center_axis',(0.,0.,-1.));
#7497=DIRECTION('ref_axis',(0.442047436893889,0.896991674172923,0.));
#7498=DIRECTION('center_axis',(0.,0.,1.));
#7499=DIRECTION('ref_axis',(-0.345864693517223,-0.938284399197939,0.));
#7500=DIRECTION('center_axis',(0.,0.,-1.));
#7501=DIRECTION('ref_axis',(0.345864693517222,0.938284399197939,0.));
#7502=DIRECTION('center_axis',(0.,0.,1.));
#7503=DIRECTION('ref_axis',(-0.426627583609285,-0.90442739062,0.));
#7504=DIRECTION('center_axis',(0.,0.,-1.));
#7505=DIRECTION('ref_axis',(0.426627583609285,0.90442739062,0.));
#7506=DIRECTION('center_axis',(0.,0.,-1.));
#7507=DIRECTION('ref_axis',(0.0656715270585552,0.99784129526383,0.));
#7508=DIRECTION('center_axis',(0.,0.,-1.));
#7509=DIRECTION('ref_axis',(-0.99784129526383,-0.0656715270585552,0.));
#7510=DIRECTION('center_axis',(0.,0.,1.));
#7511=DIRECTION('ref_axis',(0.985510472438646,0.169614588740936,0.));
#7512=DIRECTION('center_axis',(0.,0.,-1.));
#7513=DIRECTION('ref_axis',(-0.985510472438646,-0.169614588740936,0.));
#7514=DIRECTION('center_axis',(0.,0.,1.));
#7515=DIRECTION('ref_axis',(0.996570887960034,0.0827433699491918,0.));
#7516=DIRECTION('center_axis',(0.,0.,-1.));
#7517=DIRECTION('ref_axis',(-0.996570887960034,-0.0827433699491909,0.));
#7518=DIRECTION('center_axis',(0.,0.,-1.));
#7519=DIRECTION('ref_axis',(-0.896991674172923,-0.442047436893889,0.));
#7520=DIRECTION('',(-0.25881904510252,-0.965925826289069,0.));
#7521=DIRECTION('center_axis',(0.,0.,1.));
#7522=DIRECTION('ref_axis',(-0.896991674172923,-0.442047436893889,0.));
#7523=DIRECTION('center_axis',(0.,0.,1.));
#7524=DIRECTION('ref_axis',(-0.996570887960034,-0.0827433699491913,0.));
#7525=DIRECTION('center_axis',(0.,0.,-1.));
#7526=DIRECTION('ref_axis',(0.996570887960034,0.0827433699491916,0.));
#7527=DIRECTION('center_axis',(0.,0.,1.));
#7528=DIRECTION('ref_axis',(-0.985510472438646,-0.169614588740936,0.));
#7529=DIRECTION('center_axis',(0.,0.,-1.));
#7530=DIRECTION('ref_axis',(0.985510472438646,0.169614588740936,0.));
#7531=DIRECTION('center_axis',(0.,0.,1.));
#7532=DIRECTION('ref_axis',(-0.99784129526383,-0.0656715270585552,0.));
#7533=DIRECTION('center_axis',(0.,0.,1.));
#7534=DIRECTION('ref_axis',(0.0656715270585549,0.99784129526383,0.));
#7535=DIRECTION('center_axis',(0.,0.,1.));
#7536=DIRECTION('ref_axis',(0.426627583609285,0.90442739062,0.));
#7537=DIRECTION('center_axis',(0.,0.,-1.));
#7538=DIRECTION('ref_axis',(-0.426627583609284,-0.904427390620001,0.));
#7539=DIRECTION('center_axis',(0.,0.,1.));
#7540=DIRECTION('ref_axis',(0.345864693517222,0.938284399197939,0.));
#7541=DIRECTION('center_axis',(0.,0.,-1.));
#7542=DIRECTION('ref_axis',(-0.345864693517223,-0.938284399197939,0.));
#7543=DIRECTION('center_axis',(0.,0.,1.));
#7544=DIRECTION('ref_axis',(0.442047436893889,0.896991674172923,0.));
#7545=DIRECTION('center_axis',(0.,0.,1.));
#7546=DIRECTION('ref_axis',(0.874619707139396,-0.484809620246337,0.));
#7547=DIRECTION('center_axis',(0.,0.,1.));
#7548=DIRECTION('ref_axis',(-0.874619707139396,0.484809620246337,0.));
#7549=DIRECTION('center_axis',(0.,0.,-1.));
#7550=DIRECTION('ref_axis',(0.874619707139396,-0.484809620246337,0.));
#7551=DIRECTION('center_axis',(0.,0.,-1.));
#7552=DIRECTION('ref_axis',(-0.156434465040231,-0.987688340595138,0.));
#7553=DIRECTION('center_axis',(0.,0.,1.));
#7554=DIRECTION('ref_axis',(0.325568154457156,-0.945518575599317,0.));
#7555=DIRECTION('center_axis',(0.,0.,-1.));
#7556=DIRECTION('ref_axis',(-0.325568154457157,0.945518575599317,0.));
#7557=DIRECTION('',(-0.325568154457156,0.945518575599317,0.));
#7558=DIRECTION('center_axis',(0.,0.,1.));
#7559=DIRECTION('ref_axis',(0.995439995382526,-0.0953898086424197,0.));
#7560=DIRECTION('',(0.0953898086424189,0.995439995382526,0.));
#7561=DIRECTION('',(-0.605821868384521,0.795600316608213,0.));
#7562=DIRECTION('center_axis',(-0.795600316608213,-0.605821868384521,0.));
#7563=DIRECTION('ref_axis',(0.605821868384521,-0.795600316608213,0.));
#7564=DIRECTION('',(0.,0.,1.));
#7565=DIRECTION('center_axis',(-0.258819045102521,-0.965925826289068,0.));
#7566=DIRECTION('ref_axis',(0.,0.,1.));
#7567=DIRECTION('center_axis',(-0.25881904510252,-0.965925826289069,0.));
#7568=DIRECTION('ref_axis',(0.,0.,1.));
#7569=DIRECTION('center_axis',(-0.25881904510252,-0.965925826289069,0.));
#7570=DIRECTION('ref_axis',(0.,0.,1.));
#7571=DIRECTION('center_axis',(-0.25881904510252,-0.965925826289069,0.));
#7572=DIRECTION('ref_axis',(0.,0.,1.));
#7573=DIRECTION('center_axis',(-0.25881904510252,-0.965925826289069,0.));
#7574=DIRECTION('ref_axis',(0.,0.,1.));
#7575=DIRECTION('',(-0.258819045102521,-0.965925826289068,0.));
#7576=DIRECTION('center_axis',(0.258819045102521,0.965925826289068,0.));
#7577=DIRECTION('ref_axis',(0.,0.,1.));
#7578=DIRECTION('center_axis',(-0.258819045102521,-0.965925826289068,0.));
#7579=DIRECTION('ref_axis',(0.,0.,1.));
#7580=DIRECTION('center_axis',(0.258819045102521,0.965925826289068,0.));
#7581=DIRECTION('ref_axis',(0.,0.,1.));
#7582=DIRECTION('center_axis',(-0.25881904510252,-0.965925826289069,0.));
#7583=DIRECTION('ref_axis',(0.,0.,-1.));
#7584=DIRECTION('',(0.,-1.97215226305253E-31,-1.));
#7585=DIRECTION('center_axis',(-0.25881904510252,-0.965925826289069,0.));
#7586=DIRECTION('ref_axis',(0.,0.,-1.));
#7587=DIRECTION('',(0.965925826289069,-0.25881904510252,-5.99520433297585E-15));
#7588=DIRECTION('',(0.,-1.97215226305253E-31,-1.));
#7589=DIRECTION('center_axis',(-0.25881904510252,-0.965925826289069,0.));
#7590=DIRECTION('ref_axis',(0.,0.,-1.));
#7591=DIRECTION('',(0.,1.97215226305253E-31,1.));
#7592=DIRECTION('',(0.965925826289069,-0.25881904510252,-5.99520433297585E-15));
#7593=DIRECTION('center_axis',(-0.25881904510252,-0.965925826289069,0.));
#7594=DIRECTION('ref_axis',(0.,0.,-1.));
#7595=DIRECTION('',(0.,1.97215226305253E-31,1.));
#7596=DIRECTION('center_axis',(-0.258819045102521,-0.965925826289068,0.));
#7597=DIRECTION('ref_axis',(0.,0.,1.));
#7598=DIRECTION('',(-0.258819045102521,-0.965925826289068,0.));
#7599=DIRECTION('center_axis',(0.,0.,1.));
#7600=DIRECTION('ref_axis',(1.,0.,0.));
#7601=DIRECTION('center_axis',(0.,0.,1.));
#7602=DIRECTION('ref_axis',(1.,0.,0.));
#7603=DIRECTION('',(0.,0.,-1.));
#7604=DIRECTION('center_axis',(-0.965925826289069,0.25881904510252,5.99520433297585E-15));
#7605=DIRECTION('ref_axis',(6.20669224262122E-15,0.,1.));
#7606=DIRECTION('',(0.,0.,1.));
#7607=DIRECTION('',(0.,-1.97215226305253E-31,-1.));
#7608=DIRECTION('',(0.250080004412285,0.933311282423702,-0.257662650560332));
#7609=DIRECTION('',(0.258819045102521,0.965925826289068,1.90495280425687E-31));
#7610=DIRECTION('',(0.,0.,-1.));
#7611=DIRECTION('center_axis',(5.7909226991015E-15,-1.55167306065531E-15,
1.));
#7612=DIRECTION('ref_axis',(-0.258819045102521,-0.965925826289068,0.));
#7613=DIRECTION('',(0.965925826289069,-0.25881904510252,-5.99520433297585E-15));
#7614=DIRECTION('',(-0.258819045102521,-0.965925826289068,-1.90495280425687E-31));
#7615=DIRECTION('center_axis',(0.0666880011766151,0.248883008646319,0.966234939601246));
#7616=DIRECTION('ref_axis',(-0.250080004412286,-0.933311282423702,0.257662650560332));
#7617=DIRECTION('',(0.965925826289069,-0.25881904510252,-5.99520433297585E-15));
#7618=DIRECTION('',(-0.250080004412285,-0.933311282423702,0.257662650560332));
#7619=DIRECTION('center_axis',(0.25881904510252,0.965925826289069,0.));
#7620=DIRECTION('ref_axis',(0.,0.,1.));
#7621=DIRECTION('',(0.,1.97215226305253E-31,1.));
#7622=DIRECTION('center_axis',(0.965925826289069,-0.25881904510252,-5.99520433297585E-15));
#7623=DIRECTION('ref_axis',(-6.20669224262122E-15,0.,-1.));
#7624=DIRECTION('center_axis',(0.,0.,1.));
#7625=DIRECTION('ref_axis',(-0.896991674172923,-0.442047436893889,0.));
#7626=DIRECTION('',(0.,0.,1.));
#7627=DIRECTION('center_axis',(0.,0.,1.));
#7628=DIRECTION('ref_axis',(1.,0.,0.));
#7629=DIRECTION('center_axis',(0.,0.,1.));
#7630=DIRECTION('ref_axis',(0.996570887960034,0.0827433699491916,0.));
#7631=DIRECTION('',(0.,0.,1.));
#7632=DIRECTION('',(0.,0.,1.));
#7633=DIRECTION('center_axis',(0.,0.,1.));
#7634=DIRECTION('ref_axis',(-0.985510472438646,-0.169614588740936,0.));
#7635=DIRECTION('',(0.,0.,1.));
#7636=DIRECTION('center_axis',(0.,0.,1.));
#7637=DIRECTION('ref_axis',(0.985510472438646,0.169614588740936,0.));
#7638=DIRECTION('',(0.,0.,1.));
#7639=DIRECTION('center_axis',(0.,0.,1.));
#7640=DIRECTION('ref_axis',(-0.99784129526383,-0.0656715270585552,0.));
#7641=DIRECTION('',(0.,0.,1.));
#7642=DIRECTION('center_axis',(0.,0.,1.));
#7643=DIRECTION('ref_axis',(0.0656715270585549,0.99784129526383,0.));
#7644=DIRECTION('',(0.,0.,1.));
#7645=DIRECTION('center_axis',(0.,0.,1.));
#7646=DIRECTION('ref_axis',(0.426627583609285,0.90442739062,0.));
#7647=DIRECTION('',(0.,0.,1.));
#7648=DIRECTION('center_axis',(0.,0.,1.));
#7649=DIRECTION('ref_axis',(-0.426627583609284,-0.904427390620001,0.));
#7650=DIRECTION('',(0.,0.,1.));
#7651=DIRECTION('center_axis',(0.,0.,1.));
#7652=DIRECTION('ref_axis',(0.345864693517222,0.938284399197939,0.));
#7653=DIRECTION('',(0.,0.,1.));
#7654=DIRECTION('center_axis',(0.,0.,1.));
#7655=DIRECTION('ref_axis',(-0.345864693517223,-0.938284399197939,0.));
#7656=DIRECTION('',(0.,0.,1.));
#7657=DIRECTION('center_axis',(0.,0.,1.));
#7658=DIRECTION('ref_axis',(0.442047436893889,0.896991674172923,0.));
#7659=DIRECTION('',(0.,0.,1.));
#7660=DIRECTION('center_axis',(0.,0.,1.));
#7661=DIRECTION('ref_axis',(0.874619707139396,-0.484809620246337,0.));
#7662=DIRECTION('',(0.,0.,1.));
#7663=DIRECTION('center_axis',(0.,0.,1.));
#7664=DIRECTION('ref_axis',(-0.874619707139396,0.484809620246337,0.));
#7665=DIRECTION('',(0.,0.,1.));
#7666=DIRECTION('center_axis',(0.,0.,1.));
#7667=DIRECTION('ref_axis',(-0.438371146789077,0.898794046299167,0.));
#7668=DIRECTION('',(0.,0.,1.));
#7669=DIRECTION('center_axis',(0.,0.,1.));
#7670=DIRECTION('ref_axis',(-0.156434465040231,-0.987688340595138,0.));
#7671=DIRECTION('',(0.,0.,1.));
#7672=DIRECTION('center_axis',(0.,0.,1.));
#7673=DIRECTION('ref_axis',(-0.087155742747658,0.996194698091746,0.));
#7674=DIRECTION('',(0.,0.,1.));
#7675=DIRECTION('center_axis',(0.,0.,1.));
#7676=DIRECTION('ref_axis',(-0.325568154457157,0.945518575599317,0.));
#7677=DIRECTION('',(0.,0.,1.));
#7678=DIRECTION('center_axis',(0.945518575599317,0.325568154457156,0.));
#7679=DIRECTION('ref_axis',(-0.325568154457156,0.945518575599317,0.));
#7680=DIRECTION('',(0.,0.,1.));
#7681=DIRECTION('center_axis',(0.,0.,1.));
#7682=DIRECTION('ref_axis',(0.995439995382526,-0.0953898086424197,0.));
#7683=DIRECTION('',(0.,0.,1.));
#7684=DIRECTION('center_axis',(0.995439995382526,-0.0953898086424189,0.));
#7685=DIRECTION('ref_axis',(0.0953898086424189,0.995439995382526,0.));
#7686=DIRECTION('',(0.,0.,1.));
#7687=DIRECTION('center_axis',(0.795600316608213,0.605821868384521,0.));
#7688=DIRECTION('ref_axis',(-0.605821868384521,0.795600316608213,0.));
#7689=DIRECTION('center_axis',(0.,0.,1.));
#7690=DIRECTION('ref_axis',(-0.995439995382525,0.0953898086424215,0.));
#7691=DIRECTION('',(0.,0.,1.));
#7692=DIRECTION('center_axis',(-0.995439995382526,0.0953898086424191,0.));
#7693=DIRECTION('ref_axis',(-0.0953898086424191,-0.995439995382526,0.));
#7694=DIRECTION('',(0.,0.,1.));
#7695=DIRECTION('center_axis',(-0.945518575599317,-0.325568154457156,0.));
#7696=DIRECTION('ref_axis',(0.325568154457156,-0.945518575599317,0.));
#7697=DIRECTION('',(0.,0.,1.));
#7698=DIRECTION('center_axis',(0.,0.,1.));
#7699=DIRECTION('ref_axis',(-0.325568154457157,0.945518575599317,0.));
#7700=DIRECTION('',(0.,0.,1.));
#7701=DIRECTION('center_axis',(0.,0.,1.));
#7702=DIRECTION('ref_axis',(-0.0871557427476579,0.996194698091746,0.));
#7703=DIRECTION('',(0.,0.,1.));
#7704=DIRECTION('center_axis',(0.,0.,1.));
#7705=DIRECTION('ref_axis',(-0.156434465040231,-0.987688340595138,0.));
#7706=DIRECTION('',(0.,0.,1.));
#7707=DIRECTION('center_axis',(0.,0.,1.));
#7708=DIRECTION('ref_axis',(-0.438371146789077,0.898794046299167,0.));
#7709=DIRECTION('',(0.,0.,1.));
#7710=DIRECTION('center_axis',(0.,0.,1.));
#7711=DIRECTION('ref_axis',(-0.874619707139396,0.484809620246337,0.));
#7712=DIRECTION('',(0.,0.,1.));
#7713=DIRECTION('center_axis',(0.,0.,1.));
#7714=DIRECTION('ref_axis',(0.874619707139396,-0.484809620246337,0.));
#7715=DIRECTION('',(0.,0.,1.));
#7716=DIRECTION('center_axis',(0.,0.,1.));
#7717=DIRECTION('ref_axis',(0.442047436893889,0.896991674172923,0.));
#7718=DIRECTION('',(0.,0.,1.));
#7719=DIRECTION('center_axis',(0.,0.,1.));
#7720=DIRECTION('ref_axis',(-0.345864693517223,-0.938284399197939,0.));
#7721=DIRECTION('',(0.,0.,1.));
#7722=DIRECTION('center_axis',(0.,0.,1.));
#7723=DIRECTION('ref_axis',(0.345864693517222,0.938284399197939,0.));
#7724=DIRECTION('',(0.,0.,1.));
#7725=DIRECTION('center_axis',(0.,0.,1.));
#7726=DIRECTION('ref_axis',(-0.426627583609285,-0.90442739062,0.));
#7727=DIRECTION('',(0.,0.,1.));
#7728=DIRECTION('center_axis',(0.,0.,1.));
#7729=DIRECTION('ref_axis',(0.426627583609285,0.90442739062,0.));
#7730=DIRECTION('',(0.,0.,1.));
#7731=DIRECTION('center_axis',(0.,0.,1.));
#7732=DIRECTION('ref_axis',(0.0656715270585552,0.99784129526383,0.));
#7733=DIRECTION('',(0.,0.,1.));
#7734=DIRECTION('center_axis',(0.,0.,1.));
#7735=DIRECTION('ref_axis',(-0.99784129526383,-0.0656715270585552,0.));
#7736=DIRECTION('',(0.,0.,1.));
#7737=DIRECTION('center_axis',(0.,0.,1.));
#7738=DIRECTION('ref_axis',(0.985510472438646,0.169614588740936,0.));
#7739=DIRECTION('',(0.,0.,1.));
#7740=DIRECTION('center_axis',(0.,0.,1.));
#7741=DIRECTION('ref_axis',(-0.985510472438646,-0.169614588740936,0.));
#7742=DIRECTION('',(0.,0.,1.));
#7743=DIRECTION('center_axis',(0.,0.,1.));
#7744=DIRECTION('ref_axis',(0.996570887960034,0.0827433699491918,0.));
#7745=DIRECTION('',(0.,0.,1.));
#7746=DIRECTION('center_axis',(0.,0.,1.));
#7747=DIRECTION('ref_axis',(-0.996570887960034,-0.0827433699491909,0.));
#7748=DIRECTION('',(0.,0.,1.));
#7749=DIRECTION('center_axis',(0.,0.,1.));
#7750=DIRECTION('ref_axis',(-0.896991674172923,-0.442047436893889,0.));
#7751=DIRECTION('center_axis',(0.,0.,1.));
#7752=DIRECTION('ref_axis',(-0.996570887960034,-0.0827433699491913,0.));
#7753=CARTESIAN_POINT('',(0.,0.,0.));
#7754=CARTESIAN_POINT('Origin',(-9.8994949,-9.8994949,0.));
#7755=CARTESIAN_POINT('',(-9.9844949,-9.8994949,0.));
#7756=CARTESIAN_POINT('Origin',(-9.8994949,-9.8994949,0.));
#7757=CARTESIAN_POINT('',(-9.9844949,-9.8994949000234,1.08013910384334));
#7758=CARTESIAN_POINT('',(-9.9844949,-9.8994949,0.));
#7759=CARTESIAN_POINT('',(-9.95959897640086,-9.95959897640086,1.05));
#7760=CARTESIAN_POINT('Ctrl Pts',(-9.9844949,-9.89949490004681,1.08013910384334));
#7761=CARTESIAN_POINT('Ctrl Pts',(-9.98449489999831,-9.90257260874956,1.07722336583824));
#7762=CARTESIAN_POINT('Ctrl Pts',(-9.98432483605844,-9.90576187919459,1.07448638237051));
#7763=CARTESIAN_POINT('Ctrl Pts',(-9.98308080586632,-9.916857548018,1.06576089751883));
#7764=CARTESIAN_POINT('Ctrl Pts',(-9.9808522982893,-9.9259887189313,1.06003949810961));
#7765=CARTESIAN_POINT('Ctrl Pts',(-9.97269350868093,-9.94379967363537,1.05214777473424));
#7766=CARTESIAN_POINT('Ctrl Pts',(-9.96672571503392,-9.9524722377678,1.05));
#7767=CARTESIAN_POINT('Ctrl Pts',(-9.95959897640086,-9.95959897640086,1.05));
#7768=CARTESIAN_POINT('',(-9.95959897640086,-9.95959897640086,1.2));
#7769=CARTESIAN_POINT('Ctrl Pts',(-9.95959897640086,-9.95959897640086,1.05));
#7770=CARTESIAN_POINT('Ctrl Pts',(-9.95247223776779,-9.96672571503392,1.05));
#7771=CARTESIAN_POINT('Ctrl Pts',(-9.94379967363538,-9.97269350868092,1.05214777473424));
#7772=CARTESIAN_POINT('Ctrl Pts',(-9.92598871893131,-9.98085229828929,1.0600394981096));
#7773=CARTESIAN_POINT('Ctrl Pts',(-9.916857548018,-9.98308080586632,1.06576089751883));
#7774=CARTESIAN_POINT('Ctrl Pts',(-9.90055695989945,-9.98490840401219,1.07857946095702));
#7775=CARTESIAN_POINT('Ctrl Pts',(-9.8922335797306,-9.98443446709495,1.08667528376607));
#7776=CARTESIAN_POINT('Ctrl Pts',(-9.88258722257037,-9.98286003485803,1.10007511542143));
#7777=CARTESIAN_POINT('Ctrl Pts',(-9.87984917060138,-9.98221886844436,1.10474900278048));
#7778=CARTESIAN_POINT('Ctrl Pts',(-9.8759218665493,-9.98118546966997,1.11452305775524));
#7779=CARTESIAN_POINT('Ctrl Pts',(-9.87474616265847,-9.98081217983645,1.1196306566424));
#7780=CARTESIAN_POINT('Ctrl Pts',(-9.87474616265847,-9.98081217983645,1.125));
#7781=CARTESIAN_POINT('Ctrl Pts',(-9.87474616265847,-9.98081217983645,1.1303693433576));
#7782=CARTESIAN_POINT('Ctrl Pts',(-9.8759218665493,-9.98118546966997,1.13547694224476));
#7783=CARTESIAN_POINT('Ctrl Pts',(-9.87984917060138,-9.98221886844436,1.14525099721952));
#7784=CARTESIAN_POINT('Ctrl Pts',(-9.88258722257037,-9.98286003485803,1.14992488457857));
#7785=CARTESIAN_POINT('Ctrl Pts',(-9.8922335797306,-9.98443446709495,1.16332471623393));
#7786=CARTESIAN_POINT('Ctrl Pts',(-9.90055695989945,-9.98490840401219,1.17142053904298));
#7787=CARTESIAN_POINT('Ctrl Pts',(-9.916857548018,-9.98308080586632,1.18423910248117));
#7788=CARTESIAN_POINT('Ctrl Pts',(-9.92598871893131,-9.98085229828929,1.18996050189039));
#7789=CARTESIAN_POINT('Ctrl Pts',(-9.94379967363538,-9.97269350868092,1.19785222526576));
#7790=CARTESIAN_POINT('Ctrl Pts',(-9.95247223776779,-9.96672571503392,1.2));
#7791=CARTESIAN_POINT('Ctrl Pts',(-9.95959897640086,-9.95959897640086,1.2));
#7792=CARTESIAN_POINT('',(-9.83939082359915,-9.83939082359914,1.2));
#7793=CARTESIAN_POINT('Origin',(-9.8994949,-9.8994949,1.2));
#7794=CARTESIAN_POINT('',(-9.83939082359914,-9.83939082359914,1.05));
#7795=CARTESIAN_POINT('Ctrl Pts',(-9.83939082359914,-9.83939082359914,1.2));
#7796=CARTESIAN_POINT('Ctrl Pts',(-9.83226408496608,-9.84651756223221,1.2));
#7797=CARTESIAN_POINT('Ctrl Pts',(-9.82629629131908,-9.85519012636463,1.19785222526576));
#7798=CARTESIAN_POINT('Ctrl Pts',(-9.81813750171071,-9.87300108106869,1.18996050189039));
#7799=CARTESIAN_POINT('Ctrl Pts',(-9.81590899413368,-9.882132251982,1.18423910248117));
#7800=CARTESIAN_POINT('Ctrl Pts',(-9.81408139598781,-9.89843284010055,1.17142053904298));
#7801=CARTESIAN_POINT('Ctrl Pts',(-9.81455533290505,-9.9067562202694,1.16332471623394));
#7802=CARTESIAN_POINT('Ctrl Pts',(-9.81612976514197,-9.91640257742963,1.14992488457858));
#7803=CARTESIAN_POINT('Ctrl Pts',(-9.81677093155564,-9.91914062939862,1.14525099721953));
#7804=CARTESIAN_POINT('Ctrl Pts',(-9.81780433033004,-9.9230679334507,1.13547694224476));
#7805=CARTESIAN_POINT('Ctrl Pts',(-9.81817762016355,-9.92424363734153,1.1303693433576));
#7806=CARTESIAN_POINT('Ctrl Pts',(-9.81817762016355,-9.92424363734153,1.125));
#7807=CARTESIAN_POINT('Ctrl Pts',(-9.81817762016355,-9.92424363734153,1.1196306566424));
#7808=CARTESIAN_POINT('Ctrl Pts',(-9.81780433033004,-9.9230679334507,1.11452305775524));
#7809=CARTESIAN_POINT('Ctrl Pts',(-9.81677093155564,-9.91914062939862,1.10474900278047));
#7810=CARTESIAN_POINT('Ctrl Pts',(-9.81612976514197,-9.91640257742963,1.10007511542142));
#7811=CARTESIAN_POINT('Ctrl Pts',(-9.81455533290505,-9.9067562202694,1.08667528376606));
#7812=CARTESIAN_POINT('Ctrl Pts',(-9.81408139598781,-9.89843284010055,1.07857946095702));
#7813=CARTESIAN_POINT('Ctrl Pts',(-9.81590899413368,-9.882132251982,1.06576089751883));
#7814=CARTESIAN_POINT('Ctrl Pts',(-9.81813750171071,-9.87300108106869,1.06003949810961));
#7815=CARTESIAN_POINT('Ctrl Pts',(-9.82629629131908,-9.85519012636463,1.05214777473424));
#7816=CARTESIAN_POINT('Ctrl Pts',(-9.83226408496608,-9.8465175622322,1.05));
#7817=CARTESIAN_POINT('Ctrl Pts',(-9.83939082359914,-9.83939082359914,1.05));
#7818=CARTESIAN_POINT('Ctrl Pts',(-9.83939082359914,-9.83939082359914,1.05));
#7819=CARTESIAN_POINT('Ctrl Pts',(-9.8465175622322,-9.83226408496608,1.05));
#7820=CARTESIAN_POINT('Ctrl Pts',(-9.85519012636463,-9.82629629131907,1.05214777473424));
#7821=CARTESIAN_POINT('Ctrl Pts',(-9.8730010810687,-9.81813750171071,1.06003949810961));
#7822=CARTESIAN_POINT('Ctrl Pts',(-9.882132251982,-9.81590899413368,1.06576089751883));
#7823=CARTESIAN_POINT('Ctrl Pts',(-9.89843284010056,-9.81408139598781,1.07857946095702));
#7824=CARTESIAN_POINT('Ctrl Pts',(-9.90675622026941,-9.81455533290505,1.08667528376606));
#7825=CARTESIAN_POINT('Ctrl Pts',(-9.91640257742964,-9.81612976514197,1.10007511542142));
#7826=CARTESIAN_POINT('Ctrl Pts',(-9.91914062939862,-9.81677093155564,1.10474900278047));
#7827=CARTESIAN_POINT('Ctrl Pts',(-9.9230679334507,-9.81780433033004,1.11452305775524));
#7828=CARTESIAN_POINT('Ctrl Pts',(-9.92424363734154,-9.81817762016355,1.1196306566424));
#7829=CARTESIAN_POINT('Ctrl Pts',(-9.92424363734154,-9.81817762016355,1.1303693433576));
#7830=CARTESIAN_POINT('Ctrl Pts',(-9.9230679334507,-9.81780433033004,1.13547694224476));
#7831=CARTESIAN_POINT('Ctrl Pts',(-9.91914062939862,-9.81677093155564,1.14525099721953));
#7832=CARTESIAN_POINT('Ctrl Pts',(-9.91640257742964,-9.81612976514197,1.14992488457858));
#7833=CARTESIAN_POINT('Ctrl Pts',(-9.90675622026941,-9.81455533290505,1.16332471623394));
#7834=CARTESIAN_POINT('Ctrl Pts',(-9.89843284010056,-9.81408139598781,1.17142053904298));
#7835=CARTESIAN_POINT('Ctrl Pts',(-9.882132251982,-9.81590899413368,1.18423910248117));
#7836=CARTESIAN_POINT('Ctrl Pts',(-9.8730010810687,-9.81813750171071,1.1899605018904));
#7837=CARTESIAN_POINT('Ctrl Pts',(-9.85519012636463,-9.82629629131908,1.19785222526576));
#7838=CARTESIAN_POINT('Ctrl Pts',(-9.84651756223221,-9.83226408496608,1.2));
#7839=CARTESIAN_POINT('Ctrl Pts',(-9.83939082359914,-9.83939082359914,1.2));
#7840=CARTESIAN_POINT('',(-9.9844949,-9.8994949,1.2));
#7841=CARTESIAN_POINT('Origin',(-9.8994949,-9.8994949,1.2));
#7842=CARTESIAN_POINT('',(-9.9844949,-9.8994949000234,1.16986089615666));
#7843=CARTESIAN_POINT('',(-9.9844949,-9.8994949,0.));
#7844=CARTESIAN_POINT('Ctrl Pts',(-9.9844949,-9.8994949000468,1.16986089615666));
#7845=CARTESIAN_POINT('Ctrl Pts',(-9.98449490000275,-9.89449476160493,1.16512390019836));
#7846=CARTESIAN_POINT('Ctrl Pts',(-9.98403455494751,-9.88978336604945,1.15992110487043));
#7847=CARTESIAN_POINT('Ctrl Pts',(-9.98286003485803,-9.88258722257036,1.14992488457858));
#7848=CARTESIAN_POINT('Ctrl Pts',(-9.98221886844436,-9.87984917060138,1.14525099721953));
#7849=CARTESIAN_POINT('Ctrl Pts',(-9.98118546966997,-9.8759218665493,1.13547694224476));
#7850=CARTESIAN_POINT('Ctrl Pts',(-9.98081217983645,-9.87474616265846,1.1303693433576));
#7851=CARTESIAN_POINT('Ctrl Pts',(-9.98081217983645,-9.87474616265846,1.1196306566424));
#7852=CARTESIAN_POINT('Ctrl Pts',(-9.98118546966997,-9.8759218665493,1.11452305775524));
#7853=CARTESIAN_POINT('Ctrl Pts',(-9.98221886844436,-9.87984917060138,1.10474900278047));
#7854=CARTESIAN_POINT('Ctrl Pts',(-9.98286003485803,-9.88258722257036,1.10007511542142));
#7855=CARTESIAN_POINT('Ctrl Pts',(-9.98403455494751,-9.88978336604945,1.09007889512957));
#7856=CARTESIAN_POINT('Ctrl Pts',(-9.98449490000275,-9.89449476160493,1.08487609980164));
#7857=CARTESIAN_POINT('Ctrl Pts',(-9.9844949,-9.89949490004681,1.08013910384334));
#7858=CARTESIAN_POINT('Origin',(0.5234925,14.9908624,0.));
#7859=CARTESIAN_POINT('',(0.2234925,14.9908624,0.));
#7860=CARTESIAN_POINT('Origin',(0.5234925,14.9908624,0.));
#7861=CARTESIAN_POINT('',(0.2234925,14.9908624,1.2));
#7862=CARTESIAN_POINT('',(0.2234925,14.9908624,0.));
#7863=CARTESIAN_POINT('Origin',(0.5234925,14.9908624,1.2));
#7864=CARTESIAN_POINT('Origin',(0.5234925,14.9908624,1.2));
#7865=CARTESIAN_POINT('Origin',(-7.948789,12.7207214,0.));
#7866=CARTESIAN_POINT('',(-8.248789,12.7207214,0.));
#7867=CARTESIAN_POINT('Origin',(-7.948789,12.7207214,0.));
#7868=CARTESIAN_POINT('',(-8.248789,12.7207214,1.2));
#7869=CARTESIAN_POINT('',(-8.248789,12.7207214,0.));
#7870=CARTESIAN_POINT('Origin',(-7.948789,12.7207214,1.2));
#7871=CARTESIAN_POINT('Origin',(-7.948789,12.7207214,1.2));
#7872=CARTESIAN_POINT('Origin',(-10.5712463787389,-10.5712463787389,1.125));
#7873=CARTESIAN_POINT('Ctrl Pts',(-9.95959897640086,-9.95959897640086,1.2));
#7874=CARTESIAN_POINT('Ctrl Pts',(-9.96672571503392,-9.9524722377678,1.2));
#7875=CARTESIAN_POINT('Ctrl Pts',(-9.97269350868092,-9.94379967363537,1.19785222526576));
#7876=CARTESIAN_POINT('Ctrl Pts',(-9.98085229828929,-9.92598871893131,1.1899605018904));
#7877=CARTESIAN_POINT('Ctrl Pts',(-9.98308080586632,-9.916857548018,1.18423910248117));
#7878=CARTESIAN_POINT('Ctrl Pts',(-9.98432483605844,-9.90576187919459,1.17551361762949));
#7879=CARTESIAN_POINT('Ctrl Pts',(-9.98449489999831,-9.90257260874955,1.17277663416176));
#7880=CARTESIAN_POINT('Ctrl Pts',(-9.9844949,-9.8994949000468,1.16986089615666));
#7881=CARTESIAN_POINT('',(-11.3137084989848,-11.3137084989848,1.05));
#7882=CARTESIAN_POINT('',(-10.5712463787389,-10.5712463787389,1.05));
#7883=CARTESIAN_POINT('',(-11.2605511935991,-11.3666172107771,1.125));
#7884=CARTESIAN_POINT('Ctrl Pts',(-11.2605511935991,-11.3666172107771,1.125));
#7885=CARTESIAN_POINT('Ctrl Pts',(-11.2605511935991,-11.3666172107771,1.1155828177747));
#7886=CARTESIAN_POINT('Ctrl Pts',(-11.2618884724189,-11.3652928990463,1.1055379459518));
#7887=CARTESIAN_POINT('Ctrl Pts',(-11.2673241267117,-11.3599041223917,1.08705950091321));
#7888=CARTESIAN_POINT('Ctrl Pts',(-11.2714221656122,-11.3558393219722,1.0786259265327));
#7889=CARTESIAN_POINT('Ctrl Pts',(-11.280870535902,-11.3464533795421,1.06530805628943));
#7890=CARTESIAN_POINT('Ctrl Pts',(-11.2868505926971,-11.3405065610686,1.05953605725305));
#7891=CARTESIAN_POINT('Ctrl Pts',(-11.2999402651265,-11.3274637659133,1.05188202872642));
#7892=CARTESIAN_POINT('Ctrl Pts',(-11.3070495455737,-11.3203674523958,1.05));
#7893=CARTESIAN_POINT('Ctrl Pts',(-11.3137084989848,-11.3137084989848,1.05));
#7894=CARTESIAN_POINT('Ctrl Pts',(-11.3137084989848,-11.3137084989848,1.05));
#7895=CARTESIAN_POINT('Ctrl Pts',(-11.3203674523958,-11.3070495455737,1.05));
#7896=CARTESIAN_POINT('Ctrl Pts',(-11.3274637659133,-11.2999402651265,1.05188202872642));
#7897=CARTESIAN_POINT('Ctrl Pts',(-11.3405065610686,-11.2868505926971,1.05953605725305));
#7898=CARTESIAN_POINT('Ctrl Pts',(-11.3464533795421,-11.280870535902,1.06530805628943));
#7899=CARTESIAN_POINT('Ctrl Pts',(-11.3558393219722,-11.2714221656122,1.0786259265327));
#7900=CARTESIAN_POINT('Ctrl Pts',(-11.3599041223917,-11.2673241267117,1.08705950091321));
#7901=CARTESIAN_POINT('Ctrl Pts',(-11.3652928990463,-11.2618884724189,1.1055379459518));
#7902=CARTESIAN_POINT('Ctrl Pts',(-11.3666172107771,-11.2605511935991,1.1155828177747));
#7903=CARTESIAN_POINT('Ctrl Pts',(-11.3666172107771,-11.2605511935991,1.1344171822253));
#7904=CARTESIAN_POINT('Ctrl Pts',(-11.3652928990463,-11.2618884724189,1.1444620540482));
#7905=CARTESIAN_POINT('Ctrl Pts',(-11.3599041223917,-11.2673241267117,1.16294049908679));
#7906=CARTESIAN_POINT('Ctrl Pts',(-11.3558393219722,-11.2714221656122,1.1713740734673));
#7907=CARTESIAN_POINT('Ctrl Pts',(-11.3464533795421,-11.280870535902,1.18469194371057));
#7908=CARTESIAN_POINT('Ctrl Pts',(-11.3405065610686,-11.2868505926971,1.19046394274695));
#7909=CARTESIAN_POINT('Ctrl Pts',(-11.3274637659133,-11.2999402651265,1.19811797127358));
#7910=CARTESIAN_POINT('Ctrl Pts',(-11.3203674523958,-11.3070495455737,1.2));
#7911=CARTESIAN_POINT('Ctrl Pts',(-11.3070495455737,-11.3203674523958,1.2));
#7912=CARTESIAN_POINT('Ctrl Pts',(-11.2999402651265,-11.3274637659133,1.19811797127358));
#7913=CARTESIAN_POINT('Ctrl Pts',(-11.2868505926971,-11.3405065610686,1.19046394274695));
#7914=CARTESIAN_POINT('Ctrl Pts',(-11.280870535902,-11.3464533795421,1.18469194371057));
#7915=CARTESIAN_POINT('Ctrl Pts',(-11.2714221656122,-11.3558393219722,1.1713740734673));
#7916=CARTESIAN_POINT('Ctrl Pts',(-11.2673241267117,-11.3599041223917,1.16294049908679));
#7917=CARTESIAN_POINT('Ctrl Pts',(-11.2618884724189,-11.3652928990463,1.1444620540482));
#7918=CARTESIAN_POINT('Ctrl Pts',(-11.2605511935991,-11.3666172107771,1.1344171822253));
#7919=CARTESIAN_POINT('Ctrl Pts',(-11.2605511935991,-11.3666172107771,1.125));
#7920=CARTESIAN_POINT('Origin',(-9.75807358037436,-9.75807358037436,1.125));
#7921=CARTESIAN_POINT('',(-9.75807358037436,-9.75807358037436,1.05));
#7922=CARTESIAN_POINT('Origin',(-9.75807358037436,-9.75807358037436,1.125));
#7923=CARTESIAN_POINT('Origin',(-10.5712463787389,-10.5712463787389,1.125));
#7924=CARTESIAN_POINT('',(-10.5712463787389,-10.5712463787389,1.05));
#7925=CARTESIAN_POINT('Origin',(-9.8994949,-9.8994949,0.));
#7926=CARTESIAN_POINT('Origin',(-9.8994949,-9.8994949,1.2));
#7927=CARTESIAN_POINT('Origin',(-9.15970991106715,3.79407607256727,1.125));
#7928=CARTESIAN_POINT('',(-9.69174009780996,2.50964158014089,1.2));
#7929=CARTESIAN_POINT('',(-9.69174009780996,2.50964158014089,1.05));
#7930=CARTESIAN_POINT('Ctrl Pts',(-9.69174009780996,2.50964158014089,1.2));
#7931=CARTESIAN_POINT('Ctrl Pts',(-9.70105124147373,2.5134919537222,1.2));
#7932=CARTESIAN_POINT('Ctrl Pts',(-9.70988499285406,2.51921347109075,1.197853342656));
#7933=CARTESIAN_POINT('Ctrl Pts',(-9.72424360757401,2.53253260059048,1.18996342069821));
#7934=CARTESIAN_POINT('Ctrl Pts',(-9.72980038274073,2.54010911968499,1.18424268627762));
#7935=CARTESIAN_POINT('Ctrl Pts',(-9.73773406242301,2.55445531179867,1.171424503233));
#7936=CARTESIAN_POINT('Ctrl Pts',(-9.7404862559037,2.56231816876234,1.16332831993736));
#7937=CARTESIAN_POINT('Ctrl Pts',(-9.74273031879277,2.57181940692887,1.14992603698723));
#7938=CARTESIAN_POINT('Ctrl Pts',(-9.74318811822235,2.57458989216716,1.14525088057869));
#7939=CARTESIAN_POINT('Ctrl Pts',(-9.74373995312171,2.57860537923681,1.13547511749229));
#7940=CARTESIAN_POINT('Ctrl Pts',(-9.74384620966767,2.57983074294292,1.13036714920796));
#7941=CARTESIAN_POINT('Ctrl Pts',(-9.74384620966767,2.57983074294292,1.11963285079204));
#7942=CARTESIAN_POINT('Ctrl Pts',(-9.74373995312171,2.57860537923681,1.11452488250771));
#7943=CARTESIAN_POINT('Ctrl Pts',(-9.74318811822235,2.57458989216716,1.10474911942131));
#7944=CARTESIAN_POINT('Ctrl Pts',(-9.74273031879277,2.57181940692887,1.10007396301277));
#7945=CARTESIAN_POINT('Ctrl Pts',(-9.7404862559037,2.56231816876234,1.08667168006264));
#7946=CARTESIAN_POINT('Ctrl Pts',(-9.73773406242301,2.55445531179867,1.078575496767));
#7947=CARTESIAN_POINT('Ctrl Pts',(-9.72980038274073,2.54010911968499,1.06575731372238));
#7948=CARTESIAN_POINT('Ctrl Pts',(-9.72424360757401,2.53253260059048,1.06003657930179));
#7949=CARTESIAN_POINT('Ctrl Pts',(-9.70988499285406,2.51921347109075,1.052146657344));
#7950=CARTESIAN_POINT('Ctrl Pts',(-9.70105124147373,2.5134919537222,1.05));
#7951=CARTESIAN_POINT('Ctrl Pts',(-9.69174009780996,2.50964158014089,1.05));
#7952=CARTESIAN_POINT('Ctrl Pts',(-9.69174009780996,2.50964158014089,1.05));
#7953=CARTESIAN_POINT('Ctrl Pts',(-9.68242362414908,2.50578900248231,1.05));
#7954=CARTESIAN_POINT('Ctrl Pts',(-9.67212338754636,2.50360033672393,1.05214889452707));
#7955=CARTESIAN_POINT('Ctrl Pts',(-9.65253967925369,2.50289181447817,1.06004242397844));
#7956=CARTESIAN_POINT('Ctrl Pts',(-9.64324848775986,2.50433460005251,1.06576449074087));
#7957=CARTESIAN_POINT('Ctrl Pts',(-9.62748437335241,2.50889926984619,1.07858344518307));
#7958=CARTESIAN_POINT('Ctrl Pts',(-9.6199734728624,2.51253167218494,1.08667891627951));
#7959=CARTESIAN_POINT('Ctrl Pts',(-9.61165951593028,2.51769230274507,1.10007628853144));
#7960=CARTESIAN_POINT('Ctrl Pts',(-9.60937372167423,2.51933734191843,1.10474889893122));
#7961=CARTESIAN_POINT('Ctrl Pts',(-9.60613750803491,2.52180351752788,1.1145212275993));
#7962=CARTESIAN_POINT('Ctrl Pts',(-9.6051923798951,2.52260180979193,1.11962844764165));
#7963=CARTESIAN_POINT('Ctrl Pts',(-9.6051923798951,2.52260180979193,1.125));
#7964=CARTESIAN_POINT('Ctrl Pts',(-9.6051923798951,2.52260180979193,1.13037155235835));
#7965=CARTESIAN_POINT('Ctrl Pts',(-9.60613750803491,2.52180351752788,1.1354787724007));
#7966=CARTESIAN_POINT('Ctrl Pts',(-9.60937372167423,2.51933734191843,1.14525110106878));
#7967=CARTESIAN_POINT('Ctrl Pts',(-9.61165951593028,2.51769230274507,1.14992371146856));
#7968=CARTESIAN_POINT('Ctrl Pts',(-9.6199734728624,2.51253167218494,1.16332108372049));
#7969=CARTESIAN_POINT('Ctrl Pts',(-9.62748437335241,2.50889926984619,1.17141655481693));
#7970=CARTESIAN_POINT('Ctrl Pts',(-9.64324848775986,2.50433460005251,1.18423550925913));
#7971=CARTESIAN_POINT('Ctrl Pts',(-9.65253967925369,2.50289181447817,1.18995757602156));
#7972=CARTESIAN_POINT('Ctrl Pts',(-9.67212338754636,2.50360033672393,1.19785110547293));
#7973=CARTESIAN_POINT('Ctrl Pts',(-9.68242362414908,2.50578900248231,1.2));
#7974=CARTESIAN_POINT('Ctrl Pts',(-9.69174009780996,2.50964158014089,1.2));
#7975=CARTESIAN_POINT('',(-9.69546671637828,2.50064472705147,1.05));
#7976=CARTESIAN_POINT('',(-9.15970991106715,3.79407607256727,1.05));
#7977=CARTESIAN_POINT('Origin',(-9.69546671637828,2.50064472705147,1.125));
#7978=CARTESIAN_POINT('Origin',(-9.15970991106715,3.79407607256727,1.125));
#7979=CARTESIAN_POINT('',(-8.74127172921956,4.608290761467,1.125));
#7980=CARTESIAN_POINT('',(-8.8132811647513,4.63042905031891,1.05));
#7981=CARTESIAN_POINT('Ctrl Pts',(-8.74127172921956,4.608290761467,1.125));
#7982=CARTESIAN_POINT('Ctrl Pts',(-8.74127172921956,4.608290761467,1.13444144837992));
#7983=CARTESIAN_POINT('Ctrl Pts',(-8.74316303420512,4.60866738102456,1.14449649341955));
#7984=CARTESIAN_POINT('Ctrl Pts',(-8.75075665330366,4.61035349848926,1.16296801884937));
#7985=CARTESIAN_POINT('Ctrl Pts',(-8.75645003774917,4.61168145994703,1.17138647907811));
#7986=CARTESIAN_POINT('Ctrl Pts',(-8.7694118102525,4.61512399977804,1.18467905999788));
#7987=CARTESIAN_POINT('Ctrl Pts',(-8.77755117354462,4.61747271870193,1.19044752820005));
#7988=CARTESIAN_POINT('Ctrl Pts',(-8.79512706904959,4.62331046855617,1.19810861006974));
#7989=CARTESIAN_POINT('Ctrl Pts',(-8.80455825686611,4.62681718130375,1.2));
#7990=CARTESIAN_POINT('Ctrl Pts',(-8.82200391198322,4.63404085281285,1.2));
#7991=CARTESIAN_POINT('Ctrl Pts',(-8.83115328187308,4.63822772383958,1.19810867240776));
#7992=CARTESIAN_POINT('Ctrl Pts',(-8.84771097648075,4.64652351377167,1.19044769501933));
#7993=CARTESIAN_POINT('Ctrl Pts',(-8.85512802013177,4.65061614717779,1.18467926569853));
#7994=CARTESIAN_POINT('Ctrl Pts',(-8.86672906226866,4.65734417617321,1.17138665664051));
#7995=CARTESIAN_POINT('Ctrl Pts',(-8.87169453636211,4.66042964668596,1.16296811641154));
#7996=CARTESIAN_POINT('Ctrl Pts',(-8.87825711697662,4.66460505894173,1.14449649027593));
#7997=CARTESIAN_POINT('Ctrl Pts',(-8.87986096602459,4.66567563583628,1.1344414282705));
#7998=CARTESIAN_POINT('Ctrl Pts',(-8.87986096602459,4.66567563583628,1.1155585717295));
#7999=CARTESIAN_POINT('Ctrl Pts',(-8.87825711697662,4.66460505894173,1.10550350972407));
#8000=CARTESIAN_POINT('Ctrl Pts',(-8.87169453636211,4.66042964668596,1.08703188358846));
#8001=CARTESIAN_POINT('Ctrl Pts',(-8.86672906226866,4.65734417617321,1.07861334335949));
#8002=CARTESIAN_POINT('Ctrl Pts',(-8.85512802013177,4.65061614717779,1.06532073430147));
#8003=CARTESIAN_POINT('Ctrl Pts',(-8.84771097648075,4.64652351377167,1.05955230498067));
#8004=CARTESIAN_POINT('Ctrl Pts',(-8.83115328187308,4.63822772383958,1.05189132759224));
#8005=CARTESIAN_POINT('Ctrl Pts',(-8.82200391198322,4.63404085281285,1.05));
#8006=CARTESIAN_POINT('Ctrl Pts',(-8.8132811647513,4.63042905031891,1.05));
#8007=CARTESIAN_POINT('Ctrl Pts',(-8.8132811647513,4.63042905031891,1.05));
#8008=CARTESIAN_POINT('Ctrl Pts',(-8.80455825686611,4.62681718130375,1.05));
#8009=CARTESIAN_POINT('Ctrl Pts',(-8.79512706904959,4.62331046855617,1.05189138993026));
#8010=CARTESIAN_POINT('Ctrl Pts',(-8.77755117354462,4.61747271870193,1.05955247179995));
#8011=CARTESIAN_POINT('Ctrl Pts',(-8.7694118102525,4.61512399977804,1.06532094000212));
#8012=CARTESIAN_POINT('Ctrl Pts',(-8.75645003774917,4.61168145994703,1.07861352092189));
#8013=CARTESIAN_POINT('Ctrl Pts',(-8.75075665330366,4.61035349848926,1.08703198115063));
#8014=CARTESIAN_POINT('Ctrl Pts',(-8.74316303420512,4.60866738102456,1.10550350658045));
#8015=CARTESIAN_POINT('Ctrl Pts',(-8.74127172921956,4.608290761467,1.11555855162008));
#8016=CARTESIAN_POINT('Ctrl Pts',(-8.74127172921956,4.608290761467,1.125));
#8017=CARTESIAN_POINT('',(-9.6266839256093,2.66670107338381,1.05));
#8018=CARTESIAN_POINT('',(-9.15970991106715,3.79407607256727,1.05));
#8019=CARTESIAN_POINT('',(-9.6266839256093,2.66670107338381,1.2));
#8020=CARTESIAN_POINT('Ctrl Pts',(-9.6266839256093,2.66670107338381,1.2));
#8021=CARTESIAN_POINT('Ctrl Pts',(-9.61737200011952,2.66283751546888,1.2));
#8022=CARTESIAN_POINT('Ctrl Pts',(-9.60854101257041,2.65710176871878,1.19785110547293));
#8023=CARTESIAN_POINT('Ctrl Pts',(-9.59419223875127,2.64375499666885,1.18995757602156));
#8024=CARTESIAN_POINT('Ctrl Pts',(-9.5886425777041,2.63616492869484,1.18423550925913));
#8025=CARTESIAN_POINT('Ctrl Pts',(-9.58072337447218,2.62179030753295,1.17141655481693));
#8026=CARTESIAN_POINT('Ctrl Pts',(-9.57798086212861,2.61391080253792,1.16332108372049));
#8027=CARTESIAN_POINT('Ctrl Pts',(-9.57575112366767,2.60438283034846,1.14992371146856));
#8028=CARTESIAN_POINT('Ctrl Pts',(-9.57529804140364,2.6016033113748,1.14525110106878));
#8029=CARTESIAN_POINT('Ctrl Pts',(-9.57475354229094,2.59757111326803,1.1354787724007));
#8030=CARTESIAN_POINT('Ctrl Pts',(-9.57464971364746,2.59633832887801,1.13037155235835));
#8031=CARTESIAN_POINT('Ctrl Pts',(-9.57464971364746,2.59633832887801,1.125));
#8032=CARTESIAN_POINT('Ctrl Pts',(-9.57464971364746,2.59633832887801,1.11962844764165));
#8033=CARTESIAN_POINT('Ctrl Pts',(-9.57475354229094,2.59757111326803,1.1145212275993));
#8034=CARTESIAN_POINT('Ctrl Pts',(-9.57529804140364,2.6016033113748,1.10474889893122));
#8035=CARTESIAN_POINT('Ctrl Pts',(-9.57575112366767,2.60438283034846,1.10007628853144));
#8036=CARTESIAN_POINT('Ctrl Pts',(-9.57798086212861,2.61391080253792,1.08667891627951));
#8037=CARTESIAN_POINT('Ctrl Pts',(-9.58072337447218,2.62179030753295,1.07858344518307));
#8038=CARTESIAN_POINT('Ctrl Pts',(-9.5886425777041,2.63616492869484,1.06576449074087));
#8039=CARTESIAN_POINT('Ctrl Pts',(-9.59419223875127,2.64375499666885,1.06004242397844));
#8040=CARTESIAN_POINT('Ctrl Pts',(-9.60854101257041,2.65710176871878,1.05214889452707));
#8041=CARTESIAN_POINT('Ctrl Pts',(-9.61737200011952,2.66283751546888,1.05));
#8042=CARTESIAN_POINT('Ctrl Pts',(-9.6266839256093,2.66670107338381,1.05));
#8043=CARTESIAN_POINT('Ctrl Pts',(-9.6266839256093,2.66670107338381,1.05));
#8044=CARTESIAN_POINT('Ctrl Pts',(-9.635990523704,2.67056242093961,1.05));
#8045=CARTESIAN_POINT('Ctrl Pts',(-9.64628265293832,2.67276310271398,1.052146657344));
#8046=CARTESIAN_POINT('Ctrl Pts',(-9.665853773564,2.67349812976214,1.06003657930179));
#8047=CARTESIAN_POINT('Ctrl Pts',(-9.67514041499544,2.67206995513454,1.06575731372238));
#8048=CARTESIAN_POINT('Ctrl Pts',(-9.69089466342633,2.66753562410986,1.078575496767));
#8049=CARTESIAN_POINT('Ctrl Pts',(-9.69840063757818,2.66392183930468,1.08667168006264));
#8050=CARTESIAN_POINT('Ctrl Pts',(-9.70670581960166,2.65879024145373,1.10007396301277));
#8051=CARTESIAN_POINT('Ctrl Pts',(-9.70898856158192,2.65715492563564,1.10474911942131));
#8052=CARTESIAN_POINT('Ctrl Pts',(-9.71221814591806,2.65470575369836,1.11452488250771));
#8053=CARTESIAN_POINT('Ctrl Pts',(-9.71315974362827,2.65391442543654,1.11963285079204));
#8054=CARTESIAN_POINT('Ctrl Pts',(-9.71315974362827,2.65391442543654,1.13036714920796));
#8055=CARTESIAN_POINT('Ctrl Pts',(-9.71221814591806,2.65470575369836,1.13547511749229));
#8056=CARTESIAN_POINT('Ctrl Pts',(-9.70898856158192,2.65715492563564,1.14525088057869));
#8057=CARTESIAN_POINT('Ctrl Pts',(-9.70670581960166,2.65879024145373,1.14992603698723));
#8058=CARTESIAN_POINT('Ctrl Pts',(-9.69840063757818,2.66392183930468,1.16332831993736));
#8059=CARTESIAN_POINT('Ctrl Pts',(-9.69089466342633,2.66753562410986,1.171424503233));
#8060=CARTESIAN_POINT('Ctrl Pts',(-9.67514041499544,2.67206995513454,1.18424268627762));
#8061=CARTESIAN_POINT('Ctrl Pts',(-9.665853773564,2.67349812976214,1.18996342069821));
#8062=CARTESIAN_POINT('Ctrl Pts',(-9.64628265293832,2.67276310271398,1.197853342656));
#8063=CARTESIAN_POINT('Ctrl Pts',(-9.635990523704,2.67056242093961,1.2));
#8064=CARTESIAN_POINT('Ctrl Pts',(-9.6266839256093,2.66670107338381,1.2));
#8065=CARTESIAN_POINT('Origin',(-9.69546671637828,2.50064472705147,1.125));
#8066=CARTESIAN_POINT('Origin',(-9.6592583,2.5881905,0.));
#8067=CARTESIAN_POINT('',(-9.7442583,2.5881905,0.));
#8068=CARTESIAN_POINT('Origin',(-9.6592583,2.5881905,0.));
#8069=CARTESIAN_POINT('',(-9.7442583,2.5881905,1.2));
#8070=CARTESIAN_POINT('',(-9.7442583,2.5881905,0.));
#8071=CARTESIAN_POINT('Origin',(-9.6592583,2.5881905,1.2));
#8072=CARTESIAN_POINT('Origin',(-9.6592583,2.5881905,1.2));
#8073=CARTESIAN_POINT('Origin',(-9.6592583,2.5881905,1.2));
#8074=CARTESIAN_POINT('Origin',(0.543520008447753,2.02844423152744,1.125));
#8075=CARTESIAN_POINT('',(1.05727581299946,3.94580699679785,1.2));
#8076=CARTESIAN_POINT('',(1.05727581299946,3.94580699679785,1.05));
#8077=CARTESIAN_POINT('Ctrl Pts',(1.05727581299946,3.94580699679785,1.2));
#8078=CARTESIAN_POINT('Ctrl Pts',(1.0670111188679,3.94319843019379,1.2));
#8079=CARTESIAN_POINT('Ctrl Pts',(1.07651566189018,3.93867166703478,1.19785222540062));
#8080=CARTESIAN_POINT('Ctrl Pts',(1.09248685867782,3.92732632432899,1.1899605022427));
#8081=CARTESIAN_POINT('Ctrl Pts',(1.09898238862726,3.92053275300595,1.18423910291378));
#8082=CARTESIAN_POINT('Ctrl Pts',(1.10871542975023,3.90732983048446,1.17142053952209));
#8083=CARTESIAN_POINT('Ctrl Pts',(1.11246667887212,3.89988460442534,1.16332471667011));
#8084=CARTESIAN_POINT('Ctrl Pts',(1.11592635978423,3.89074339966251,1.14992488471875));
#8085=CARTESIAN_POINT('Ctrl Pts',(1.11674011957727,3.88805159447064,1.14525099720623));
#8086=CARTESIAN_POINT('Ctrl Pts',(1.11780882231936,3.88413375106234,1.13547694202445));
#8087=CARTESIAN_POINT('Ctrl Pts',(1.11807339587268,3.88292891717137,1.13036934309219));
#8088=CARTESIAN_POINT('Ctrl Pts',(1.11807339587268,3.88292891717137,1.11963065690781));
#8089=CARTESIAN_POINT('Ctrl Pts',(1.11780882231936,3.88413375106234,1.11452305797555));
#8090=CARTESIAN_POINT('Ctrl Pts',(1.11674011957727,3.88805159447064,1.10474900279377));
#8091=CARTESIAN_POINT('Ctrl Pts',(1.11592635978423,3.89074339966251,1.10007511528125));
#8092=CARTESIAN_POINT('Ctrl Pts',(1.11246667887212,3.89988460442534,1.08667528332989));
#8093=CARTESIAN_POINT('Ctrl Pts',(1.10871542975023,3.90732983048446,1.07857946047791));
#8094=CARTESIAN_POINT('Ctrl Pts',(1.09898238862726,3.92053275300595,1.06576089708622));
#8095=CARTESIAN_POINT('Ctrl Pts',(1.09248685867782,3.92732632432899,1.0600394977573));
#8096=CARTESIAN_POINT('Ctrl Pts',(1.07651566189018,3.93867166703478,1.05214777459938));
#8097=CARTESIAN_POINT('Ctrl Pts',(1.0670111188679,3.94319843019379,1.05));
#8098=CARTESIAN_POINT('Ctrl Pts',(1.05727581299946,3.94580699679785,1.05));
#8099=CARTESIAN_POINT('Ctrl Pts',(1.05727581299946,3.94580699679785,1.05));
#8100=CARTESIAN_POINT('Ctrl Pts',(1.04754050645939,3.94841556358188,1.05));
#8101=CARTESIAN_POINT('Ctrl Pts',(1.03704594839129,3.94924754163664,1.05214777486909));
#8102=CARTESIAN_POINT('Ctrl Pts',(1.017541813804,3.94740778166657,1.06003949846191));
#8103=CARTESIAN_POINT('Ctrl Pts',(1.0085197338813,3.94477213947517,1.06576089795144));
#8104=CARTESIAN_POINT('Ctrl Pts',(0.993489211050165,3.93820458994741,1.07857946143612));
#8105=CARTESIAN_POINT('Ctrl Pts',(0.986517920689274,3.93363245730149,1.08667528420224));
#8106=CARTESIAN_POINT('Ctrl Pts',(0.97895114615702,3.92744577860358,1.10007511556159));
#8107=CARTESIAN_POINT('Ctrl Pts',(0.97690050669592,3.9255214856117,1.10474900276718));
#8108=CARTESIAN_POINT('Ctrl Pts',(0.974016060743235,3.92266288292647,1.11452305753493));
#8109=CARTESIAN_POINT('Ctrl Pts',(0.973184516067015,3.92175175205831,1.11963065637699));
#8110=CARTESIAN_POINT('Ctrl Pts',(0.973184516067015,3.92175175205831,1.125));
#8111=CARTESIAN_POINT('Ctrl Pts',(0.973184516067015,3.92175175205831,1.13036934362301));
#8112=CARTESIAN_POINT('Ctrl Pts',(0.974016060743235,3.92266288292647,1.13547694246507));
#8113=CARTESIAN_POINT('Ctrl Pts',(0.97690050669592,3.9255214856117,1.14525099723282));
#8114=CARTESIAN_POINT('Ctrl Pts',(0.978951146157021,3.92744577860358,1.14992488443841));
#8115=CARTESIAN_POINT('Ctrl Pts',(0.986517920689274,3.93363245730149,1.16332471579776));
#8116=CARTESIAN_POINT('Ctrl Pts',(0.993489211050165,3.93820458994741,1.17142053856388));
#8117=CARTESIAN_POINT('Ctrl Pts',(1.0085197338813,3.94477213947517,1.18423910204856));
#8118=CARTESIAN_POINT('Ctrl Pts',(1.017541813804,3.94740778166657,1.18996050153809));
#8119=CARTESIAN_POINT('Ctrl Pts',(1.03704594839129,3.94924754163664,1.19785222513091));
#8120=CARTESIAN_POINT('Ctrl Pts',(1.04754050645939,3.94841556358188,1.2));
#8121=CARTESIAN_POINT('Ctrl Pts',(1.05727581299946,3.94580699679785,1.2));
#8122=CARTESIAN_POINT('',(1.08704000316305,4.05688846673449,1.05));
#8123=CARTESIAN_POINT('',(0.543520008447753,2.02844423152744,1.05));
#8124=CARTESIAN_POINT('Origin',(1.08704000316305,4.05688846673449,1.125));
#8125=CARTESIAN_POINT('Origin',(0.543520008447753,2.02844423152744,1.125));
#8126=CARTESIAN_POINT('',(0.055500960100474,0.496910095920706,1.125));
#8127=CARTESIAN_POINT('',(0.129409536283719,0.482962909464933,1.05));
#8128=CARTESIAN_POINT('Ctrl Pts',(0.055500960100474,0.496910095920706,1.125));
#8129=CARTESIAN_POINT('Ctrl Pts',(0.055500960100474,0.496910095920706,1.13443255720797));
#8130=CARTESIAN_POINT('Ctrl Pts',(0.0574017398786263,0.496709160569369,
1.14448394986306));
#8131=CARTESIAN_POINT('Ctrl Pts',(0.0650765296738059,0.495762034724198,
1.16295808929166));
#8132=CARTESIAN_POINT('Ctrl Pts',(0.0708456717220806,0.495000635371691,
1.1713820751918));
#8133=CARTESIAN_POINT('Ctrl Pts',(0.084061406242669,0.492928409244589,1.18468382605488));
#8134=CARTESIAN_POINT('Ctrl Pts',(0.0923935423089225,0.491476388899644,
1.19045354496333));
#8135=CARTESIAN_POINT('Ctrl Pts',(0.110513469030755,0.487721622101808,1.19811202303168));
#8136=CARTESIAN_POINT('Ctrl Pts',(0.120298544614037,0.48540419260273,1.2));
#8137=CARTESIAN_POINT('Ctrl Pts',(0.1385205279838,0.48052162631899,1.2));
#8138=CARTESIAN_POINT('Ctrl Pts',(0.148153366632059,0.477636040787389,1.19811202302041));
#8139=CARTESIAN_POINT('Ctrl Pts',(0.165723066620589,0.471827799834567,1.19045354493315));
#8140=CARTESIAN_POINT('Ctrl Pts',(0.173664918163369,0.468919217840026,1.18468382601766));
#8141=CARTESIAN_POINT('Ctrl Pts',(0.186146192826299,0.464105950313757,1.17138207515957));
#8142=CARTESIAN_POINT('Ctrl Pts',(0.191523115975856,0.461880770151088,1.16295808927387));
#8143=CARTESIAN_POINT('Ctrl Pts',(0.198643241704182,0.458863609866891,1.14448394986343));
#8144=CARTESIAN_POINT('Ctrl Pts',(0.200389832927322,0.458087234988446,1.13443255721142));
#8145=CARTESIAN_POINT('Ctrl Pts',(0.200389832927322,0.458087234988446,1.11556744278858));
#8146=CARTESIAN_POINT('Ctrl Pts',(0.198643241704182,0.458863609866891,1.10551605013657));
#8147=CARTESIAN_POINT('Ctrl Pts',(0.191523115975856,0.461880770151088,1.08704191072613));
#8148=CARTESIAN_POINT('Ctrl Pts',(0.186146192826298,0.464105950313757,1.07861792484043));
#8149=CARTESIAN_POINT('Ctrl Pts',(0.173664918163369,0.468919217840026,1.06531617398234));
#8150=CARTESIAN_POINT('Ctrl Pts',(0.165723066620589,0.471827799834567,1.05954645506684));
#8151=CARTESIAN_POINT('Ctrl Pts',(0.148153366632059,0.477636040787389,1.05188797697959));
#8152=CARTESIAN_POINT('Ctrl Pts',(0.1385205279838,0.48052162631899,1.05));
#8153=CARTESIAN_POINT('Ctrl Pts',(0.129409536283719,0.482962909464933,1.05));
#8154=CARTESIAN_POINT('Ctrl Pts',(0.129409536283719,0.482962909464933,1.05));
#8155=CARTESIAN_POINT('Ctrl Pts',(0.120298544614037,0.48540419260273,1.05));
#8156=CARTESIAN_POINT('Ctrl Pts',(0.110513469030755,0.487721622101808,1.05188797696832));
#8157=CARTESIAN_POINT('Ctrl Pts',(0.0923935423089226,0.491476388899644,
1.05954645503667));
#8158=CARTESIAN_POINT('Ctrl Pts',(0.084061406242669,0.492928409244589,1.06531617394512));
#8159=CARTESIAN_POINT('Ctrl Pts',(0.0708456717220806,0.495000635371691,
1.0786179248082));
#8160=CARTESIAN_POINT('Ctrl Pts',(0.0650765296738061,0.495762034724199,
1.08704191070834));
#8161=CARTESIAN_POINT('Ctrl Pts',(0.0574017398786263,0.496709160569369,
1.10551605013694));
#8162=CARTESIAN_POINT('Ctrl Pts',(0.055500960100474,0.496910095920706,1.11556744279203));
#8163=CARTESIAN_POINT('Ctrl Pts',(0.055500960100474,0.496910095920706,1.125));
#8164=CARTESIAN_POINT('',(1.01327657533204,3.78159960632871,1.05));
#8165=CARTESIAN_POINT('',(0.543520008447753,2.02844423152744,1.05));
#8166=CARTESIAN_POINT('',(1.01327657533204,3.78159960632871,1.2));
#8167=CARTESIAN_POINT('Ctrl Pts',(1.01327657533204,3.78159960632871,1.2));
#8168=CARTESIAN_POINT('Ctrl Pts',(1.00354126916269,3.78420817449631,1.2));
#8169=CARTESIAN_POINT('Ctrl Pts',(0.994036726246842,3.78873493939956,1.19785222513091));
#8170=CARTESIAN_POINT('Ctrl Pts',(0.978065530200453,3.80008028556414,1.18996050153809));
#8171=CARTESIAN_POINT('Ctrl Pts',(0.971570000888125,3.80687385861853,1.18423910204856));
#8172=CARTESIAN_POINT('Ctrl Pts',(0.96183696104808,3.82007678476575,1.17142053856388));
#8173=CARTESIAN_POINT('Ctrl Pts',(0.95808571282135,3.82752201296704,1.16332471579776));
#8174=CARTESIAN_POINT('Ctrl Pts',(0.954626033200663,3.8366632211506,1.14992488443841));
#8175=CARTESIAN_POINT('Ctrl Pts',(0.953812273829285,3.83935502749644,1.14525099723282));
#8176=CARTESIAN_POINT('Ctrl Pts',(0.952743571701033,3.84327287301752,1.13547694246507));
#8177=CARTESIAN_POINT('Ctrl Pts',(0.952478998321124,3.84447770783363,1.13036934362301));
#8178=CARTESIAN_POINT('Ctrl Pts',(0.952478998321124,3.84447770783363,1.125));
#8179=CARTESIAN_POINT('Ctrl Pts',(0.952478998321124,3.84447770783363,1.11963065637699));
#8180=CARTESIAN_POINT('Ctrl Pts',(0.952743571701033,3.84327287301752,1.11452305753493));
#8181=CARTESIAN_POINT('Ctrl Pts',(0.953812273829285,3.83935502749644,1.10474900276718));
#8182=CARTESIAN_POINT('Ctrl Pts',(0.954626033200663,3.8366632211506,1.10007511556159));
#8183=CARTESIAN_POINT('Ctrl Pts',(0.958085712821349,3.82752201296704,1.08667528420224));
#8184=CARTESIAN_POINT('Ctrl Pts',(0.96183696104808,3.82007678476575,1.07857946143612));
#8185=CARTESIAN_POINT('Ctrl Pts',(0.971570000888125,3.80687385861853,1.06576089795144));
#8186=CARTESIAN_POINT('Ctrl Pts',(0.978065530200453,3.80008028556414,1.06003949846191));
#8187=CARTESIAN_POINT('Ctrl Pts',(0.994036726246842,3.78873493939956,1.05214777486909));
#8188=CARTESIAN_POINT('Ctrl Pts',(1.00354126916269,3.78420817449631,1.05));
#8189=CARTESIAN_POINT('Ctrl Pts',(1.01327657533204,3.78159960632871,1.05));
#8190=CARTESIAN_POINT('Ctrl Pts',(1.01327657533204,3.78159960632871,1.05));
#8191=CARTESIAN_POINT('Ctrl Pts',(1.02301188082975,3.77899103834108,1.05));
#8192=CARTESIAN_POINT('Ctrl Pts',(1.03350643811791,3.77815905872255,1.05214777459939));
#8193=CARTESIAN_POINT('Ctrl Pts',(1.05301057161774,3.77999881532659,1.0600394977573));
#8194=CARTESIAN_POINT('Ctrl Pts',(1.06203265122651,3.78263445570004,1.06576089708622));
#8195=CARTESIAN_POINT('Ctrl Pts',(1.07706317335583,3.78920200144636,1.07857946047791));
#8196=CARTESIAN_POINT('Ctrl Pts',(1.08403446342087,3.79377413178953,1.08667528332989));
#8197=CARTESIAN_POINT('Ctrl Pts',(1.09160123736116,3.79996080687928,1.10007511528125));
#8198=CARTESIAN_POINT('Ctrl Pts',(1.09365187661045,3.80188509866097,1.10474900279377));
#8199=CARTESIAN_POINT('Ctrl Pts',(1.09653632203834,3.80474369920956,1.11452305797555));
#8200=CARTESIAN_POINT('Ctrl Pts',(1.09736786640217,3.80565482918981,1.11963065690781));
#8201=CARTESIAN_POINT('Ctrl Pts',(1.09736786640217,3.80565482918981,1.13036934309219));
#8202=CARTESIAN_POINT('Ctrl Pts',(1.09653632203834,3.80474369920956,1.13547694202445));
#8203=CARTESIAN_POINT('Ctrl Pts',(1.09365187661045,3.80188509866097,1.14525099720623));
#8204=CARTESIAN_POINT('Ctrl Pts',(1.09160123736116,3.79996080687928,1.14992488471875));
#8205=CARTESIAN_POINT('Ctrl Pts',(1.08403446342087,3.79377413178953,1.16332471667011));
#8206=CARTESIAN_POINT('Ctrl Pts',(1.07706317335583,3.78920200144636,1.17142053952209));
#8207=CARTESIAN_POINT('Ctrl Pts',(1.06203265122651,3.78263445570004,1.18423910291378));
#8208=CARTESIAN_POINT('Ctrl Pts',(1.05301057161774,3.77999881532659,1.1899605022427));
#8209=CARTESIAN_POINT('Ctrl Pts',(1.03350643811791,3.77815905872255,1.19785222540061));
#8210=CARTESIAN_POINT('Ctrl Pts',(1.02301188082975,3.77899103834108,1.2));
#8211=CARTESIAN_POINT('Ctrl Pts',(1.01327657533204,3.78159960632871,1.2));
#8212=CARTESIAN_POINT('Origin',(1.08704000316305,4.05688846673449,1.125));
#8213=CARTESIAN_POINT('Origin',(1.0352762,3.8637033,0.));
#8214=CARTESIAN_POINT('',(0.9502762,3.8637033,0.));
#8215=CARTESIAN_POINT('Origin',(1.0352762,3.8637033,0.));
#8216=CARTESIAN_POINT('',(0.9502762,3.8637033,1.2));
#8217=CARTESIAN_POINT('',(0.9502762,3.8637033,0.));
#8218=CARTESIAN_POINT('Origin',(1.0352762,3.8637033,1.2));
#8219=CARTESIAN_POINT('Origin',(1.0352762,3.8637033,1.2));
#8220=CARTESIAN_POINT('Origin',(1.0352762,3.8637033,1.2));
#8221=CARTESIAN_POINT('Origin',(-3.5178562,-2.7400388,0.));
#8222=CARTESIAN_POINT('',(-3.5178562,-2.7400388,0.));
#8223=CARTESIAN_POINT('',(-3.6239223,-2.8461048,0.));
#8224=CARTESIAN_POINT('',(-1.9533816208339,-1.17556569583353,0.));
#8225=CARTESIAN_POINT('',(-3.5178562,-2.7400388,0.25));
#8226=CARTESIAN_POINT('',(-3.5178562,-2.7400388,0.));
#8227=CARTESIAN_POINT('',(-3.6239223,-2.8461048,0.25));
#8228=CARTESIAN_POINT('',(-3.6239223,-2.8461048,0.25));
#8229=CARTESIAN_POINT('',(-3.6239223,-2.8461048,0.));
#8230=CARTESIAN_POINT('Origin',(-3.1289475,-3.1289475,0.));
#8231=CARTESIAN_POINT('',(-2.7400388,-3.5178562,0.));
#8232=CARTESIAN_POINT('Origin',(-3.1289475,-3.1289475,0.));
#8233=CARTESIAN_POINT('',(-2.7400388,-3.5178562,0.25));
#8234=CARTESIAN_POINT('',(-2.7400388,-3.5178562,0.));
#8235=CARTESIAN_POINT('Origin',(-3.1289475,-3.1289475,0.25));
#8236=CARTESIAN_POINT('Origin',(-2.8461048,-3.6239223,0.));
#8237=CARTESIAN_POINT('',(-2.84610480004052,-3.62392230004052,0.));
#8238=CARTESIAN_POINT('',(-1.22859869583353,-2.0064146708339,0.));
#8239=CARTESIAN_POINT('',(-2.84610480004052,-3.62392230004052,0.25));
#8240=CARTESIAN_POINT('',(-2.84610480004052,-3.62392230004052,0.));
#8241=CARTESIAN_POINT('',(-2.7400388,-3.5178562,0.25));
#8242=CARTESIAN_POINT('Origin',(-3.2350135,-3.2350135,0.));
#8243=CARTESIAN_POINT('Origin',(-3.2350135,-3.2350135,0.));
#8244=CARTESIAN_POINT('Origin',(-3.2350135,-3.2350135,0.25));
#8245=CARTESIAN_POINT('Origin',(-3.18198053535534,-3.18198053535534,0.25));
#8246=CARTESIAN_POINT('',(-3.4294679,-3.0405592,0.25));
#8247=CARTESIAN_POINT('',(-3.3234019,-2.9344931,0.25));
#8248=CARTESIAN_POINT('',(-3.34991845101097,-2.96100967601102,0.25));
#8249=CARTESIAN_POINT('',(-3.04055919995655,-3.42946789995655,0.25));
#8250=CARTESIAN_POINT('Origin',(-3.2350135,-3.2350135,0.25));
#8251=CARTESIAN_POINT('',(-2.9344931,-3.3234019,0.25));
#8252=CARTESIAN_POINT('',(-3.01404272598929,-3.40295145098924,0.25));
#8253=CARTESIAN_POINT('Origin',(-3.1289475,-3.1289475,0.25));
#8254=CARTESIAN_POINT('Origin',(3.5178562,2.7400388,0.));
#8255=CARTESIAN_POINT('',(3.5178562,2.7400388,0.));
#8256=CARTESIAN_POINT('',(3.6239223,2.8461048,0.));
#8257=CARTESIAN_POINT('',(1.9533816208339,1.17556569583353,0.));
#8258=CARTESIAN_POINT('',(3.5178562,2.7400388,0.25));
#8259=CARTESIAN_POINT('',(3.5178562,2.7400388,0.));
#8260=CARTESIAN_POINT('',(3.6239223,2.8461048,0.25));
#8261=CARTESIAN_POINT('',(3.6239223,2.8461048,0.25));
#8262=CARTESIAN_POINT('',(3.6239223,2.8461048,0.));
#8263=CARTESIAN_POINT('Origin',(3.1289475,3.1289475,0.));
#8264=CARTESIAN_POINT('',(2.7400388,3.5178562,0.));
#8265=CARTESIAN_POINT('Origin',(3.1289475,3.1289475,0.));
#8266=CARTESIAN_POINT('',(2.7400388,3.5178562,0.25));
#8267=CARTESIAN_POINT('',(2.7400388,3.5178562,0.));
#8268=CARTESIAN_POINT('Origin',(3.1289475,3.1289475,0.25));
#8269=CARTESIAN_POINT('Origin',(2.8461048,3.6239223,0.));
#8270=CARTESIAN_POINT('',(2.84610480004052,3.62392230004052,0.));
#8271=CARTESIAN_POINT('',(1.22859869583353,2.0064146708339,0.));
#8272=CARTESIAN_POINT('',(2.84610480004052,3.62392230004052,0.25));
#8273=CARTESIAN_POINT('',(2.84610480004052,3.62392230004052,0.));
#8274=CARTESIAN_POINT('',(2.7400388,3.5178562,0.25));
#8275=CARTESIAN_POINT('Origin',(3.2350135,3.2350135,0.));
#8276=CARTESIAN_POINT('Origin',(3.2350135,3.2350135,0.));
#8277=CARTESIAN_POINT('Origin',(3.2350135,3.2350135,0.25));
#8278=CARTESIAN_POINT('Origin',(3.18198053535534,3.18198053535534,0.25));
#8279=CARTESIAN_POINT('',(3.4294679,3.0405592,0.25));
#8280=CARTESIAN_POINT('',(3.3234019,2.9344931,0.25));
#8281=CARTESIAN_POINT('',(3.34991845101097,2.96100967601102,0.25));
#8282=CARTESIAN_POINT('',(3.04055919995655,3.42946789995655,0.25));
#8283=CARTESIAN_POINT('Origin',(3.2350135,3.2350135,0.25));
#8284=CARTESIAN_POINT('',(2.9344931,3.3234019,0.25));
#8285=CARTESIAN_POINT('',(3.01404272598929,3.40295145098924,0.25));
#8286=CARTESIAN_POINT('Origin',(3.1289475,3.1289475,0.25));
#8287=CARTESIAN_POINT('Origin',(6.236186,-11.901391,0.));
#8288=CARTESIAN_POINT('',(6.236186,-11.901391,0.));
#8289=CARTESIAN_POINT('',(6.311186,-12.0312949,0.));
#8290=CARTESIAN_POINT('',(2.87993770537557,-6.08819442879915,0.));
#8291=CARTESIAN_POINT('',(6.236186,-11.901391,0.25));
#8292=CARTESIAN_POINT('',(6.236186,-11.901391,0.));
#8293=CARTESIAN_POINT('',(6.311186,-12.0312949,0.25));
#8294=CARTESIAN_POINT('',(6.311186,-12.0312949,0.25));
#8295=CARTESIAN_POINT('',(6.311186,-12.0312949,0.));
#8296=CARTESIAN_POINT('Origin',(6.7125,-11.626391,0.));
#8297=CARTESIAN_POINT('',(7.188814,-11.351391,0.));
#8298=CARTESIAN_POINT('Origin',(6.7125,-11.626391,0.));
#8299=CARTESIAN_POINT('',(7.188814,-11.351391,0.25));
#8300=CARTESIAN_POINT('',(7.188814,-11.351391,0.));
#8301=CARTESIAN_POINT('Origin',(6.7125,-11.626391,0.25));
#8302=CARTESIAN_POINT('Origin',(7.263814,-11.4812949,0.));
#8303=CARTESIAN_POINT('',(7.263814,-11.4812949,0.));
#8304=CARTESIAN_POINT('',(3.87006578037549,-5.60314650870292,0.));
#8305=CARTESIAN_POINT('',(7.263814,-11.4812949,0.25));
#8306=CARTESIAN_POINT('',(7.263814,-11.4812949,0.));
#8307=CARTESIAN_POINT('',(7.188814,-11.351391,0.25));
#8308=CARTESIAN_POINT('Origin',(6.7875,-11.7562949,0.));
#8309=CARTESIAN_POINT('Origin',(6.7875,-11.7562949,0.));
#8310=CARTESIAN_POINT('Origin',(6.7875,-11.7562949,0.25));
#8311=CARTESIAN_POINT('Origin',(6.75,-11.69134295,0.25));
#8312=CARTESIAN_POINT('',(6.549343,-11.8937949,0.25));
#8313=CARTESIAN_POINT('',(6.474343,-11.763891,0.25));
#8314=CARTESIAN_POINT('',(6.49309298125002,-11.7963669425241,0.25));
#8315=CARTESIAN_POINT('',(7.025657,-11.6187949,0.25));
#8316=CARTESIAN_POINT('Origin',(6.7875,-11.7562949,0.25));
#8317=CARTESIAN_POINT('',(6.950657,-11.488891,0.25));
#8318=CARTESIAN_POINT('',(7.00690701874998,-11.5863189574759,0.25));
#8319=CARTESIAN_POINT('Origin',(6.7125,-11.626391,0.25));
#8320=CARTESIAN_POINT('Origin',(-7.188814,-11.351391,0.));
#8321=CARTESIAN_POINT('',(-7.188814,-11.351391,0.));
#8322=CARTESIAN_POINT('',(-7.263814,-11.4812949,0.));
#8323=CARTESIAN_POINT('',(-3.83256578037549,-5.53819455870292,0.));
#8324=CARTESIAN_POINT('',(-7.188814,-11.351391,0.25));
#8325=CARTESIAN_POINT('',(-7.188814,-11.351391,0.));
#8326=CARTESIAN_POINT('',(-7.263814,-11.4812949,0.25));
#8327=CARTESIAN_POINT('',(-7.263814,-11.4812949,0.25));
#8328=CARTESIAN_POINT('',(-7.263814,-11.4812949,0.));
#8329=CARTESIAN_POINT('Origin',(-6.7125,-11.626391,0.));
#8330=CARTESIAN_POINT('',(-6.236186,-11.901391,0.));
#8331=CARTESIAN_POINT('Origin',(-6.7125,-11.626391,0.));
#8332=CARTESIAN_POINT('',(-6.236186,-11.901391,0.25));
#8333=CARTESIAN_POINT('',(-6.236186,-11.901391,0.));
#8334=CARTESIAN_POINT('Origin',(-6.7125,-11.626391,0.25));
#8335=CARTESIAN_POINT('Origin',(-6.311186,-12.0312949,0.));
#8336=CARTESIAN_POINT('',(-6.311186,-12.0312949,0.));
#8337=CARTESIAN_POINT('',(-2.91743770537557,-6.15314637879915,0.));
#8338=CARTESIAN_POINT('',(-6.311186,-12.0312949,0.25));
#8339=CARTESIAN_POINT('',(-6.311186,-12.0312949,0.));
#8340=CARTESIAN_POINT('',(-6.236186,-11.901391,0.25));
#8341=CARTESIAN_POINT('Origin',(-6.7875,-11.7562949,0.));
#8342=CARTESIAN_POINT('Origin',(-6.7875,-11.7562949,0.));
#8343=CARTESIAN_POINT('Origin',(-6.7875,-11.7562949,0.25));
#8344=CARTESIAN_POINT('Origin',(-6.75,-11.69134295,0.25));
#8345=CARTESIAN_POINT('',(-7.025657,-11.6187949,0.25));
#8346=CARTESIAN_POINT('',(-6.950657,-11.488891,0.25));
#8347=CARTESIAN_POINT('',(-6.96940701874998,-11.5213670074759,0.25));
#8348=CARTESIAN_POINT('',(-6.549343,-11.8937949,0.25));
#8349=CARTESIAN_POINT('Origin',(-6.7875,-11.7562949,0.25));
#8350=CARTESIAN_POINT('',(-6.474343,-11.763891,0.25));
#8351=CARTESIAN_POINT('',(-6.53059298125002,-11.8613188925241,0.25));
#8352=CARTESIAN_POINT('Origin',(-6.7125,-11.626391,0.25));
#8353=CARTESIAN_POINT('Origin',(-11.901391,-6.236186,0.));
#8354=CARTESIAN_POINT('',(-11.901391,-6.236186,0.));
#8355=CARTESIAN_POINT('',(-12.0312949,-6.311186,0.));
#8356=CARTESIAN_POINT('',(-6.08819442879915,-2.87993770537557,0.));
#8357=CARTESIAN_POINT('',(-11.901391,-6.236186,0.25));
#8358=CARTESIAN_POINT('',(-11.901391,-6.236186,0.));
#8359=CARTESIAN_POINT('',(-12.0312949,-6.311186,0.25));
#8360=CARTESIAN_POINT('',(-12.0312949,-6.311186,0.25));
#8361=CARTESIAN_POINT('',(-12.0312949,-6.311186,0.));
#8362=CARTESIAN_POINT('Origin',(-11.626391,-6.7125,0.));
#8363=CARTESIAN_POINT('',(-11.351391,-7.188814,0.));
#8364=CARTESIAN_POINT('Origin',(-11.626391,-6.7125,0.));
#8365=CARTESIAN_POINT('',(-11.351391,-7.188814,0.25));
#8366=CARTESIAN_POINT('',(-11.351391,-7.188814,0.));
#8367=CARTESIAN_POINT('Origin',(-11.626391,-6.7125,0.25));
#8368=CARTESIAN_POINT('Origin',(-11.4812949,-7.263814,0.));
#8369=CARTESIAN_POINT('',(-11.4812949,-7.263814,0.));
#8370=CARTESIAN_POINT('',(-5.60314650870292,-3.87006578037549,0.));
#8371=CARTESIAN_POINT('',(-11.4812949,-7.263814,0.25));
#8372=CARTESIAN_POINT('',(-11.4812949,-7.263814,0.));
#8373=CARTESIAN_POINT('',(-11.351391,-7.188814,0.25));
#8374=CARTESIAN_POINT('Origin',(-11.7562949,-6.7875,0.));
#8375=CARTESIAN_POINT('Origin',(-11.7562949,-6.7875,0.));
#8376=CARTESIAN_POINT('Origin',(-11.7562949,-6.7875,0.25));
#8377=CARTESIAN_POINT('Origin',(-11.69134295,-6.75,0.25));
#8378=CARTESIAN_POINT('',(-11.8937949,-6.549343,0.25));
#8379=CARTESIAN_POINT('',(-11.763891,-6.474343,0.25));
#8380=CARTESIAN_POINT('',(-11.7963669425241,-6.49309298125002,0.25));
#8381=CARTESIAN_POINT('',(-11.6187949,-7.025657,0.25));
#8382=CARTESIAN_POINT('Origin',(-11.7562949,-6.7875,0.25));
#8383=CARTESIAN_POINT('',(-11.488891,-6.950657,0.25));
#8384=CARTESIAN_POINT('',(-11.5863189574759,-7.00690701874998,0.25));
#8385=CARTESIAN_POINT('Origin',(-11.626391,-6.7125,0.25));
#8386=CARTESIAN_POINT('Origin',(-11.351391,7.188814,0.));
#8387=CARTESIAN_POINT('',(-11.351391,7.188814,0.));
#8388=CARTESIAN_POINT('',(-11.4812949,7.263814,0.));
#8389=CARTESIAN_POINT('',(-5.53819455870292,3.83256578037549,0.));
#8390=CARTESIAN_POINT('',(-11.351391,7.188814,0.25));
#8391=CARTESIAN_POINT('',(-11.351391,7.188814,0.));
#8392=CARTESIAN_POINT('',(-11.4812949,7.263814,0.25));
#8393=CARTESIAN_POINT('',(-11.4812949,7.263814,0.25));
#8394=CARTESIAN_POINT('',(-11.4812949,7.263814,0.));
#8395=CARTESIAN_POINT('Origin',(-11.626391,6.7125,0.));
#8396=CARTESIAN_POINT('',(-11.901391,6.236186,0.));
#8397=CARTESIAN_POINT('Origin',(-11.626391,6.7125,0.));
#8398=CARTESIAN_POINT('',(-11.901391,6.236186,0.25));
#8399=CARTESIAN_POINT('',(-11.901391,6.236186,0.));
#8400=CARTESIAN_POINT('Origin',(-11.626391,6.7125,0.25));
#8401=CARTESIAN_POINT('Origin',(-12.0312949,6.311186,0.));
#8402=CARTESIAN_POINT('',(-12.0312949,6.311186,0.));
#8403=CARTESIAN_POINT('',(-6.15314637879915,2.91743770537557,0.));
#8404=CARTESIAN_POINT('',(-12.0312949,6.311186,0.25));
#8405=CARTESIAN_POINT('',(-12.0312949,6.311186,0.));
#8406=CARTESIAN_POINT('',(-11.901391,6.236186,0.25));
#8407=CARTESIAN_POINT('Origin',(-11.7562949,6.7875,0.));
#8408=CARTESIAN_POINT('Origin',(-11.7562949,6.7875,0.));
#8409=CARTESIAN_POINT('Origin',(-11.7562949,6.7875,0.25));
#8410=CARTESIAN_POINT('Origin',(-11.69134295,6.75,0.25));
#8411=CARTESIAN_POINT('',(-11.6187949,7.025657,0.25));
#8412=CARTESIAN_POINT('',(-11.488891,6.950657,0.25));
#8413=CARTESIAN_POINT('',(-11.5213670074759,6.96940701874998,0.25));
#8414=CARTESIAN_POINT('',(-11.8937949,6.549343,0.25));
#8415=CARTESIAN_POINT('Origin',(-11.7562949,6.7875,0.25));
#8416=CARTESIAN_POINT('',(-11.763891,6.474343,0.25));
#8417=CARTESIAN_POINT('',(-11.8613188925241,6.53059298125002,0.25));
#8418=CARTESIAN_POINT('Origin',(-11.626391,6.7125,0.25));
#8419=CARTESIAN_POINT('Origin',(0.55,13.425,0.));
#8420=CARTESIAN_POINT('',(0.55,13.425,0.));
#8421=CARTESIAN_POINT('',(0.55,13.575,0.));
#8422=CARTESIAN_POINT('',(0.55,6.7125,0.));
#8423=CARTESIAN_POINT('',(0.55,13.425,0.25));
#8424=CARTESIAN_POINT('',(0.55,13.425,0.));
#8425=CARTESIAN_POINT('',(0.55,13.575,0.25));
#8426=CARTESIAN_POINT('',(0.55,13.575,0.25));
#8427=CARTESIAN_POINT('',(0.55,13.575,0.));
#8428=CARTESIAN_POINT('Origin',(0.,13.425,0.));
#8429=CARTESIAN_POINT('',(-0.55,13.425,0.));
#8430=CARTESIAN_POINT('Origin',(0.,13.425,0.));
#8431=CARTESIAN_POINT('',(-0.55,13.425,0.25));
#8432=CARTESIAN_POINT('',(-0.55,13.425,0.));
#8433=CARTESIAN_POINT('Origin',(0.,13.425,0.25));
#8434=CARTESIAN_POINT('Origin',(-0.55,13.575,0.));
#8435=CARTESIAN_POINT('',(-0.55,13.575,0.));
#8436=CARTESIAN_POINT('',(-0.55,6.7875,0.));
#8437=CARTESIAN_POINT('',(-0.55,13.575,0.25));
#8438=CARTESIAN_POINT('',(-0.55,13.575,0.));
#8439=CARTESIAN_POINT('',(-0.55,13.425,0.25));
#8440=CARTESIAN_POINT('Origin',(0.,13.575,0.));
#8441=CARTESIAN_POINT('Origin',(0.,13.575,0.));
#8442=CARTESIAN_POINT('Origin',(0.,13.575,0.25));
#8443=CARTESIAN_POINT('Origin',(0.,13.5,0.25));
#8444=CARTESIAN_POINT('',(0.275,13.575,0.25));
#8445=CARTESIAN_POINT('',(0.275,13.425,0.25));
#8446=CARTESIAN_POINT('',(0.275,13.4625,0.25));
#8447=CARTESIAN_POINT('',(-0.275,13.575,0.25));
#8448=CARTESIAN_POINT('Origin',(0.,13.575,0.25));
#8449=CARTESIAN_POINT('',(-0.275,13.425,0.25));
#8450=CARTESIAN_POINT('',(-0.275,13.5375,0.25));
#8451=CARTESIAN_POINT('Origin',(0.,13.425,0.25));
#8452=CARTESIAN_POINT('Origin',(11.901391,6.236186,0.));
#8453=CARTESIAN_POINT('',(11.901391,6.236186,0.));
#8454=CARTESIAN_POINT('',(12.0312949,6.311186,0.));
#8455=CARTESIAN_POINT('',(6.08819442879915,2.87993770537557,0.));
#8456=CARTESIAN_POINT('',(11.901391,6.236186,0.25));
#8457=CARTESIAN_POINT('',(11.901391,6.236186,0.));
#8458=CARTESIAN_POINT('',(12.0312949,6.311186,0.25));
#8459=CARTESIAN_POINT('',(12.0312949,6.311186,0.25));
#8460=CARTESIAN_POINT('',(12.0312949,6.311186,0.));
#8461=CARTESIAN_POINT('Origin',(11.626391,6.7125,0.));
#8462=CARTESIAN_POINT('',(11.351391,7.188814,0.));
#8463=CARTESIAN_POINT('Origin',(11.626391,6.7125,0.));
#8464=CARTESIAN_POINT('',(11.351391,7.188814,0.25));
#8465=CARTESIAN_POINT('',(11.351391,7.188814,0.));
#8466=CARTESIAN_POINT('Origin',(11.626391,6.7125,0.25));
#8467=CARTESIAN_POINT('Origin',(11.4812949,7.263814,0.));
#8468=CARTESIAN_POINT('',(11.4812949,7.263814,0.));
#8469=CARTESIAN_POINT('',(5.60314650870292,3.87006578037549,0.));
#8470=CARTESIAN_POINT('',(11.4812949,7.263814,0.25));
#8471=CARTESIAN_POINT('',(11.4812949,7.263814,0.));
#8472=CARTESIAN_POINT('',(11.351391,7.188814,0.25));
#8473=CARTESIAN_POINT('Origin',(11.7562949,6.7875,0.));
#8474=CARTESIAN_POINT('Origin',(11.7562949,6.7875,0.));
#8475=CARTESIAN_POINT('Origin',(11.7562949,6.7875,0.25));
#8476=CARTESIAN_POINT('Origin',(11.69134295,6.75,0.25));
#8477=CARTESIAN_POINT('',(11.8937949,6.549343,0.25));
#8478=CARTESIAN_POINT('',(11.763891,6.474343,0.25));
#8479=CARTESIAN_POINT('',(11.7963669425241,6.49309298125002,0.25));
#8480=CARTESIAN_POINT('',(11.6187949,7.025657,0.25));
#8481=CARTESIAN_POINT('Origin',(11.7562949,6.7875,0.25));
#8482=CARTESIAN_POINT('',(11.488891,6.950657,0.25));
#8483=CARTESIAN_POINT('',(11.5863189574759,7.00690701874998,0.25));
#8484=CARTESIAN_POINT('Origin',(11.626391,6.7125,0.25));
#8485=CARTESIAN_POINT('Origin',(7.188814,11.351391,0.));
#8486=CARTESIAN_POINT('',(7.188814,11.351391,0.));
#8487=CARTESIAN_POINT('',(7.263814,11.4812949,0.));
#8488=CARTESIAN_POINT('',(3.83256578037549,5.53819455870292,0.));
#8489=CARTESIAN_POINT('',(7.188814,11.351391,0.25));
#8490=CARTESIAN_POINT('',(7.188814,11.351391,0.));
#8491=CARTESIAN_POINT('',(7.263814,11.4812949,0.25));
#8492=CARTESIAN_POINT('',(7.263814,11.4812949,0.25));
#8493=CARTESIAN_POINT('',(7.263814,11.4812949,0.));
#8494=CARTESIAN_POINT('Origin',(6.7125,11.626391,0.));
#8495=CARTESIAN_POINT('',(6.236186,11.901391,0.));
#8496=CARTESIAN_POINT('Origin',(6.7125,11.626391,0.));
#8497=CARTESIAN_POINT('',(6.236186,11.901391,0.25));
#8498=CARTESIAN_POINT('',(6.236186,11.901391,0.));
#8499=CARTESIAN_POINT('Origin',(6.7125,11.626391,0.25));
#8500=CARTESIAN_POINT('Origin',(6.311186,12.0312949,0.));
#8501=CARTESIAN_POINT('',(6.311186,12.0312949,0.));
#8502=CARTESIAN_POINT('',(2.91743770537557,6.15314637879915,0.));
#8503=CARTESIAN_POINT('',(6.311186,12.0312949,0.25));
#8504=CARTESIAN_POINT('',(6.311186,12.0312949,0.));
#8505=CARTESIAN_POINT('',(6.236186,11.901391,0.25));
#8506=CARTESIAN_POINT('Origin',(6.7875,11.7562949,0.));
#8507=CARTESIAN_POINT('Origin',(6.7875,11.7562949,0.));
#8508=CARTESIAN_POINT('Origin',(6.7875,11.7562949,0.25));
#8509=CARTESIAN_POINT('Origin',(6.75,11.69134295,0.25));
#8510=CARTESIAN_POINT('',(7.025657,11.6187949,0.25));
#8511=CARTESIAN_POINT('',(6.950657,11.488891,0.25));
#8512=CARTESIAN_POINT('',(6.96940701874998,11.5213670074759,0.25));
#8513=CARTESIAN_POINT('',(6.549343,11.8937949,0.25));
#8514=CARTESIAN_POINT('Origin',(6.7875,11.7562949,0.25));
#8515=CARTESIAN_POINT('',(6.474343,11.763891,0.25));
#8516=CARTESIAN_POINT('',(6.53059298125002,11.8613188925241,0.25));
#8517=CARTESIAN_POINT('Origin',(6.7125,11.626391,0.25));
#8518=CARTESIAN_POINT('Origin',(-6.236186,11.901391,0.));
#8519=CARTESIAN_POINT('',(-6.236186,11.901391,0.));
#8520=CARTESIAN_POINT('',(-6.311186,12.0312949,0.));
#8521=CARTESIAN_POINT('',(-2.87993770537557,6.08819442879915,0.));
#8522=CARTESIAN_POINT('',(-6.236186,11.901391,0.25));
#8523=CARTESIAN_POINT('',(-6.236186,11.901391,0.));
#8524=CARTESIAN_POINT('',(-6.311186,12.0312949,0.25));
#8525=CARTESIAN_POINT('',(-6.311186,12.0312949,0.25));
#8526=CARTESIAN_POINT('',(-6.311186,12.0312949,0.));
#8527=CARTESIAN_POINT('Origin',(-6.7125,11.626391,0.));
#8528=CARTESIAN_POINT('',(-7.188814,11.351391,0.));
#8529=CARTESIAN_POINT('Origin',(-6.7125,11.626391,0.));
#8530=CARTESIAN_POINT('',(-7.188814,11.351391,0.25));
#8531=CARTESIAN_POINT('',(-7.188814,11.351391,0.));
#8532=CARTESIAN_POINT('Origin',(-6.7125,11.626391,0.25));
#8533=CARTESIAN_POINT('Origin',(-7.263814,11.4812949,0.));
#8534=CARTESIAN_POINT('',(-7.263814,11.4812949,0.));
#8535=CARTESIAN_POINT('',(-3.87006578037549,5.60314650870292,0.));
#8536=CARTESIAN_POINT('',(-7.263814,11.4812949,0.25));
#8537=CARTESIAN_POINT('',(-7.263814,11.4812949,0.));
#8538=CARTESIAN_POINT('',(-7.188814,11.351391,0.25));
#8539=CARTESIAN_POINT('Origin',(-6.7875,11.7562949,0.));
#8540=CARTESIAN_POINT('Origin',(-6.7875,11.7562949,0.));
#8541=CARTESIAN_POINT('Origin',(-6.7875,11.7562949,0.25));
#8542=CARTESIAN_POINT('Origin',(-6.75,11.69134295,0.25));
#8543=CARTESIAN_POINT('',(-6.549343,11.8937949,0.25));
#8544=CARTESIAN_POINT('',(-6.474343,11.763891,0.25));
#8545=CARTESIAN_POINT('',(-6.49309298125002,11.7963669425241,0.25));
#8546=CARTESIAN_POINT('',(-7.025657,11.6187949,0.25));
#8547=CARTESIAN_POINT('Origin',(-6.7875,11.7562949,0.25));
#8548=CARTESIAN_POINT('',(-6.950657,11.488891,0.25));
#8549=CARTESIAN_POINT('',(-7.00690701874998,11.5863189574759,0.25));
#8550=CARTESIAN_POINT('Origin',(-6.7125,11.626391,0.25));
#8551=CARTESIAN_POINT('Origin',(-13.425,0.55,0.));
#8552=CARTESIAN_POINT('',(-13.425,0.55,0.));
#8553=CARTESIAN_POINT('',(-13.575,0.55,0.));
#8554=CARTESIAN_POINT('',(-6.7125,0.55,0.));
#8555=CARTESIAN_POINT('',(-13.425,0.55,0.25));
#8556=CARTESIAN_POINT('',(-13.425,0.55,0.));
#8557=CARTESIAN_POINT('',(-13.575,0.55,0.25));
#8558=CARTESIAN_POINT('',(-13.575,0.55,0.25));
#8559=CARTESIAN_POINT('',(-13.575,0.55,0.));
#8560=CARTESIAN_POINT('Origin',(-13.425,0.,0.));
#8561=CARTESIAN_POINT('',(-13.425,-0.55,0.));
#8562=CARTESIAN_POINT('Origin',(-13.425,0.,0.));
#8563=CARTESIAN_POINT('',(-13.425,-0.55,0.25));
#8564=CARTESIAN_POINT('',(-13.425,-0.55,0.));
#8565=CARTESIAN_POINT('Origin',(-13.425,0.,0.25));
#8566=CARTESIAN_POINT('Origin',(-13.575,-0.55,0.));
#8567=CARTESIAN_POINT('',(-13.575,-0.55,0.));
#8568=CARTESIAN_POINT('',(-6.7875,-0.55,0.));
#8569=CARTESIAN_POINT('',(-13.575,-0.55,0.25));
#8570=CARTESIAN_POINT('',(-13.575,-0.55,0.));
#8571=CARTESIAN_POINT('',(-13.425,-0.55,0.25));
#8572=CARTESIAN_POINT('Origin',(-13.575,0.,0.));
#8573=CARTESIAN_POINT('Origin',(-13.575,0.,0.));
#8574=CARTESIAN_POINT('Origin',(-13.575,0.,0.25));
#8575=CARTESIAN_POINT('Origin',(-13.5,0.,0.25));
#8576=CARTESIAN_POINT('',(-13.575,0.275,0.25));
#8577=CARTESIAN_POINT('',(-13.425,0.275,0.25));
#8578=CARTESIAN_POINT('',(-13.4625,0.275,0.25));
#8579=CARTESIAN_POINT('',(-13.575,-0.275,0.25));
#8580=CARTESIAN_POINT('Origin',(-13.575,0.,0.25));
#8581=CARTESIAN_POINT('',(-13.425,-0.275,0.25));
#8582=CARTESIAN_POINT('',(-13.5375,-0.275,0.25));
#8583=CARTESIAN_POINT('Origin',(-13.425,0.,0.25));
#8584=CARTESIAN_POINT('Origin',(13.425,-0.55,0.));
#8585=CARTESIAN_POINT('',(13.425,-0.55,0.));
#8586=CARTESIAN_POINT('',(13.575,-0.55,0.));
#8587=CARTESIAN_POINT('',(6.7125,-0.55,0.));
#8588=CARTESIAN_POINT('',(13.425,-0.55,0.25));
#8589=CARTESIAN_POINT('',(13.425,-0.55,0.));
#8590=CARTESIAN_POINT('',(13.575,-0.55,0.25));
#8591=CARTESIAN_POINT('',(13.575,-0.55,0.25));
#8592=CARTESIAN_POINT('',(13.575,-0.55,0.));
#8593=CARTESIAN_POINT('Origin',(13.425,0.,0.));
#8594=CARTESIAN_POINT('',(13.425,0.55,0.));
#8595=CARTESIAN_POINT('Origin',(13.425,0.,0.));
#8596=CARTESIAN_POINT('',(13.425,0.55,0.25));
#8597=CARTESIAN_POINT('',(13.425,0.55,0.));
#8598=CARTESIAN_POINT('Origin',(13.425,0.,0.25));
#8599=CARTESIAN_POINT('Origin',(13.575,0.55,0.));
#8600=CARTESIAN_POINT('',(13.575,0.55,0.));
#8601=CARTESIAN_POINT('',(6.7875,0.55,0.));
#8602=CARTESIAN_POINT('',(13.575,0.55,0.25));
#8603=CARTESIAN_POINT('',(13.575,0.55,0.));
#8604=CARTESIAN_POINT('',(13.425,0.55,0.25));
#8605=CARTESIAN_POINT('Origin',(13.575,0.,0.));
#8606=CARTESIAN_POINT('Origin',(13.575,0.,0.));
#8607=CARTESIAN_POINT('Origin',(13.575,0.,0.25));
#8608=CARTESIAN_POINT('Origin',(13.5,0.,0.25));
#8609=CARTESIAN_POINT('',(13.575,-0.275,0.25));
#8610=CARTESIAN_POINT('',(13.425,-0.275,0.25));
#8611=CARTESIAN_POINT('',(13.4625,-0.275,0.25));
#8612=CARTESIAN_POINT('',(13.575,0.275,0.25));
#8613=CARTESIAN_POINT('Origin',(13.575,0.,0.25));
#8614=CARTESIAN_POINT('',(13.425,0.275,0.25));
#8615=CARTESIAN_POINT('',(13.5375,0.275,0.25));
#8616=CARTESIAN_POINT('Origin',(13.425,0.,0.25));
#8617=CARTESIAN_POINT('Origin',(-0.55,-13.425,0.));
#8618=CARTESIAN_POINT('',(-0.55,-13.425,0.));
#8619=CARTESIAN_POINT('',(-0.55,-13.575,0.));
#8620=CARTESIAN_POINT('',(-0.55,-6.7125,0.));
#8621=CARTESIAN_POINT('',(-0.55,-13.425,0.25));
#8622=CARTESIAN_POINT('',(-0.55,-13.425,0.));
#8623=CARTESIAN_POINT('',(-0.55,-13.575,0.25));
#8624=CARTESIAN_POINT('',(-0.55,-13.575,0.25));
#8625=CARTESIAN_POINT('',(-0.55,-13.575,0.));
#8626=CARTESIAN_POINT('Origin',(0.,-13.425,0.));
#8627=CARTESIAN_POINT('',(0.55,-13.425,0.));
#8628=CARTESIAN_POINT('Origin',(0.,-13.425,0.));
#8629=CARTESIAN_POINT('',(0.55,-13.425,0.25));
#8630=CARTESIAN_POINT('',(0.55,-13.425,0.));
#8631=CARTESIAN_POINT('Origin',(0.,-13.425,0.25));
#8632=CARTESIAN_POINT('Origin',(0.55,-13.575,0.));
#8633=CARTESIAN_POINT('',(0.55,-13.575,0.));
#8634=CARTESIAN_POINT('',(0.55,-6.7875,0.));
#8635=CARTESIAN_POINT('',(0.55,-13.575,0.25));
#8636=CARTESIAN_POINT('',(0.55,-13.575,0.));
#8637=CARTESIAN_POINT('',(0.55,-13.425,0.25));
#8638=CARTESIAN_POINT('Origin',(0.,-13.575,0.));
#8639=CARTESIAN_POINT('Origin',(0.,-13.575,0.));
#8640=CARTESIAN_POINT('Origin',(0.,-13.575,0.25));
#8641=CARTESIAN_POINT('Origin',(0.,-13.5,0.25));
#8642=CARTESIAN_POINT('',(-0.275,-13.575,0.25));
#8643=CARTESIAN_POINT('',(-0.275,-13.425,0.25));
#8644=CARTESIAN_POINT('',(-0.275,-13.4625,0.25));
#8645=CARTESIAN_POINT('',(0.275,-13.575,0.25));
#8646=CARTESIAN_POINT('Origin',(0.,-13.575,0.25));
#8647=CARTESIAN_POINT('',(0.275,-13.425,0.25));
#8648=CARTESIAN_POINT('',(0.275,-13.5375,0.25));
#8649=CARTESIAN_POINT('Origin',(0.,-13.425,0.25));
#8650=CARTESIAN_POINT('Origin',(11.351391,-7.188814,0.));
#8651=CARTESIAN_POINT('',(11.351391,-7.188814,0.));
#8652=CARTESIAN_POINT('',(11.4812949,-7.263814,0.));
#8653=CARTESIAN_POINT('',(5.53819455870292,-3.83256578037549,0.));
#8654=CARTESIAN_POINT('',(11.351391,-7.188814,0.25));
#8655=CARTESIAN_POINT('',(11.351391,-7.188814,0.));
#8656=CARTESIAN_POINT('',(11.4812949,-7.263814,0.25));
#8657=CARTESIAN_POINT('',(11.4812949,-7.263814,0.25));
#8658=CARTESIAN_POINT('',(11.4812949,-7.263814,0.));
#8659=CARTESIAN_POINT('Origin',(11.626391,-6.7125,0.));
#8660=CARTESIAN_POINT('',(11.901391,-6.236186,0.));
#8661=CARTESIAN_POINT('Origin',(11.626391,-6.7125,0.));
#8662=CARTESIAN_POINT('',(11.901391,-6.236186,0.25));
#8663=CARTESIAN_POINT('',(11.901391,-6.236186,0.));
#8664=CARTESIAN_POINT('Origin',(11.626391,-6.7125,0.25));
#8665=CARTESIAN_POINT('Origin',(12.0312949,-6.311186,0.));
#8666=CARTESIAN_POINT('',(12.0312949,-6.311186,0.));
#8667=CARTESIAN_POINT('',(6.15314637879916,-2.91743770537557,0.));
#8668=CARTESIAN_POINT('',(12.0312949,-6.311186,0.25));
#8669=CARTESIAN_POINT('',(12.0312949,-6.311186,0.));
#8670=CARTESIAN_POINT('',(11.901391,-6.236186,0.25));
#8671=CARTESIAN_POINT('Origin',(11.7562949,-6.7875,0.));
#8672=CARTESIAN_POINT('Origin',(11.7562949,-6.7875,0.));
#8673=CARTESIAN_POINT('Origin',(11.7562949,-6.7875,0.25));
#8674=CARTESIAN_POINT('Origin',(11.69134295,-6.75,0.25));
#8675=CARTESIAN_POINT('',(11.6187949,-7.025657,0.25));
#8676=CARTESIAN_POINT('',(11.488891,-6.950657,0.25));
#8677=CARTESIAN_POINT('',(11.5213670074759,-6.96940701874998,0.25));
#8678=CARTESIAN_POINT('',(11.8937949,-6.549343,0.25));
#8679=CARTESIAN_POINT('Origin',(11.7562949,-6.7875,0.25));
#8680=CARTESIAN_POINT('',(11.763891,-6.474343,0.25));
#8681=CARTESIAN_POINT('',(11.8613188925241,-6.53059298125002,0.25));
#8682=CARTESIAN_POINT('Origin',(11.626391,-6.7125,0.25));
#8683=CARTESIAN_POINT('Origin',(-2.7400388,3.5178562,0.));
#8684=CARTESIAN_POINT('',(-2.7400388,3.5178562,0.));
#8685=CARTESIAN_POINT('',(-2.8461048,3.6239223,0.));
#8686=CARTESIAN_POINT('',(-1.17556569583353,1.9533816208339,0.));
#8687=CARTESIAN_POINT('',(-2.7400388,3.5178562,0.25));
#8688=CARTESIAN_POINT('',(-2.7400388,3.5178562,0.));
#8689=CARTESIAN_POINT('',(-2.8461048,3.6239223,0.25));
#8690=CARTESIAN_POINT('',(-2.8461048,3.6239223,0.25));
#8691=CARTESIAN_POINT('',(-2.8461048,3.6239223,0.));
#8692=CARTESIAN_POINT('Origin',(-3.1289475,3.1289475,0.));
#8693=CARTESIAN_POINT('',(-3.5178562,2.7400388,0.));
#8694=CARTESIAN_POINT('Origin',(-3.1289475,3.1289475,0.));
#8695=CARTESIAN_POINT('',(-3.5178562,2.7400388,0.25));
#8696=CARTESIAN_POINT('',(-3.5178562,2.7400388,0.));
#8697=CARTESIAN_POINT('Origin',(-3.1289475,3.1289475,0.25));
#8698=CARTESIAN_POINT('Origin',(-3.6239223,2.8461048,0.));
#8699=CARTESIAN_POINT('',(-3.62392230004052,2.84610480004052,0.));
#8700=CARTESIAN_POINT('',(-2.0064146708339,1.22859869583353,0.));
#8701=CARTESIAN_POINT('',(-3.62392230004052,2.84610480004052,0.25));
#8702=CARTESIAN_POINT('',(-3.62392230004052,2.84610480004052,0.));
#8703=CARTESIAN_POINT('',(-3.5178562,2.7400388,0.25));
#8704=CARTESIAN_POINT('Origin',(-3.2350135,3.2350135,0.));
#8705=CARTESIAN_POINT('Origin',(-3.2350135,3.2350135,0.));
#8706=CARTESIAN_POINT('Origin',(-3.2350135,3.2350135,0.25));
#8707=CARTESIAN_POINT('Origin',(-3.18198053535534,3.18198053535534,0.25));
#8708=CARTESIAN_POINT('',(-3.0405592,3.4294679,0.25));
#8709=CARTESIAN_POINT('',(-2.9344931,3.3234019,0.25));
#8710=CARTESIAN_POINT('',(-2.96100967601102,3.34991845101097,0.25));
#8711=CARTESIAN_POINT('',(-3.42946789995655,3.04055919995655,0.25));
#8712=CARTESIAN_POINT('Origin',(-3.2350135,3.2350135,0.25));
#8713=CARTESIAN_POINT('',(-3.3234019,2.9344931,0.25));
#8714=CARTESIAN_POINT('',(-3.40295145098924,3.01404272598929,0.25));
#8715=CARTESIAN_POINT('Origin',(-3.1289475,3.1289475,0.25));
#8716=CARTESIAN_POINT('Origin',(2.7400388,-3.5178562,0.));
#8717=CARTESIAN_POINT('',(2.7400388,-3.5178562,0.));
#8718=CARTESIAN_POINT('',(2.8461048,-3.6239223,0.));
#8719=CARTESIAN_POINT('',(1.17556569583353,-1.9533816208339,0.));
#8720=CARTESIAN_POINT('',(2.7400388,-3.5178562,0.25));
#8721=CARTESIAN_POINT('',(2.7400388,-3.5178562,0.));
#8722=CARTESIAN_POINT('',(2.8461048,-3.6239223,0.25));
#8723=CARTESIAN_POINT('',(2.8461048,-3.6239223,0.25));
#8724=CARTESIAN_POINT('',(2.8461048,-3.6239223,0.));
#8725=CARTESIAN_POINT('Origin',(3.1289475,-3.1289475,0.));
#8726=CARTESIAN_POINT('',(3.5178562,-2.7400388,0.));
#8727=CARTESIAN_POINT('Origin',(3.1289475,-3.1289475,0.));
#8728=CARTESIAN_POINT('',(3.5178562,-2.7400388,0.25));
#8729=CARTESIAN_POINT('',(3.5178562,-2.7400388,0.));
#8730=CARTESIAN_POINT('Origin',(3.1289475,-3.1289475,0.25));
#8731=CARTESIAN_POINT('Origin',(3.6239223,-2.8461048,0.));
#8732=CARTESIAN_POINT('',(3.62392230004052,-2.84610480004052,0.));
#8733=CARTESIAN_POINT('',(2.0064146708339,-1.22859869583353,0.));
#8734=CARTESIAN_POINT('',(3.62392230004052,-2.84610480004052,0.25));
#8735=CARTESIAN_POINT('',(3.62392230004052,-2.84610480004052,0.));
#8736=CARTESIAN_POINT('',(3.5178562,-2.7400388,0.25));
#8737=CARTESIAN_POINT('Origin',(3.2350135,-3.2350135,0.));
#8738=CARTESIAN_POINT('Origin',(3.2350135,-3.2350135,0.));
#8739=CARTESIAN_POINT('Origin',(3.2350135,-3.2350135,0.25));
#8740=CARTESIAN_POINT('Origin',(3.18198053535534,-3.18198053535534,0.25));
#8741=CARTESIAN_POINT('',(3.0405592,-3.4294679,0.25));
#8742=CARTESIAN_POINT('',(2.9344931,-3.3234019,0.25));
#8743=CARTESIAN_POINT('',(2.96100967601102,-3.34991845101097,0.25));
#8744=CARTESIAN_POINT('',(3.42946789995655,-3.04055919995655,0.25));
#8745=CARTESIAN_POINT('Origin',(3.2350135,-3.2350135,0.25));
#8746=CARTESIAN_POINT('',(3.3234019,-2.9344931,0.25));
#8747=CARTESIAN_POINT('',(3.40295145098924,-3.01404272598929,0.25));
#8748=CARTESIAN_POINT('Origin',(3.1289475,-3.1289475,0.25));
#8749=CARTESIAN_POINT('Origin',(-3.04055919995655,-3.42946789995655,0.));
#8750=CARTESIAN_POINT('',(-3.04055919995655,-3.42946789995655,2.));
#8751=CARTESIAN_POINT('',(-3.04055919995655,-3.42946789995655,0.));
#8752=CARTESIAN_POINT('',(-2.9344931,-3.3234019,2.));
#8753=CARTESIAN_POINT('',(-1.4230517083122,-1.8119619333117,2.));
#8754=CARTESIAN_POINT('',(-2.9344931,-3.3234019,0.));
#8755=CARTESIAN_POINT('Origin',(-3.2350135,-3.2350135,0.));
#8756=CARTESIAN_POINT('',(-3.4294679,-3.0405592,2.));
#8757=CARTESIAN_POINT('',(-3.4294679,-3.0405592,0.));
#8758=CARTESIAN_POINT('Origin',(-3.2350135,-3.2350135,2.));
#8759=CARTESIAN_POINT('Origin',(3.04055919995655,3.42946789995655,0.));
#8760=CARTESIAN_POINT('',(3.04055919995655,3.42946789995655,2.));
#8761=CARTESIAN_POINT('',(3.04055919995655,3.42946789995655,0.));
#8762=CARTESIAN_POINT('',(2.9344931,3.3234019,2.));
#8763=CARTESIAN_POINT('',(1.4230517083122,1.8119619333117,2.));
#8764=CARTESIAN_POINT('',(2.9344931,3.3234019,0.));
#8765=CARTESIAN_POINT('Origin',(3.2350135,3.2350135,0.));
#8766=CARTESIAN_POINT('',(3.4294679,3.0405592,2.));
#8767=CARTESIAN_POINT('',(3.4294679,3.0405592,0.));
#8768=CARTESIAN_POINT('Origin',(3.2350135,3.2350135,2.));
#8769=CARTESIAN_POINT('Origin',(7.025657,-11.6187949,0.));
#8770=CARTESIAN_POINT('',(7.025657,-11.6187949,2.));
#8771=CARTESIAN_POINT('',(7.025657,-11.6187949,0.));
#8772=CARTESIAN_POINT('',(6.950657,-11.488891,2.));
#8773=CARTESIAN_POINT('',(3.63190876162554,-5.74064647622696,2.));
#8774=CARTESIAN_POINT('',(6.950657,-11.488891,0.));
#8775=CARTESIAN_POINT('Origin',(6.7875,-11.7562949,0.));
#8776=CARTESIAN_POINT('',(6.549343,-11.8937949,2.));
#8777=CARTESIAN_POINT('',(6.549343,-11.8937949,0.));
#8778=CARTESIAN_POINT('Origin',(6.7875,-11.7562949,2.));
#8779=CARTESIAN_POINT('Origin',(-6.549343,-11.8937949,0.));
#8780=CARTESIAN_POINT('',(-6.549343,-11.8937949,2.));
#8781=CARTESIAN_POINT('',(-6.549343,-11.8937949,0.));
#8782=CARTESIAN_POINT('',(-6.474343,-11.763891,2.));
#8783=CARTESIAN_POINT('',(-3.15559472412555,-6.0156464112751,2.));
#8784=CARTESIAN_POINT('',(-6.474343,-11.763891,0.));
#8785=CARTESIAN_POINT('Origin',(-6.7875,-11.7562949,0.));
#8786=CARTESIAN_POINT('',(-7.025657,-11.6187949,2.));
#8787=CARTESIAN_POINT('',(-7.025657,-11.6187949,0.));
#8788=CARTESIAN_POINT('Origin',(-6.7875,-11.7562949,2.));
#8789=CARTESIAN_POINT('Origin',(-11.6187949,-7.025657,0.));
#8790=CARTESIAN_POINT('',(-11.6187949,-7.025657,2.));
#8791=CARTESIAN_POINT('',(-11.6187949,-7.025657,0.));
#8792=CARTESIAN_POINT('',(-11.488891,-6.950657,2.));
#8793=CARTESIAN_POINT('',(-5.74064647622696,-3.63190876162554,2.));
#8794=CARTESIAN_POINT('',(-11.488891,-6.950657,0.));
#8795=CARTESIAN_POINT('Origin',(-11.7562949,-6.7875,0.));
#8796=CARTESIAN_POINT('',(-11.8937949,-6.549343,2.));
#8797=CARTESIAN_POINT('',(-11.8937949,-6.549343,0.));
#8798=CARTESIAN_POINT('Origin',(-11.7562949,-6.7875,2.));
#8799=CARTESIAN_POINT('Origin',(-11.8937949,6.549343,0.));
#8800=CARTESIAN_POINT('',(-11.8937949,6.549343,2.));
#8801=CARTESIAN_POINT('',(-11.8937949,6.549343,0.));
#8802=CARTESIAN_POINT('',(-11.763891,6.474343,2.));
#8803=CARTESIAN_POINT('',(-6.0156464112751,3.15559472412555,2.));
#8804=CARTESIAN_POINT('',(-11.763891,6.474343,0.));
#8805=CARTESIAN_POINT('Origin',(-11.7562949,6.7875,0.));
#8806=CARTESIAN_POINT('',(-11.6187949,7.025657,2.));
#8807=CARTESIAN_POINT('',(-11.6187949,7.025657,0.));
#8808=CARTESIAN_POINT('Origin',(-11.7562949,6.7875,2.));
#8809=CARTESIAN_POINT('Origin',(-0.275,13.575,0.));
#8810=CARTESIAN_POINT('',(-0.275,13.575,2.));
#8811=CARTESIAN_POINT('',(-0.275,13.575,0.));
#8812=CARTESIAN_POINT('',(-0.275,13.425,2.));
#8813=CARTESIAN_POINT('',(-0.275,6.7875,2.));
#8814=CARTESIAN_POINT('',(-0.275,13.425,0.));
#8815=CARTESIAN_POINT('Origin',(0.,13.575,0.));
#8816=CARTESIAN_POINT('',(0.275,13.575,2.));
#8817=CARTESIAN_POINT('',(0.275,13.575,0.));
#8818=CARTESIAN_POINT('Origin',(0.,13.575,2.));
#8819=CARTESIAN_POINT('Origin',(11.6187949,7.025657,0.));
#8820=CARTESIAN_POINT('',(11.6187949,7.025657,2.));
#8821=CARTESIAN_POINT('',(11.6187949,7.025657,0.));
#8822=CARTESIAN_POINT('',(11.488891,6.950657,2.));
#8823=CARTESIAN_POINT('',(5.74064647622696,3.63190876162554,2.));
#8824=CARTESIAN_POINT('',(11.488891,6.950657,0.));
#8825=CARTESIAN_POINT('Origin',(11.7562949,6.7875,0.));
#8826=CARTESIAN_POINT('',(11.8937949,6.549343,2.));
#8827=CARTESIAN_POINT('',(11.8937949,6.549343,0.));
#8828=CARTESIAN_POINT('Origin',(11.7562949,6.7875,2.));
#8829=CARTESIAN_POINT('Origin',(6.549343,11.8937949,0.));
#8830=CARTESIAN_POINT('',(6.549343,11.8937949,2.));
#8831=CARTESIAN_POINT('',(6.549343,11.8937949,0.));
#8832=CARTESIAN_POINT('',(6.474343,11.763891,2.));
#8833=CARTESIAN_POINT('',(3.15559472412555,6.0156464112751,2.));
#8834=CARTESIAN_POINT('',(6.474343,11.763891,0.));
#8835=CARTESIAN_POINT('Origin',(6.7875,11.7562949,0.));
#8836=CARTESIAN_POINT('',(7.025657,11.6187949,2.));
#8837=CARTESIAN_POINT('',(7.025657,11.6187949,0.));
#8838=CARTESIAN_POINT('Origin',(6.7875,11.7562949,2.));
#8839=CARTESIAN_POINT('Origin',(-7.025657,11.6187949,0.));
#8840=CARTESIAN_POINT('',(-7.025657,11.6187949,2.));
#8841=CARTESIAN_POINT('',(-7.025657,11.6187949,0.));
#8842=CARTESIAN_POINT('',(-6.950657,11.488891,2.));
#8843=CARTESIAN_POINT('',(-3.63190876162554,5.74064647622696,2.));
#8844=CARTESIAN_POINT('',(-6.950657,11.488891,0.));
#8845=CARTESIAN_POINT('Origin',(-6.7875,11.7562949,0.));
#8846=CARTESIAN_POINT('',(-6.549343,11.8937949,2.));
#8847=CARTESIAN_POINT('',(-6.549343,11.8937949,0.));
#8848=CARTESIAN_POINT('Origin',(-6.7875,11.7562949,2.));
#8849=CARTESIAN_POINT('Origin',(-13.575,-0.275,0.));
#8850=CARTESIAN_POINT('',(-13.575,-0.275,2.));
#8851=CARTESIAN_POINT('',(-13.575,-0.275,0.));
#8852=CARTESIAN_POINT('',(-13.425,-0.275,2.));
#8853=CARTESIAN_POINT('',(-6.7875,-0.275,2.));
#8854=CARTESIAN_POINT('',(-13.425,-0.275,0.));
#8855=CARTESIAN_POINT('Origin',(-13.575,0.,0.));
#8856=CARTESIAN_POINT('',(-13.575,0.275,2.));
#8857=CARTESIAN_POINT('',(-13.575,0.275,0.));
#8858=CARTESIAN_POINT('Origin',(-13.575,0.,2.));
#8859=CARTESIAN_POINT('Origin',(13.575,0.275,0.));
#8860=CARTESIAN_POINT('',(13.575,0.275,2.));
#8861=CARTESIAN_POINT('',(13.575,0.275,0.));
#8862=CARTESIAN_POINT('',(13.425,0.275,2.));
#8863=CARTESIAN_POINT('',(6.7875,0.275,2.));
#8864=CARTESIAN_POINT('',(13.425,0.275,0.));
#8865=CARTESIAN_POINT('Origin',(13.575,0.,0.));
#8866=CARTESIAN_POINT('',(13.575,-0.275,2.));
#8867=CARTESIAN_POINT('',(13.575,-0.275,0.));
#8868=CARTESIAN_POINT('Origin',(13.575,0.,2.));
#8869=CARTESIAN_POINT('Origin',(0.275,-13.575,0.));
#8870=CARTESIAN_POINT('',(0.275,-13.575,2.));
#8871=CARTESIAN_POINT('',(0.275,-13.575,0.));
#8872=CARTESIAN_POINT('',(0.275,-13.425,2.));
#8873=CARTESIAN_POINT('',(0.275,-6.7875,2.));
#8874=CARTESIAN_POINT('',(0.275,-13.425,0.));
#8875=CARTESIAN_POINT('Origin',(0.,-13.575,0.));
#8876=CARTESIAN_POINT('',(-0.275,-13.575,2.));
#8877=CARTESIAN_POINT('',(-0.275,-13.575,0.));
#8878=CARTESIAN_POINT('Origin',(0.,-13.575,2.));
#8879=CARTESIAN_POINT('Origin',(11.8937949,-6.549343,0.));
#8880=CARTESIAN_POINT('',(11.8937949,-6.549343,2.));
#8881=CARTESIAN_POINT('',(11.8937949,-6.549343,0.));
#8882=CARTESIAN_POINT('',(11.763891,-6.474343,2.));
#8883=CARTESIAN_POINT('',(6.0156464112751,-3.15559472412555,2.));
#8884=CARTESIAN_POINT('',(11.763891,-6.474343,0.));
#8885=CARTESIAN_POINT('Origin',(11.7562949,-6.7875,0.));
#8886=CARTESIAN_POINT('',(11.6187949,-7.025657,2.));
#8887=CARTESIAN_POINT('',(11.6187949,-7.025657,0.));
#8888=CARTESIAN_POINT('Origin',(11.7562949,-6.7875,2.));
#8889=CARTESIAN_POINT('Origin',(-3.42946789995655,3.04055919995655,0.));
#8890=CARTESIAN_POINT('',(-3.42946789995655,3.04055919995655,2.));
#8891=CARTESIAN_POINT('',(-3.42946789995655,3.04055919995655,0.));
#8892=CARTESIAN_POINT('',(-3.3234019,2.9344931,2.));
#8893=CARTESIAN_POINT('',(-1.8119619333117,1.4230517083122,2.));
#8894=CARTESIAN_POINT('',(-3.3234019,2.9344931,0.));
#8895=CARTESIAN_POINT('Origin',(-3.2350135,3.2350135,0.));
#8896=CARTESIAN_POINT('',(-3.0405592,3.4294679,2.));
#8897=CARTESIAN_POINT('',(-3.0405592,3.4294679,0.));
#8898=CARTESIAN_POINT('Origin',(-3.2350135,3.2350135,2.));
#8899=CARTESIAN_POINT('Origin',(3.42946789995655,-3.04055919995655,0.));
#8900=CARTESIAN_POINT('',(3.42946789995655,-3.04055919995655,2.));
#8901=CARTESIAN_POINT('',(3.42946789995655,-3.04055919995655,0.));
#8902=CARTESIAN_POINT('',(3.3234019,-2.9344931,2.));
#8903=CARTESIAN_POINT('',(1.8119619333117,-1.4230517083122,2.));
#8904=CARTESIAN_POINT('',(3.3234019,-2.9344931,0.));
#8905=CARTESIAN_POINT('Origin',(3.2350135,-3.2350135,0.));
#8906=CARTESIAN_POINT('',(3.0405592,-3.4294679,2.));
#8907=CARTESIAN_POINT('',(3.0405592,-3.4294679,0.));
#8908=CARTESIAN_POINT('Origin',(3.2350135,-3.2350135,2.));
#8909=CARTESIAN_POINT('Origin',(-3.3234019,-2.9344931,0.));
#8910=CARTESIAN_POINT('',(-3.3234019,-2.9344931,2.));
#8911=CARTESIAN_POINT('',(-3.3234019,-2.9344931,0.));
#8912=CARTESIAN_POINT('',(-1.75892893333342,-1.37001865833393,2.));
#8913=CARTESIAN_POINT('Origin',(-3.1289475,-3.1289475,0.));
#8914=CARTESIAN_POINT('Origin',(-3.1289475,-3.1289475,2.));
#8915=CARTESIAN_POINT('Origin',(3.3234019,2.9344931,0.));
#8916=CARTESIAN_POINT('',(3.3234019,2.9344931,2.));
#8917=CARTESIAN_POINT('',(3.3234019,2.9344931,0.));
#8918=CARTESIAN_POINT('',(1.75892893333342,1.37001865833393,2.));
#8919=CARTESIAN_POINT('Origin',(3.1289475,3.1289475,0.));
#8920=CARTESIAN_POINT('Origin',(3.1289475,3.1289475,2.));
#8921=CARTESIAN_POINT('Origin',(6.474343,-11.763891,0.));
#8922=CARTESIAN_POINT('',(6.474343,-11.763891,2.));
#8923=CARTESIAN_POINT('',(6.474343,-11.763891,0.));
#8924=CARTESIAN_POINT('',(3.11809472412555,-5.9506944612751,2.));
#8925=CARTESIAN_POINT('Origin',(6.7125,-11.626391,0.));
#8926=CARTESIAN_POINT('Origin',(6.7125,-11.626391,2.));
#8927=CARTESIAN_POINT('Origin',(-6.950657,-11.488891,0.));
#8928=CARTESIAN_POINT('',(-6.950657,-11.488891,2.));
#8929=CARTESIAN_POINT('',(-6.950657,-11.488891,0.));
#8930=CARTESIAN_POINT('',(-3.59440876162554,-5.67569452622696,2.));
#8931=CARTESIAN_POINT('Origin',(-6.7125,-11.626391,0.));
#8932=CARTESIAN_POINT('Origin',(-6.7125,-11.626391,2.));
#8933=CARTESIAN_POINT('Origin',(-11.763891,-6.474343,0.));
#8934=CARTESIAN_POINT('',(-11.763891,-6.474343,2.));
#8935=CARTESIAN_POINT('',(-11.763891,-6.474343,0.));
#8936=CARTESIAN_POINT('',(-5.9506944612751,-3.11809472412555,2.));
#8937=CARTESIAN_POINT('Origin',(-11.626391,-6.7125,0.));
#8938=CARTESIAN_POINT('Origin',(-11.626391,-6.7125,2.));
#8939=CARTESIAN_POINT('Origin',(-11.488891,6.950657,0.));
#8940=CARTESIAN_POINT('',(-11.488891,6.950657,2.));
#8941=CARTESIAN_POINT('',(-11.488891,6.950657,0.));
#8942=CARTESIAN_POINT('',(-5.67569452622696,3.59440876162554,2.));
#8943=CARTESIAN_POINT('Origin',(-11.626391,6.7125,0.));
#8944=CARTESIAN_POINT('Origin',(-11.626391,6.7125,2.));
#8945=CARTESIAN_POINT('Origin',(0.275,13.425,0.));
#8946=CARTESIAN_POINT('',(0.275,13.425,2.));
#8947=CARTESIAN_POINT('',(0.275,13.425,0.));
#8948=CARTESIAN_POINT('',(0.275,6.7125,2.));
#8949=CARTESIAN_POINT('Origin',(0.,13.425,0.));
#8950=CARTESIAN_POINT('Origin',(0.,13.425,2.));
#8951=CARTESIAN_POINT('Origin',(11.763891,6.474343,0.));
#8952=CARTESIAN_POINT('',(11.763891,6.474343,2.));
#8953=CARTESIAN_POINT('',(11.763891,6.474343,0.));
#8954=CARTESIAN_POINT('',(5.9506944612751,3.11809472412555,2.));
#8955=CARTESIAN_POINT('Origin',(11.626391,6.7125,0.));
#8956=CARTESIAN_POINT('Origin',(11.626391,6.7125,2.));
#8957=CARTESIAN_POINT('Origin',(6.950657,11.488891,0.));
#8958=CARTESIAN_POINT('',(6.950657,11.488891,2.));
#8959=CARTESIAN_POINT('',(6.950657,11.488891,0.));
#8960=CARTESIAN_POINT('',(3.59440876162554,5.67569452622696,2.));
#8961=CARTESIAN_POINT('Origin',(6.7125,11.626391,0.));
#8962=CARTESIAN_POINT('Origin',(6.7125,11.626391,2.));
#8963=CARTESIAN_POINT('Origin',(-6.474343,11.763891,0.));
#8964=CARTESIAN_POINT('',(-6.474343,11.763891,2.));
#8965=CARTESIAN_POINT('',(-6.474343,11.763891,0.));
#8966=CARTESIAN_POINT('',(-3.11809472412555,5.9506944612751,2.));
#8967=CARTESIAN_POINT('Origin',(-6.7125,11.626391,0.));
#8968=CARTESIAN_POINT('Origin',(-6.7125,11.626391,2.));
#8969=CARTESIAN_POINT('Origin',(-13.425,0.275,0.));
#8970=CARTESIAN_POINT('',(-13.425,0.275,2.));
#8971=CARTESIAN_POINT('',(-13.425,0.275,0.));
#8972=CARTESIAN_POINT('',(-6.7125,0.275,2.));
#8973=CARTESIAN_POINT('Origin',(-13.425,0.,0.));
#8974=CARTESIAN_POINT('Origin',(-13.425,0.,2.));
#8975=CARTESIAN_POINT('Origin',(13.425,-0.275,0.));
#8976=CARTESIAN_POINT('',(13.425,-0.275,2.));
#8977=CARTESIAN_POINT('',(13.425,-0.275,0.));
#8978=CARTESIAN_POINT('',(6.7125,-0.275,2.));
#8979=CARTESIAN_POINT('Origin',(13.425,0.,0.));
#8980=CARTESIAN_POINT('Origin',(13.425,0.,2.));
#8981=CARTESIAN_POINT('Origin',(-0.275,-13.425,0.));
#8982=CARTESIAN_POINT('',(-0.275,-13.425,2.));
#8983=CARTESIAN_POINT('',(-0.275,-13.425,0.));
#8984=CARTESIAN_POINT('',(-0.275,-6.7125,2.));
#8985=CARTESIAN_POINT('Origin',(0.,-13.425,0.));
#8986=CARTESIAN_POINT('Origin',(0.,-13.425,2.));
#8987=CARTESIAN_POINT('Origin',(11.488891,-6.950657,0.));
#8988=CARTESIAN_POINT('',(11.488891,-6.950657,2.));
#8989=CARTESIAN_POINT('',(11.488891,-6.950657,0.));
#8990=CARTESIAN_POINT('',(5.67569452622696,-3.59440876162554,2.));
#8991=CARTESIAN_POINT('Origin',(11.626391,-6.7125,0.));
#8992=CARTESIAN_POINT('Origin',(11.626391,-6.7125,2.));
#8993=CARTESIAN_POINT('Origin',(-2.9344931,3.3234019,0.));
#8994=CARTESIAN_POINT('',(-2.9344931,3.3234019,2.));
#8995=CARTESIAN_POINT('',(-2.9344931,3.3234019,0.));
#8996=CARTESIAN_POINT('',(-1.37001865833393,1.75892893333342,2.));
#8997=CARTESIAN_POINT('Origin',(-3.1289475,3.1289475,0.));
#8998=CARTESIAN_POINT('Origin',(-3.1289475,3.1289475,2.));
#8999=CARTESIAN_POINT('Origin',(2.9344931,-3.3234019,0.));
#9000=CARTESIAN_POINT('',(2.9344931,-3.3234019,2.));
#9001=CARTESIAN_POINT('',(2.9344931,-3.3234019,0.));
#9002=CARTESIAN_POINT('',(1.37001865833393,-1.75892893333342,2.));
#9003=CARTESIAN_POINT('Origin',(3.1289475,-3.1289475,0.));
#9004=CARTESIAN_POINT('Origin',(3.1289475,-3.1289475,2.));
#9005=CARTESIAN_POINT('Origin',(-9.2630988,-10.535891,0.));
#9006=CARTESIAN_POINT('',(-9.4630988,-10.535891,0.));
#9007=CARTESIAN_POINT('Origin',(-9.2630988,-10.535891,0.));
#9008=CARTESIAN_POINT('',(-9.4630988,-10.535891,0.8));
#9009=CARTESIAN_POINT('',(-9.4630988,-10.535891,0.));
#9010=CARTESIAN_POINT('Origin',(-9.2630988,-10.535891,0.8));
#9011=CARTESIAN_POINT('Origin',(-9.2630988,-10.535891,0.8));
#9012=CARTESIAN_POINT('Origin',(0.1659429,4.0966404,0.));
#9013=CARTESIAN_POINT('',(-0.0340571,4.0966404,0.));
#9014=CARTESIAN_POINT('Origin',(0.1659429,4.0966404,0.));
#9015=CARTESIAN_POINT('',(-0.0340571,4.0966404,0.8));
#9016=CARTESIAN_POINT('',(-0.0340571,4.0966404,0.));
#9017=CARTESIAN_POINT('Origin',(0.1659429,4.0966404,0.8));
#9018=CARTESIAN_POINT('Origin',(0.1659429,4.0966404,0.8));
#9019=CARTESIAN_POINT('Origin',(1.9046094,3.6307662,0.));
#9020=CARTESIAN_POINT('',(1.7046094,3.6307662,0.));
#9021=CARTESIAN_POINT('Origin',(1.9046094,3.6307662,0.));
#9022=CARTESIAN_POINT('',(1.7046094,3.6307662,0.8));
#9023=CARTESIAN_POINT('',(1.7046094,3.6307662,0.));
#9024=CARTESIAN_POINT('Origin',(1.9046094,3.6307662,0.8));
#9025=CARTESIAN_POINT('Origin',(1.9046094,3.6307662,0.8));
#9026=CARTESIAN_POINT('Origin',(-9.8921954,1.7188572,0.));
#9027=CARTESIAN_POINT('',(-10.0921954,1.7188572,0.));
#9028=CARTESIAN_POINT('Origin',(-9.8921954,1.7188572,0.));
#9029=CARTESIAN_POINT('',(-10.0921954,1.7188572,0.8));
#9030=CARTESIAN_POINT('',(-10.0921954,1.7188572,0.));
#9031=CARTESIAN_POINT('Origin',(-9.8921954,1.7188572,0.8));
#9032=CARTESIAN_POINT('Origin',(-9.8921954,1.7188572,0.8));
#9033=CARTESIAN_POINT('Origin',(-9.4263211,3.4575237,0.));
#9034=CARTESIAN_POINT('',(-9.6263211,3.4575237,0.));
#9035=CARTESIAN_POINT('Origin',(-9.4263211,3.4575237,0.));
#9036=CARTESIAN_POINT('',(-9.6263211,3.4575237,0.8));
#9037=CARTESIAN_POINT('',(-9.6263211,3.4575237,0.));
#9038=CARTESIAN_POINT('Origin',(-9.4263211,3.4575237,0.8));
#9039=CARTESIAN_POINT('Origin',(-9.4263211,3.4575237,0.8));
#9040=CARTESIAN_POINT('Origin',(-10.535891,-9.2630988,0.));
#9041=CARTESIAN_POINT('',(-10.735891,-9.2630988,0.));
#9042=CARTESIAN_POINT('Origin',(-10.535891,-9.2630988,0.));
#9043=CARTESIAN_POINT('',(-10.735891,-9.2630988,0.8));
#9044=CARTESIAN_POINT('',(-10.735891,-9.2630988,0.));
#9045=CARTESIAN_POINT('Origin',(-10.535891,-9.2630988,0.8));
#9046=CARTESIAN_POINT('Origin',(-10.535891,-9.2630988,0.8));
#9047=CARTESIAN_POINT('Origin',(1.0352762,3.8637033,1.2));
#9048=CARTESIAN_POINT('Origin',(-9.6592583,2.5881905,1.2));
#9049=CARTESIAN_POINT('Origin',(-9.8994949,-9.8994949,1.2));
#9050=CARTESIAN_POINT('Origin',(-2.0785931,13.5413977,0.));
#9051=CARTESIAN_POINT('',(-2.3785931,13.5413977,0.));
#9052=CARTESIAN_POINT('Origin',(-2.0785931,13.5413977,0.));
#9053=CARTESIAN_POINT('',(-2.3785931,13.5413977,1.2));
#9054=CARTESIAN_POINT('',(-2.3785931,13.5413977,0.));
#9055=CARTESIAN_POINT('Origin',(-2.0785931,13.5413977,1.2));
#9056=CARTESIAN_POINT('Origin',(-2.0785931,13.5413977,1.2));
#9057=CARTESIAN_POINT('Origin',(-4.9705844,12.7664909,0.));
#9058=CARTESIAN_POINT('',(-5.2705844,12.7664909,0.));
#9059=CARTESIAN_POINT('Origin',(-4.9705844,12.7664909,0.));
#9060=CARTESIAN_POINT('',(-5.2705844,12.7664909,1.2));
#9061=CARTESIAN_POINT('',(-5.2705844,12.7664909,0.));
#9062=CARTESIAN_POINT('Origin',(-4.9705844,12.7664909,1.2));
#9063=CARTESIAN_POINT('Origin',(-4.9705844,12.7664909,1.2));
#9064=CARTESIAN_POINT('Origin',(3.,0.,0.));
#9065=CARTESIAN_POINT('',(2.6,-4.89858719658941E-17,0.));
#9066=CARTESIAN_POINT('Origin',(3.,0.,0.));
#9067=CARTESIAN_POINT('',(2.6,-4.89858719658941E-17,2.));
#9068=CARTESIAN_POINT('',(2.6,-4.89858719658941E-17,0.));
#9069=CARTESIAN_POINT('Origin',(3.,0.,2.));
#9070=CARTESIAN_POINT('Origin',(-3.,0.,0.));
#9071=CARTESIAN_POINT('',(-3.4,-4.89858719658941E-17,0.));
#9072=CARTESIAN_POINT('Origin',(-3.,0.,0.));
#9073=CARTESIAN_POINT('',(-3.4,-4.89858719658941E-17,2.));
#9074=CARTESIAN_POINT('',(-3.4,-4.89858719658941E-17,0.));
#9075=CARTESIAN_POINT('Origin',(-3.,0.,2.));
#9076=CARTESIAN_POINT('Origin',(8.660254,5.,0.));
#9077=CARTESIAN_POINT('',(8.060254,5.,0.));
#9078=CARTESIAN_POINT('Origin',(8.660254,5.,0.));
#9079=CARTESIAN_POINT('',(8.060254,5.,0.6));
#9080=CARTESIAN_POINT('',(8.060254,5.,0.));
#9081=CARTESIAN_POINT('Origin',(8.660254,5.,0.6));
#9082=CARTESIAN_POINT('Origin',(8.660254,5.,0.6));
#9083=CARTESIAN_POINT('',(8.260254,5.,0.6));
#9084=CARTESIAN_POINT('Origin',(8.660254,5.,0.6));
#9085=CARTESIAN_POINT('Origin',(-8.660254,5.,0.));
#9086=CARTESIAN_POINT('',(-9.260254,5.,0.));
#9087=CARTESIAN_POINT('Origin',(-8.660254,5.,0.));
#9088=CARTESIAN_POINT('',(-9.260254,5.,0.6));
#9089=CARTESIAN_POINT('',(-9.260254,5.,0.));
#9090=CARTESIAN_POINT('Origin',(-8.660254,5.,0.6));
#9091=CARTESIAN_POINT('Origin',(-8.660254,5.,0.6));
#9092=CARTESIAN_POINT('',(-9.060254,5.,0.6));
#9093=CARTESIAN_POINT('Origin',(-8.660254,5.,0.6));
#9094=CARTESIAN_POINT('Origin',(0.,-10.,0.));
#9095=CARTESIAN_POINT('',(-0.6,-10.,0.));
#9096=CARTESIAN_POINT('Origin',(0.,-10.,0.));
#9097=CARTESIAN_POINT('',(-0.6,-10.,0.6));
#9098=CARTESIAN_POINT('',(-0.6,-10.,0.));
#9099=CARTESIAN_POINT('Origin',(0.,-10.,0.6));
#9100=CARTESIAN_POINT('Origin',(0.,-10.,0.6));
#9101=CARTESIAN_POINT('',(-0.4,-10.,0.6));
#9102=CARTESIAN_POINT('Origin',(0.,-10.,0.6));
#9103=CARTESIAN_POINT('Origin',(8.660254,5.,0.));
#9104=CARTESIAN_POINT('',(8.260254,5.,2.));
#9105=CARTESIAN_POINT('',(8.260254,5.,0.));
#9106=CARTESIAN_POINT('Origin',(8.660254,5.,2.));
#9107=CARTESIAN_POINT('Origin',(-8.660254,5.,0.));
#9108=CARTESIAN_POINT('',(-9.060254,5.,2.));
#9109=CARTESIAN_POINT('',(-9.060254,5.,0.));
#9110=CARTESIAN_POINT('Origin',(-8.660254,5.,2.));
#9111=CARTESIAN_POINT('Origin',(0.,-10.,0.));
#9112=CARTESIAN_POINT('',(-0.4,-10.,2.));
#9113=CARTESIAN_POINT('',(-0.4,-10.,0.));
#9114=CARTESIAN_POINT('Origin',(0.,-10.,2.));
#9115=CARTESIAN_POINT('Origin',(-1.3435029,-1.3435029,0.));
#9116=CARTESIAN_POINT('',(-1.5435029,-1.3435029,0.));
#9117=CARTESIAN_POINT('Origin',(-1.3435029,-1.3435029,0.));
#9118=CARTESIAN_POINT('',(-1.5435029,-1.3435029,1.));
#9119=CARTESIAN_POINT('',(-1.5435029,-1.3435029,0.));
#9120=CARTESIAN_POINT('Origin',(-1.3435029,-1.3435029,1.));
#9121=CARTESIAN_POINT('Origin',(-1.3435029,-1.3435029,1.));
#9122=CARTESIAN_POINT('Origin',(-1.3435029,1.3435029,0.));
#9123=CARTESIAN_POINT('',(-1.5435029,1.3435029,0.));
#9124=CARTESIAN_POINT('Origin',(-1.3435029,1.3435029,0.));
#9125=CARTESIAN_POINT('',(-1.5435029,1.3435029,1.));
#9126=CARTESIAN_POINT('',(-1.5435029,1.3435029,0.));
#9127=CARTESIAN_POINT('Origin',(-1.3435029,1.3435029,1.));
#9128=CARTESIAN_POINT('Origin',(-1.3435029,1.3435029,1.));
#9129=CARTESIAN_POINT('Origin',(1.3435029,1.3435029,0.));
#9130=CARTESIAN_POINT('',(1.1435029,1.3435029,0.));
#9131=CARTESIAN_POINT('Origin',(1.3435029,1.3435029,0.));
#9132=CARTESIAN_POINT('',(1.1435029,1.3435029,1.));
#9133=CARTESIAN_POINT('',(1.1435029,1.3435029,0.));
#9134=CARTESIAN_POINT('Origin',(1.3435029,1.3435029,1.));
#9135=CARTESIAN_POINT('Origin',(1.3435029,1.3435029,1.));
#9136=CARTESIAN_POINT('Origin',(1.3435029,-1.3435029,0.));
#9137=CARTESIAN_POINT('',(1.1435029,-1.3435029,0.));
#9138=CARTESIAN_POINT('Origin',(1.3435029,-1.3435029,0.));
#9139=CARTESIAN_POINT('',(1.1435029,-1.3435029,1.));
#9140=CARTESIAN_POINT('',(1.1435029,-1.3435029,0.));
#9141=CARTESIAN_POINT('Origin',(1.3435029,-1.3435029,1.));
#9142=CARTESIAN_POINT('Origin',(1.3435029,-1.3435029,1.));
#9143=CARTESIAN_POINT('Origin',(0.,0.,0.));
#9144=CARTESIAN_POINT('',(-0.5,-6.12323399573677E-17,0.));
#9145=CARTESIAN_POINT('Origin',(0.,0.,0.));
#9146=CARTESIAN_POINT('',(-0.5,-6.12323399573677E-17,2.));
#9147=CARTESIAN_POINT('',(-0.5,-6.12323399573677E-17,0.));
#9148=CARTESIAN_POINT('Origin',(0.,0.,2.));
#9149=CARTESIAN_POINT('Origin',(3.3646476,12.5570357,2.));
#9150=CARTESIAN_POINT('',(3.1996476,12.5570357,1.7));
#9151=CARTESIAN_POINT('Origin',(3.3646476,12.5570357,1.7));
#9152=CARTESIAN_POINT('',(3.1996476,12.5570357,0.92));
#9153=CARTESIAN_POINT('',(3.1996476,12.5570357,2.));
#9154=CARTESIAN_POINT('Origin',(3.3646476,12.5570357,0.92));
#9155=CARTESIAN_POINT('Origin',(3.3646476,12.5570357,0.92));
#9156=CARTESIAN_POINT('Origin',(-12.5570357,-3.3646476,2.));
#9157=CARTESIAN_POINT('',(-12.7220357,-3.3646476,1.7));
#9158=CARTESIAN_POINT('Origin',(-12.5570357,-3.3646476,1.7));
#9159=CARTESIAN_POINT('',(-12.7220357,-3.3646476,0.92));
#9160=CARTESIAN_POINT('',(-12.7220357,-3.3646476,2.));
#9161=CARTESIAN_POINT('Origin',(-12.5570357,-3.3646476,0.92));
#9162=CARTESIAN_POINT('Origin',(-12.5570357,-3.3646476,0.92));
#9163=CARTESIAN_POINT('Origin',(9.1923882,-9.1923882,2.));
#9164=CARTESIAN_POINT('',(9.0273882,-9.1923882,1.7));
#9165=CARTESIAN_POINT('Origin',(9.1923882,-9.1923882,1.7));
#9166=CARTESIAN_POINT('',(9.0273882,-9.1923882,0.92));
#9167=CARTESIAN_POINT('',(9.0273882,-9.1923882,2.));
#9168=CARTESIAN_POINT('Origin',(9.1923882,-9.1923882,0.92));
#9169=CARTESIAN_POINT('Origin',(9.1923882,-9.1923882,0.92));
#9170=CARTESIAN_POINT('Origin',(3.3646476,12.5570357,2.));
#9171=CARTESIAN_POINT('',(2.8646476,12.5570357,2.));
#9172=CARTESIAN_POINT('Origin',(3.3646476,12.5570357,2.));
#9173=CARTESIAN_POINT('',(2.8646476,12.5570357,1.7));
#9174=CARTESIAN_POINT('',(2.8646476,12.5570357,2.));
#9175=CARTESIAN_POINT('Origin',(3.3646476,12.5570357,1.7));
#9176=CARTESIAN_POINT('Origin',(3.3646476,12.5570357,1.7));
#9177=CARTESIAN_POINT('Origin',(-12.5570357,-3.3646476,2.));
#9178=CARTESIAN_POINT('',(-13.0570357,-3.3646476,2.));
#9179=CARTESIAN_POINT('Origin',(-12.5570357,-3.3646476,2.));
#9180=CARTESIAN_POINT('',(-13.0570357,-3.3646476,1.7));
#9181=CARTESIAN_POINT('',(-13.0570357,-3.3646476,2.));
#9182=CARTESIAN_POINT('Origin',(-12.5570357,-3.3646476,1.7));
#9183=CARTESIAN_POINT('Origin',(-12.5570357,-3.3646476,1.7));
#9184=CARTESIAN_POINT('Origin',(9.1923882,-9.1923882,2.));
#9185=CARTESIAN_POINT('',(8.6923882,-9.1923882,2.));
#9186=CARTESIAN_POINT('Origin',(9.1923882,-9.1923882,2.));
#9187=CARTESIAN_POINT('',(8.6923882,-9.1923882,1.7));
#9188=CARTESIAN_POINT('',(8.6923882,-9.1923882,2.));
#9189=CARTESIAN_POINT('Origin',(9.1923882,-9.1923882,1.7));
#9190=CARTESIAN_POINT('Origin',(9.1923882,-9.1923882,1.7));
#9191=CARTESIAN_POINT('Origin',(7.65,13.2501887,0.));
#9192=CARTESIAN_POINT('',(7.485,13.2501887,0.3));
#9193=CARTESIAN_POINT('Origin',(7.65,13.2501887,0.3));
#9194=CARTESIAN_POINT('',(7.485,13.2501887,1.08));
#9195=CARTESIAN_POINT('',(7.485,13.2501887,0.));
#9196=CARTESIAN_POINT('Origin',(7.65,13.2501887,1.08));
#9197=CARTESIAN_POINT('Origin',(7.65,13.2501887,1.08));
#9198=CARTESIAN_POINT('Origin',(-15.3,0.,0.));
#9199=CARTESIAN_POINT('',(-15.465,-2.02066721859312E-17,0.3));
#9200=CARTESIAN_POINT('Origin',(-15.3,0.,0.3));
#9201=CARTESIAN_POINT('',(-15.465,-2.02066721859312E-17,1.08));
#9202=CARTESIAN_POINT('',(-15.465,-2.02066721859312E-17,0.));
#9203=CARTESIAN_POINT('Origin',(-15.3,0.,1.08));
#9204=CARTESIAN_POINT('Origin',(-15.3,0.,1.08));
#9205=CARTESIAN_POINT('Origin',(7.65,-13.2501887,0.));
#9206=CARTESIAN_POINT('',(7.485,-13.2501887,0.3));
#9207=CARTESIAN_POINT('Origin',(7.65,-13.2501887,0.3));
#9208=CARTESIAN_POINT('',(7.485,-13.2501887,1.08));
#9209=CARTESIAN_POINT('',(7.485,-13.2501887,0.));
#9210=CARTESIAN_POINT('Origin',(7.65,-13.2501887,1.08));
#9211=CARTESIAN_POINT('Origin',(7.65,-13.2501887,1.08));
#9212=CARTESIAN_POINT('Origin',(7.65,13.2501887,0.));
#9213=CARTESIAN_POINT('',(7.15,13.2501887,0.));
#9214=CARTESIAN_POINT('Origin',(7.65,13.2501887,0.));
#9215=CARTESIAN_POINT('',(7.15,13.2501887,0.3));
#9216=CARTESIAN_POINT('',(7.15,13.2501887,0.));
#9217=CARTESIAN_POINT('Origin',(7.65,13.2501887,0.3));
#9218=CARTESIAN_POINT('Origin',(7.65,13.2501887,0.3));
#9219=CARTESIAN_POINT('Origin',(-15.3,0.,0.));
#9220=CARTESIAN_POINT('',(-15.8,-6.12323399573677E-17,0.));
#9221=CARTESIAN_POINT('Origin',(-15.3,0.,0.));
#9222=CARTESIAN_POINT('',(-15.8,-6.12323399573677E-17,0.3));
#9223=CARTESIAN_POINT('',(-15.8,-6.12323399573677E-17,0.));
#9224=CARTESIAN_POINT('Origin',(-15.3,0.,0.3));
#9225=CARTESIAN_POINT('Origin',(-15.3,0.,0.3));
#9226=CARTESIAN_POINT('Origin',(7.65,-13.2501887,0.));
#9227=CARTESIAN_POINT('',(7.15,-13.2501887,0.));
#9228=CARTESIAN_POINT('Origin',(7.65,-13.2501887,0.));
#9229=CARTESIAN_POINT('',(7.15,-13.2501887,0.3));
#9230=CARTESIAN_POINT('',(7.15,-13.2501887,0.));
#9231=CARTESIAN_POINT('Origin',(7.65,-13.2501887,0.3));
#9232=CARTESIAN_POINT('Origin',(7.65,-13.2501887,0.3));
#9233=CARTESIAN_POINT('Origin',(5.7785198,-13.9505809,0.));
#9234=CARTESIAN_POINT('',(5.4785198,-13.9505809,0.));
#9235=CARTESIAN_POINT('Origin',(5.7785198,-13.9505809,0.));
#9236=CARTESIAN_POINT('',(5.4785198,-13.9505809,1.2));
#9237=CARTESIAN_POINT('',(5.4785198,-13.9505809,0.));
#9238=CARTESIAN_POINT('Origin',(5.7785198,-13.9505809,1.2));
#9239=CARTESIAN_POINT('Origin',(5.7785198,-13.9505809,1.2));
#9240=CARTESIAN_POINT('Origin',(-13.9505809,-5.7785198,0.));
#9241=CARTESIAN_POINT('',(-14.2505809,-5.7785198,0.));
#9242=CARTESIAN_POINT('Origin',(-13.9505809,-5.7785198,0.));
#9243=CARTESIAN_POINT('',(-14.2505809,-5.7785198,1.2));
#9244=CARTESIAN_POINT('',(-14.2505809,-5.7785198,0.));
#9245=CARTESIAN_POINT('Origin',(-13.9505809,-5.7785198,1.2));
#9246=CARTESIAN_POINT('Origin',(-13.9505809,-5.7785198,1.2));
#9247=CARTESIAN_POINT('Origin',(-13.9505809,5.7785198,0.));
#9248=CARTESIAN_POINT('',(-14.2505809,5.7785198,0.));
#9249=CARTESIAN_POINT('Origin',(-13.9505809,5.7785198,0.));
#9250=CARTESIAN_POINT('',(-14.2505809,5.7785198,1.2));
#9251=CARTESIAN_POINT('',(-14.2505809,5.7785198,0.));
#9252=CARTESIAN_POINT('Origin',(-13.9505809,5.7785198,1.2));
#9253=CARTESIAN_POINT('Origin',(-13.9505809,5.7785198,1.2));
#9254=CARTESIAN_POINT('Origin',(5.7785198,13.9505809,0.));
#9255=CARTESIAN_POINT('',(5.4785198,13.9505809,0.));
#9256=CARTESIAN_POINT('Origin',(5.7785198,13.9505809,0.));
#9257=CARTESIAN_POINT('',(5.4785198,13.9505809,1.2));
#9258=CARTESIAN_POINT('',(5.4785198,13.9505809,0.));
#9259=CARTESIAN_POINT('Origin',(5.7785198,13.9505809,1.2));
#9260=CARTESIAN_POINT('Origin',(5.7785198,13.9505809,1.2));
#9261=CARTESIAN_POINT('Origin',(-5.7785198,13.9505809,0.));
#9262=CARTESIAN_POINT('',(-6.0785198,13.9505809,0.));
#9263=CARTESIAN_POINT('Origin',(-5.7785198,13.9505809,0.));
#9264=CARTESIAN_POINT('',(-6.0785198,13.9505809,1.2));
#9265=CARTESIAN_POINT('',(-6.0785198,13.9505809,0.));
#9266=CARTESIAN_POINT('Origin',(-5.7785198,13.9505809,1.2));
#9267=CARTESIAN_POINT('Origin',(-5.7785198,13.9505809,1.2));
#9268=CARTESIAN_POINT('Origin',(13.9505809,5.7785198,0.));
#9269=CARTESIAN_POINT('',(13.6505809,5.7785198,0.));
#9270=CARTESIAN_POINT('Origin',(13.9505809,5.7785198,0.));
#9271=CARTESIAN_POINT('',(13.6505809,5.7785198,1.2));
#9272=CARTESIAN_POINT('',(13.6505809,5.7785198,0.));
#9273=CARTESIAN_POINT('Origin',(13.9505809,5.7785198,1.2));
#9274=CARTESIAN_POINT('Origin',(13.9505809,5.7785198,1.2));
#9275=CARTESIAN_POINT('Origin',(-5.7785198,-13.9505809,0.));
#9276=CARTESIAN_POINT('',(-6.0785198,-13.9505809,0.));
#9277=CARTESIAN_POINT('Origin',(-5.7785198,-13.9505809,0.));
#9278=CARTESIAN_POINT('',(-6.0785198,-13.9505809,1.2));
#9279=CARTESIAN_POINT('',(-6.0785198,-13.9505809,0.));
#9280=CARTESIAN_POINT('Origin',(-5.7785198,-13.9505809,1.2));
#9281=CARTESIAN_POINT('Origin',(-5.7785198,-13.9505809,1.2));
#9282=CARTESIAN_POINT('Origin',(13.9505809,-5.7785198,0.));
#9283=CARTESIAN_POINT('',(13.6505809,-5.7785198,0.));
#9284=CARTESIAN_POINT('Origin',(13.9505809,-5.7785198,0.));
#9285=CARTESIAN_POINT('',(13.6505809,-5.7785198,1.2));
#9286=CARTESIAN_POINT('',(13.6505809,-5.7785198,0.));
#9287=CARTESIAN_POINT('Origin',(13.9505809,-5.7785198,1.2));
#9288=CARTESIAN_POINT('Origin',(13.9505809,-5.7785198,1.2));
#9289=CARTESIAN_POINT('Origin',(0.,0.,0.6));
#9290=CARTESIAN_POINT('',(-3.23523806378151,-12.0740728286134,0.6));
#9291=CARTESIAN_POINT('',(-2.75227515063697,-12.2034823511646,0.599999999999997));
#9292=CARTESIAN_POINT('',(-3.2352380637815,-12.0740728286134,0.6));
#9293=CARTESIAN_POINT('',(-2.20875515592168,-10.1750381159576,0.599999999999997));
#9294=CARTESIAN_POINT('',(-0.9987761200674,-5.65933487805618,0.6));
#9295=CARTESIAN_POINT('',(-3.17468098221075,-9.91621907085505,0.600000000000003));
#9296=CARTESIAN_POINT('',(-2.69171806906621,-10.0456285934063,0.6));
#9297=CARTESIAN_POINT('',(-3.41511655305189,-10.813536837181,0.6));
#9298=CARTESIAN_POINT('',(-1.96470194635647,-5.40051583295366,0.6));
#9299=CARTESIAN_POINT('',(-10.171885585121,-5.0128179343767,0.6));
#9300=CARTESIAN_POINT('Origin',(0.,0.,0.6));
#9301=CARTESIAN_POINT('',(-10.3150783971335,-4.4961462540464,0.6));
#9302=CARTESIAN_POINT('Origin',(-8.88203045078275,-4.3771630308634,0.6));
#9303=CARTESIAN_POINT('',(-10.457179629061,-3.85466200924944,0.6));
#9304=CARTESIAN_POINT('Origin',(-12.7446972314443,-4.69787284717859,0.6));
#9305=CARTESIAN_POINT('',(-10.9835142153287,-1.89035459151773,0.6));
#9306=CARTESIAN_POINT('Origin',(0.,0.,0.6));
#9307=CARTESIAN_POINT('',(-11.1811930609689,-1.26376232343233,0.6));
#9308=CARTESIAN_POINT('Origin',(-13.3861679895613,-2.30387138631636,0.6));
#9309=CARTESIAN_POINT('',(-11.3155202882918,-0.744715116844014,0.6));
#9310=CARTESIAN_POINT('Origin',(-9.88064552299651,-0.650280844157579,0.6));
#9311=CARTESIAN_POINT('',(0.744715116844016,11.3155202882918,0.6));
#9312=CARTESIAN_POINT('Origin',(0.,0.,0.6));
#9313=CARTESIAN_POINT('',(1.26376232343233,11.1811930609689,0.6));
#9314=CARTESIAN_POINT('Origin',(0.650280844157581,9.88064552299651,0.6));
#9315=CARTESIAN_POINT('',(1.89035459151773,10.9835142153287,0.6));
#9316=CARTESIAN_POINT('Origin',(2.30387138631637,13.3861679895613,0.6));
#9317=CARTESIAN_POINT('',(3.85466200924944,10.457179629061,0.6));
#9318=CARTESIAN_POINT('Origin',(0.,0.,0.6));
#9319=CARTESIAN_POINT('',(4.4961462540464,10.3150783971335,0.6));
#9320=CARTESIAN_POINT('Origin',(4.69787284717859,12.7446972314443,0.6));
#9321=CARTESIAN_POINT('',(5.0128179343767,10.171885585121,0.6));
#9322=CARTESIAN_POINT('Origin',(4.3771630308634,8.88203045078275,0.6));
#9323=CARTESIAN_POINT('',(9.91818747896076,-5.49774109359346,0.6));
#9324=CARTESIAN_POINT('Origin',(0.,0.,0.6));
#9325=CARTESIAN_POINT('',(7.6879072257554,-4.26147656196536,0.6));
#9326=CARTESIAN_POINT('Origin',(8.80304735235808,-4.87960882777941,0.6));
#9327=CARTESIAN_POINT('',(-1.37505894770365,-8.68178051383138,0.6));
#9328=CARTESIAN_POINT('Origin',(0.,0.,0.6));
#9329=CARTESIAN_POINT('',(-0.983972785103072,-6.21255966234354,0.6));
#9330=CARTESIAN_POINT('Origin',(-1.17951586640336,-7.44717008808746,0.6));
#9331=CARTESIAN_POINT('',(2.04782369153555,-5.94731184051982,0.6));
#9332=CARTESIAN_POINT('Origin',(0.,0.,0.6));
#9333=CARTESIAN_POINT('',(1.11789805982231,-7.85394193560453,0.6));
#9334=CARTESIAN_POINT('Origin',(2.53617592322129,-7.3655897039188,0.6));
#9335=CARTESIAN_POINT('',(1.34304773216676,-8.50782406313241,0.6));
#9336=CARTESIAN_POINT('',(1.34304773216676,-8.50782406313241,0.6));
#9337=CARTESIAN_POINT('',(1.24475181220293,-9.53359077246403,0.6));
#9338=CARTESIAN_POINT('',(1.24475181220293,-9.53359077246403,0.6));
#9339=CARTESIAN_POINT('',(1.44459149097725,-10.234802449491,0.6));
#9340=CARTESIAN_POINT('Origin',(2.24019180758546,-9.62898058110645,0.6));
#9341=CARTESIAN_POINT('',(2.64835799438747,-11.8156582442634,0.6));
#9342=CARTESIAN_POINT('',(2.70802838292614,-11.8940208496611,0.6));
#9343=CARTESIAN_POINT('',(2.75227515063697,-12.2034823511646,0.600000000000001));
#9344=CARTESIAN_POINT('',(0.998776120067397,-5.65933487805618,0.6));
#9345=CARTESIAN_POINT('',(3.2352380637815,-12.0740728286134,0.6));
#9346=CARTESIAN_POINT('',(3.2352380637815,-12.0740728286134,0.6));
#9347=CARTESIAN_POINT('',(3.71820097692604,-11.9446633060621,0.599999999999999));
#9348=CARTESIAN_POINT('',(3.2352380637815,-12.0740728286134,0.6));
#9349=CARTESIAN_POINT('',(3.17468098221075,-9.91621907085505,0.599999999999999));
#9350=CARTESIAN_POINT('',(1.96470194635647,-5.40051583295366,0.6));
#9351=CARTESIAN_POINT('',(2.58020680837105,-10.0755079456566,0.6));
#9352=CARTESIAN_POINT('',(2.69171806906621,-10.0456285934063,0.6));
#9353=CARTESIAN_POINT('',(2.24019180758546,-9.62898058110645,0.6));
#9354=CARTESIAN_POINT('',(2.24019180758546,-9.62898058110645,0.6));
#9355=CARTESIAN_POINT('',(2.33848772754928,-8.60321387177483,0.6));
#9356=CARTESIAN_POINT('',(2.33848772754928,-8.60321387177483,0.6));
#9357=CARTESIAN_POINT('',(2.28856630776607,-8.18225590867526,0.6));
#9358=CARTESIAN_POINT('Origin',(1.34304773216676,-8.50782406313241,0.6));
#9359=CARTESIAN_POINT('',(2.06341663542163,-7.52837378114738,0.6));
#9360=CARTESIAN_POINT('',(2.06341663542163,-7.52837378114738,0.6));
#9361=CARTESIAN_POINT('',(2.37339184599271,-6.89283041611914,0.6));
#9362=CARTESIAN_POINT('Origin',(2.53617592322129,-7.3655897039188,0.6));
#9363=CARTESIAN_POINT('',(-1.1404072501433,-7.20024800293868,0.6));
#9364=CARTESIAN_POINT('Origin',(0.,0.,0.6));
#9365=CARTESIAN_POINT('',(-1.21862448266342,-7.69409217323625,0.6));
#9366=CARTESIAN_POINT('Origin',(-1.17951586640336,-7.44717008808746,0.6));
#9367=CARTESIAN_POINT('',(6.813287518616,-3.77666694171903,0.6));
#9368=CARTESIAN_POINT('Origin',(0.,0.,0.6));
#9369=CARTESIAN_POINT('',(10.7928071628574,-5.98255075577085,0.6));
#9370=CARTESIAN_POINT('Origin',(8.80304735235808,-4.87960882777941,0.6));
#9371=CARTESIAN_POINT('',(5.45486537127059,11.0688772592939,0.6));
#9372=CARTESIAN_POINT('Origin',(0.,0.,0.6));
#9373=CARTESIAN_POINT('',(4.57888962399559,11.3116492850935,0.6));
#9374=CARTESIAN_POINT('Origin',(4.3771630308634,8.88203045078275,0.6));
#9375=CARTESIAN_POINT('',(4.20052670276666,11.395464028259,0.6));
#9376=CARTESIAN_POINT('Origin',(4.69787284717859,12.7446972314443,0.6));
#9377=CARTESIAN_POINT('',(2.05996918025868,11.9690246877674,0.6));
#9378=CARTESIAN_POINT('Origin',(0.,0.,0.6));
#9379=CARTESIAN_POINT('',(1.69038990704162,12.0856204515889,0.6));
#9380=CARTESIAN_POINT('Origin',(2.30387138631637,13.3861679895613,0.6));
#9381=CARTESIAN_POINT('',(0.81038664390257,12.3133615835557,0.6));
#9382=CARTESIAN_POINT('Origin',(0.650280844157581,9.88064552299651,0.6));
#9383=CARTESIAN_POINT('',(-12.3133615835557,-0.810386643902572,0.6));
#9384=CARTESIAN_POINT('Origin',(0.,0.,0.6));
#9385=CARTESIAN_POINT('',(-12.0856204515889,-1.69038990704161,0.6));
#9386=CARTESIAN_POINT('Origin',(-9.88064552299651,-0.650280844157579,0.6));
#9387=CARTESIAN_POINT('',(-11.9690246877674,-2.05996918025867,0.6));
#9388=CARTESIAN_POINT('Origin',(-13.3861679895613,-2.30387138631636,0.6));
#9389=CARTESIAN_POINT('',(-11.395464028259,-4.20052670276667,0.6));
#9390=CARTESIAN_POINT('Origin',(0.,0.,0.6));
#9391=CARTESIAN_POINT('',(-11.3116492850935,-4.57888962399559,0.6));
#9392=CARTESIAN_POINT('Origin',(-12.7446972314443,-4.69787284717859,0.6));
#9393=CARTESIAN_POINT('',(-11.0688772592939,-5.45486537127059,0.6));
#9394=CARTESIAN_POINT('Origin',(-8.88203045078275,-4.3771630308634,0.6));
#9395=CARTESIAN_POINT('',(-3.67416710391864,-11.7803266547444,0.6));
#9396=CARTESIAN_POINT('Origin',(0.,0.,0.6));
#9397=CARTESIAN_POINT('',(-3.71820097692604,-11.9446633060621,0.600000000000003));
#9398=CARTESIAN_POINT('',(-1.96470194635647,-5.40051583295366,0.6));
#9399=CARTESIAN_POINT('',(-3.2352380637815,-12.0740728286134,0.6));
#9400=CARTESIAN_POINT('Origin',(0.,0.,0.));
#9401=CARTESIAN_POINT('',(-16.,-1.95943487863577E-15,0.));
#9402=CARTESIAN_POINT('Origin',(0.,0.,0.));
#9403=CARTESIAN_POINT('Origin',(4.14110472164032,-15.4548132206251,1.1));
#9404=CARTESIAN_POINT('',(2.75227515063697,-12.2034823511646,1.1));
#9405=CARTESIAN_POINT('Origin',(3.2352380637815,-12.0740728286134,1.1));
#9406=CARTESIAN_POINT('',(3.2352380637815,-12.0740728286134,1.6));
#9407=CARTESIAN_POINT('Origin',(3.2352380637815,-12.0740728286134,1.1));
#9408=CARTESIAN_POINT('',(3.71820097692604,-11.9446633060621,1.1));
#9409=CARTESIAN_POINT('Origin',(3.2352380637815,-12.0740728286134,1.1));
#9410=CARTESIAN_POINT('Origin',(3.2352380637815,-12.0740728286134,1.1));
#9411=CARTESIAN_POINT('',(4.03757710359932,-15.0684428901095,0.6));
#9412=CARTESIAN_POINT('',(4.14110472164032,-15.4548132206251,0.6));
#9413=CARTESIAN_POINT('Origin',(4.03757710359932,-15.0684428901095,1.1));
#9414=CARTESIAN_POINT('Origin',(3.2352380637815,-12.0740728286134,1.6));
#9415=CARTESIAN_POINT('',(3.71820097692604,-11.9446633060621,1.6));
#9416=CARTESIAN_POINT('Origin',(3.2352380637815,-12.0740728286134,1.6));
#9417=CARTESIAN_POINT('',(3.71820097692604,-11.9446633060621,1.6));
#9418=CARTESIAN_POINT('',(3.2352380637815,-12.0740728286134,1.6));
#9419=CARTESIAN_POINT('',(3.71820097692604,-11.9446633060621,1.6));
#9420=CARTESIAN_POINT('Origin',(3.2352380637815,-12.0740728286134,1.6));
#9421=CARTESIAN_POINT('',(2.75227515063697,-12.2034823511646,1.6));
#9422=CARTESIAN_POINT('',(2.75227515063697,-12.2034823511646,1.6));
#9423=CARTESIAN_POINT('',(3.2352380637815,-12.0740728286134,1.6));
#9424=CARTESIAN_POINT('Origin',(3.2352380637815,-12.0740728286134,1.6));
#9425=CARTESIAN_POINT('',(2.75227515063697,-12.2034823511646,1.6));
#9426=CARTESIAN_POINT('Origin',(4.03757710359932,-15.0684428901095,1.1));
#9427=CARTESIAN_POINT('',(4.03757710359932,-15.0684428901095,0.4));
#9428=CARTESIAN_POINT('Origin',(4.03757710359932,-15.0684428901095,1.1));
#9429=CARTESIAN_POINT('Origin',(4.14110472164032,-15.4548132206251,1.1));
#9430=CARTESIAN_POINT('',(4.14110472164032,-15.4548132206251,0.4));
#9431=CARTESIAN_POINT('',(4.14110472164032,-15.4548132206251,0.4));
#9432=CARTESIAN_POINT('',(4.6123682043902,-15.320772158972,0.6));
#9433=CARTESIAN_POINT('Ctrl Pts',(4.6123682043902,-15.320772158972,0.599999999999998));
#9434=CARTESIAN_POINT('Ctrl Pts',(4.55364872234328,-15.338449849702,0.539944402774924));
#9435=CARTESIAN_POINT('Ctrl Pts',(4.4799664743747,-15.3602389759385,0.488045231262787));
#9436=CARTESIAN_POINT('Ctrl Pts',(4.31637080543509,-15.4070237541174,0.41757024823764));
#9437=CARTESIAN_POINT('Ctrl Pts',(4.22601500172325,-15.4320615796478,0.4));
#9438=CARTESIAN_POINT('Ctrl Pts',(4.14110472164032,-15.4548132206251,0.4));
#9439=CARTESIAN_POINT('',(3.66595804287644,-15.5743619974582,0.6));
#9440=CARTESIAN_POINT('Ctrl Pts',(3.66595804287643,-15.5743619974582,0.599999999999997));
#9441=CARTESIAN_POINT('Ctrl Pts',(3.66429879155567,-15.5747525589287,0.601669374730702));
#9442=CARTESIAN_POINT('Ctrl Pts',(3.6626506686205,-15.5751402211061,0.603344552207893));
#9443=CARTESIAN_POINT('Ctrl Pts',(3.60048969285876,-15.5897511050919,0.667169019124809));
#9444=CARTESIAN_POINT('Ctrl Pts',(3.54792485963345,-15.6017148811866,0.745874917530574));
#9445=CARTESIAN_POINT('Ctrl Pts',(3.47817012484435,-15.6174136984054,0.918337132256103));
#9446=CARTESIAN_POINT('Ctrl Pts',(3.46099157835556,-15.6211887286004,1.012094398679));
#9447=CARTESIAN_POINT('Ctrl Pts',(3.46099157835556,-15.6211887286004,1.187905601321));
#9448=CARTESIAN_POINT('Ctrl Pts',(3.47817012484435,-15.6174136984054,1.2816628677439));
#9449=CARTESIAN_POINT('Ctrl Pts',(3.54792485963345,-15.6017148811866,1.45412508246943));
#9450=CARTESIAN_POINT('Ctrl Pts',(3.60048969285876,-15.5897511050919,1.53283098087519));
#9451=CARTESIAN_POINT('Ctrl Pts',(3.7215378449816,-15.5612988408587,1.65711850509506));
#9452=CARTESIAN_POINT('Ctrl Pts',(3.79809191902663,-15.5429062811498,1.71098869379932));
#9453=CARTESIAN_POINT('Ctrl Pts',(3.9654251073984,-15.5010593704935,1.78242975176236));
#9454=CARTESIAN_POINT('Ctrl Pts',(4.0561944415574,-15.4775648616024,1.8));
#9455=CARTESIAN_POINT('Ctrl Pts',(4.22601500172325,-15.4320615796478,1.8));
#9456=CARTESIAN_POINT('Ctrl Pts',(4.31637080543509,-15.4070237541174,1.78242975176236));
#9457=CARTESIAN_POINT('Ctrl Pts',(4.48220905278943,-15.3595976476297,1.71098869379932));
#9458=CARTESIAN_POINT('Ctrl Pts',(4.55770310553006,-15.3372490345558,1.65711850509506));
#9459=CARTESIAN_POINT('Ctrl Pts',(4.67676001246622,-15.3013653421155,1.53283098087519));
#9460=CARTESIAN_POINT('Ctrl Pts',(4.72826438143237,-15.285443859526,1.45412508246943));
#9461=CARTESIAN_POINT('Ctrl Pts',(4.79652316240339,-15.2641620666523,1.2816628677439));
#9462=CARTESIAN_POINT('Ctrl Pts',(4.81328773516026,-15.2588420654569,1.187905601321));
#9463=CARTESIAN_POINT('Ctrl Pts',(4.81328773516026,-15.2588420654569,1.1));
#9464=CARTESIAN_POINT('Ctrl Pts',(4.81328773516026,-15.2588420654569,1.012094398679));
#9465=CARTESIAN_POINT('Ctrl Pts',(4.79652316240339,-15.2641620666523,0.918337132256103));
#9466=CARTESIAN_POINT('Ctrl Pts',(4.72826438143237,-15.285443859526,0.745874917530574));
#9467=CARTESIAN_POINT('Ctrl Pts',(4.67676001246622,-15.3013653421155,0.667169019124809));
#9468=CARTESIAN_POINT('Ctrl Pts',(4.61562158633959,-15.3197924332929,0.603344552207879));
#9469=CARTESIAN_POINT('Ctrl Pts',(4.6140004389205,-15.3202807694668,0.60166937473069));
#9470=CARTESIAN_POINT('Ctrl Pts',(4.6123682043902,-15.320772158972,0.599999999999998));
#9471=CARTESIAN_POINT('Ctrl Pts',(4.14110472164032,-15.4548132206251,0.4));
#9472=CARTESIAN_POINT('Ctrl Pts',(4.0561944415574,-15.4775648616024,0.4));
#9473=CARTESIAN_POINT('Ctrl Pts',(3.9654251073984,-15.5010593704935,0.41757024823764));
#9474=CARTESIAN_POINT('Ctrl Pts',(3.80035471305814,-15.54234039855,0.488045231262787));
#9475=CARTESIAN_POINT('Ctrl Pts',(3.72564945139115,-15.5603115856872,0.539944402774923));
#9476=CARTESIAN_POINT('Ctrl Pts',(3.66595804287643,-15.5743619974582,0.599999999999997));
#9477=CARTESIAN_POINT('Origin',(2.48051515327932,-11.1892602335611,1.1));
#9478=CARTESIAN_POINT('',(2.20875515592168,-10.1750381159576,1.2));
#9479=CARTESIAN_POINT('',(2.64835799438747,-11.8156582442634,1.2));
#9480=CARTESIAN_POINT('',(0.983220489784198,-5.60128047549552,1.2));
#9481=CARTESIAN_POINT('',(2.59698372357546,-11.6239268553912,1.6));
#9482=CARTESIAN_POINT('',(2.20875515592168,-10.1750381159576,1.2));
#9483=CARTESIAN_POINT('',(2.59698372357546,-11.6239268553912,1.6));
#9484=CARTESIAN_POINT('',(2.64835799438747,-11.8156582442634,0.849999999999996));
#9485=CARTESIAN_POINT('Origin',(3.07994663671999,-11.4945173328399,1.6));
#9486=CARTESIAN_POINT('',(3.56290954986453,-11.3651078102887,1.6));
#9487=CARTESIAN_POINT('',(3.07994663671999,-11.4945173328399,1.6));
#9488=CARTESIAN_POINT('',(3.56290954986453,-11.3651078102887,1.6));
#9489=CARTESIAN_POINT('Origin',(2.69171806906621,-10.0456285934063,1.2));
#9490=CARTESIAN_POINT('',(2.58020680837105,-10.0755079456566,1.2));
#9491=CARTESIAN_POINT('',(2.70727369934939,-10.0414604748342,1.2));
#9492=CARTESIAN_POINT('',(3.17468098221075,-9.91621907085505,1.2));
#9493=CARTESIAN_POINT('',(2.69171806906621,-10.0456285934063,1.2));
#9494=CARTESIAN_POINT('',(3.17468098221075,-9.91621907085505,1.2));
#9495=CARTESIAN_POINT('Origin',(2.69171806906621,-10.0456285934063,0.6));
#9496=CARTESIAN_POINT('',(2.58020680837105,-10.0755079456566,0.6));
#9497=CARTESIAN_POINT('',(3.17468098221075,-9.91621907085505,0.599999999999999));
#9498=CARTESIAN_POINT('Origin',(3.44644097956839,-10.9304411884586,1.1));
#9499=CARTESIAN_POINT('Origin',(0.,0.124445042265593,1.2));
#9500=CARTESIAN_POINT('',(1.44459149097725,-10.234802449491,1.2));
#9501=CARTESIAN_POINT('',(2.70802838292614,-11.8940208496611,1.2));
#9502=CARTESIAN_POINT('',(1.24475181220294,-9.53359077246403,1.2));
#9503=CARTESIAN_POINT('Origin',(2.24019180758546,-9.62898058110645,1.2));
#9504=CARTESIAN_POINT('',(1.34304773216676,-8.50782406313241,1.2));
#9505=CARTESIAN_POINT('',(1.24475181220293,-9.53359077246403,1.2));
#9506=CARTESIAN_POINT('',(1.11789805982231,-7.85394193560453,1.2));
#9507=CARTESIAN_POINT('',(1.34304773216676,-8.50782406313241,1.2));
#9508=CARTESIAN_POINT('',(2.04782369153556,-5.94731184051982,1.2));
#9509=CARTESIAN_POINT('Origin',(2.53617592322129,-7.3655897039188,1.2));
#9510=CARTESIAN_POINT('',(-0.983972785103072,-6.21255966234354,1.2));
#9511=CARTESIAN_POINT('Origin',(0.,0.,1.2));
#9512=CARTESIAN_POINT('',(-1.37505894770365,-8.68178051383138,1.2));
#9513=CARTESIAN_POINT('Origin',(-1.17951586640336,-7.44717008808746,1.2));
#9514=CARTESIAN_POINT('',(7.6879072257554,-4.26147656196536,1.2));
#9515=CARTESIAN_POINT('Origin',(0.,0.,1.2));
#9516=CARTESIAN_POINT('',(9.91818747896076,-5.49774109359346,1.2));
#9517=CARTESIAN_POINT('Origin',(8.80304735235808,-4.87960882777941,1.2));
#9518=CARTESIAN_POINT('',(5.0128179343767,10.171885585121,1.2));
#9519=CARTESIAN_POINT('Origin',(0.,0.,1.2));
#9520=CARTESIAN_POINT('',(4.4961462540464,10.3150783971335,1.2));
#9521=CARTESIAN_POINT('Origin',(4.3771630308634,8.88203045078275,1.2));
#9522=CARTESIAN_POINT('',(3.85466200924944,10.457179629061,1.2));
#9523=CARTESIAN_POINT('Origin',(4.69787284717859,12.7446972314443,1.2));
#9524=CARTESIAN_POINT('',(1.89035459151773,10.9835142153287,1.2));
#9525=CARTESIAN_POINT('Origin',(0.,0.,1.2));
#9526=CARTESIAN_POINT('',(1.26376232343233,11.1811930609689,1.2));
#9527=CARTESIAN_POINT('Origin',(2.30387138631637,13.3861679895613,1.2));
#9528=CARTESIAN_POINT('',(0.744715116844016,11.3155202882918,1.2));
#9529=CARTESIAN_POINT('Origin',(0.650280844157581,9.88064552299651,1.2));
#9530=CARTESIAN_POINT('',(-11.3155202882918,-0.744715116844014,1.2));
#9531=CARTESIAN_POINT('Origin',(0.,0.,1.2));
#9532=CARTESIAN_POINT('',(-11.1811930609689,-1.26376232343233,1.2));
#9533=CARTESIAN_POINT('Origin',(-9.88064552299651,-0.650280844157579,1.2));
#9534=CARTESIAN_POINT('',(-10.9835142153287,-1.89035459151773,1.2));
#9535=CARTESIAN_POINT('Origin',(-13.3861679895613,-2.30387138631636,1.2));
#9536=CARTESIAN_POINT('',(-10.457179629061,-3.85466200924944,1.2));
#9537=CARTESIAN_POINT('Origin',(0.,0.,1.2));
#9538=CARTESIAN_POINT('',(-10.3150783971335,-4.4961462540464,1.2));
#9539=CARTESIAN_POINT('Origin',(-12.7446972314443,-4.69787284717859,1.2));
#9540=CARTESIAN_POINT('',(-10.171885585121,-5.0128179343767,1.2));
#9541=CARTESIAN_POINT('Origin',(-8.88203045078275,-4.3771630308634,1.2));
#9542=CARTESIAN_POINT('',(-3.41511655305189,-10.813536837181,1.2));
#9543=CARTESIAN_POINT('Origin',(0.,0.,1.2));
#9544=CARTESIAN_POINT('',(-3.67416710391864,-11.7803266547444,1.2));
#9545=CARTESIAN_POINT('',(-1.94914631607327,-5.342461430393,1.2));
#9546=CARTESIAN_POINT('',(-11.0688772592939,-5.45486537127059,1.2));
#9547=CARTESIAN_POINT('Origin',(0.,0.,1.2));
#9548=CARTESIAN_POINT('',(-11.3116492850935,-4.57888962399559,1.2));
#9549=CARTESIAN_POINT('Origin',(-8.88203045078275,-4.3771630308634,1.2));
#9550=CARTESIAN_POINT('',(-11.395464028259,-4.20052670276667,1.2));
#9551=CARTESIAN_POINT('Origin',(-12.7446972314443,-4.69787284717859,1.2));
#9552=CARTESIAN_POINT('',(-11.9690246877674,-2.05996918025867,1.2));
#9553=CARTESIAN_POINT('Origin',(0.,0.,1.2));
#9554=CARTESIAN_POINT('',(-12.0856204515889,-1.69038990704161,1.2));
#9555=CARTESIAN_POINT('Origin',(-13.3861679895613,-2.30387138631636,1.2));
#9556=CARTESIAN_POINT('',(-12.3133615835557,-0.810386643902572,1.2));
#9557=CARTESIAN_POINT('Origin',(-9.88064552299651,-0.650280844157579,1.2));
#9558=CARTESIAN_POINT('',(0.81038664390257,12.3133615835557,1.2));
#9559=CARTESIAN_POINT('Origin',(0.,0.,1.2));
#9560=CARTESIAN_POINT('',(1.69038990704161,12.0856204515889,1.2));
#9561=CARTESIAN_POINT('Origin',(0.650280844157581,9.88064552299651,1.2));
#9562=CARTESIAN_POINT('',(2.05996918025868,11.9690246877674,1.2));
#9563=CARTESIAN_POINT('Origin',(2.30387138631637,13.3861679895613,1.2));
#9564=CARTESIAN_POINT('',(4.20052670276666,11.395464028259,1.2));
#9565=CARTESIAN_POINT('Origin',(0.,0.,1.2));
#9566=CARTESIAN_POINT('',(4.57888962399559,11.3116492850935,1.2));
#9567=CARTESIAN_POINT('Origin',(4.69787284717859,12.7446972314443,1.2));
#9568=CARTESIAN_POINT('',(5.45486537127059,11.0688772592939,1.2));
#9569=CARTESIAN_POINT('Origin',(4.3771630308634,8.88203045078275,1.2));
#9570=CARTESIAN_POINT('',(10.7928071628574,-5.98255075577085,1.2));
#9571=CARTESIAN_POINT('Origin',(0.,0.,1.2));
#9572=CARTESIAN_POINT('',(6.813287518616,-3.77666694171903,1.2));
#9573=CARTESIAN_POINT('Origin',(8.80304735235808,-4.87960882777941,1.2));
#9574=CARTESIAN_POINT('',(-1.21862448266342,-7.69409217323625,1.2));
#9575=CARTESIAN_POINT('Origin',(0.,0.,1.2));
#9576=CARTESIAN_POINT('',(-1.1404072501433,-7.20024800293868,1.2));
#9577=CARTESIAN_POINT('Origin',(-1.17951586640336,-7.44717008808746,1.2));
#9578=CARTESIAN_POINT('',(2.37339184599271,-6.89283041611914,1.2));
#9579=CARTESIAN_POINT('Origin',(0.,0.,1.2));
#9580=CARTESIAN_POINT('',(2.06341663542163,-7.52837378114738,1.2));
#9581=CARTESIAN_POINT('Origin',(2.53617592322129,-7.3655897039188,1.2));
#9582=CARTESIAN_POINT('',(2.28856630776607,-8.18225590867526,1.2));
#9583=CARTESIAN_POINT('',(2.06341663542163,-7.52837378114738,1.2));
#9584=CARTESIAN_POINT('',(2.33848772754928,-8.60321387177483,1.2));
#9585=CARTESIAN_POINT('Origin',(1.34304773216676,-8.50782406313241,1.2));
#9586=CARTESIAN_POINT('',(2.24019180758546,-9.62898058110645,1.2));
#9587=CARTESIAN_POINT('',(2.33848772754928,-8.60321387177483,1.2));
#9588=CARTESIAN_POINT('',(2.24019180758546,-9.62898058110645,1.2));
#9589=CARTESIAN_POINT('Origin',(1.44459149097725,-10.234802449491,0.6));
#9590=CARTESIAN_POINT('',(1.44459149097725,-10.234802449491,0.6));
#9591=CARTESIAN_POINT('Origin',(-4.14110472164033,-15.4548132206251,1.1));
#9592=CARTESIAN_POINT('',(-3.71820097692604,-11.9446633060621,1.1));
#9593=CARTESIAN_POINT('Origin',(-3.23523806378151,-12.0740728286134,1.1));
#9594=CARTESIAN_POINT('',(-3.2352380637815,-12.0740728286134,1.6));
#9595=CARTESIAN_POINT('Origin',(-3.23523806378151,-12.0740728286134,1.1));
#9596=CARTESIAN_POINT('',(-2.75227515063697,-12.2034823511646,1.1));
#9597=CARTESIAN_POINT('Origin',(-3.23523806378151,-12.0740728286134,1.1));
#9598=CARTESIAN_POINT('Origin',(-3.23523806378151,-12.0740728286134,1.1));
#9599=CARTESIAN_POINT('',(-4.03757710359932,-15.0684428901095,0.6));
#9600=CARTESIAN_POINT('',(-4.14110472164033,-15.4548132206251,0.6));
#9601=CARTESIAN_POINT('Origin',(-4.03757710359932,-15.0684428901095,1.1));
#9602=CARTESIAN_POINT('Origin',(-4.03757710359932,-15.0684428901095,1.1));
#9603=CARTESIAN_POINT('',(-4.03757710359932,-15.0684428901095,0.4));
#9604=CARTESIAN_POINT('Origin',(-4.03757710359932,-15.0684428901095,1.1));
#9605=CARTESIAN_POINT('Origin',(-3.23523806378151,-12.0740728286134,1.6));
#9606=CARTESIAN_POINT('',(-2.75227515063698,-12.2034823511646,1.6));
#9607=CARTESIAN_POINT('Origin',(-3.23523806378151,-12.0740728286134,1.6));
#9608=CARTESIAN_POINT('',(-2.75227515063697,-12.2034823511646,1.6));
#9609=CARTESIAN_POINT('',(-3.23523806378151,-12.0740728286134,1.6));
#9610=CARTESIAN_POINT('',(-2.75227515063698,-12.2034823511646,1.6));
#9611=CARTESIAN_POINT('Origin',(-3.23523806378151,-12.0740728286134,1.6));
#9612=CARTESIAN_POINT('',(-3.71820097692604,-11.9446633060621,1.6));
#9613=CARTESIAN_POINT('',(-3.71820097692604,-11.9446633060621,1.6));
#9614=CARTESIAN_POINT('',(-3.23523806378151,-12.0740728286134,1.6));
#9615=CARTESIAN_POINT('Origin',(-3.23523806378151,-12.0740728286134,1.6));
#9616=CARTESIAN_POINT('',(-3.71820097692604,-11.9446633060621,1.6));
#9617=CARTESIAN_POINT('Origin',(-4.14110472164033,-15.4548132206251,1.1));
#9618=CARTESIAN_POINT('',(-4.14110472164033,-15.4548132206251,0.4));
#9619=CARTESIAN_POINT('',(-4.14110472164033,-15.4548132206251,0.4));
#9620=CARTESIAN_POINT('',(-3.66595804287643,-15.5743619974582,0.6));
#9621=CARTESIAN_POINT('Ctrl Pts',(-3.66595804287643,-15.5743619974582,0.600000000000001));
#9622=CARTESIAN_POINT('Ctrl Pts',(-3.72564945139115,-15.5603115856872,0.539944402774926));
#9623=CARTESIAN_POINT('Ctrl Pts',(-3.80035471305815,-15.54234039855,0.488045231262788));
#9624=CARTESIAN_POINT('Ctrl Pts',(-3.9654251073984,-15.5010593704935,0.41757024823764));
#9625=CARTESIAN_POINT('Ctrl Pts',(-4.05619444155741,-15.4775648616024,0.4));
#9626=CARTESIAN_POINT('Ctrl Pts',(-4.14110472164033,-15.4548132206251,0.4));
#9627=CARTESIAN_POINT('',(-4.61236820439021,-15.320772158972,0.6));
#9628=CARTESIAN_POINT('Ctrl Pts',(-4.61236820439021,-15.320772158972,0.599999999999998));
#9629=CARTESIAN_POINT('Ctrl Pts',(-4.61400043892052,-15.3202807694668,0.601669374730703));
#9630=CARTESIAN_POINT('Ctrl Pts',(-4.6156215863396,-15.3197924332929,0.603344552207894));
#9631=CARTESIAN_POINT('Ctrl Pts',(-4.67676001246623,-15.3013653421155,0.667169019124809));
#9632=CARTESIAN_POINT('Ctrl Pts',(-4.72826438143237,-15.285443859526,0.745874917530574));
#9633=CARTESIAN_POINT('Ctrl Pts',(-4.79652316240339,-15.2641620666523,0.918337132256103));
#9634=CARTESIAN_POINT('Ctrl Pts',(-4.81328773516027,-15.2588420654569,1.012094398679));
#9635=CARTESIAN_POINT('Ctrl Pts',(-4.81328773516027,-15.2588420654569,1.187905601321));
#9636=CARTESIAN_POINT('Ctrl Pts',(-4.79652316240339,-15.2641620666523,1.2816628677439));
#9637=CARTESIAN_POINT('Ctrl Pts',(-4.72826438143237,-15.285443859526,1.45412508246943));
#9638=CARTESIAN_POINT('Ctrl Pts',(-4.67676001246623,-15.3013653421155,1.53283098087519));
#9639=CARTESIAN_POINT('Ctrl Pts',(-4.55770310553007,-15.3372490345558,1.65711850509506));
#9640=CARTESIAN_POINT('Ctrl Pts',(-4.48220905278943,-15.3595976476297,1.71098869379932));
#9641=CARTESIAN_POINT('Ctrl Pts',(-4.3163708054351,-15.4070237541174,1.78242975176236));
#9642=CARTESIAN_POINT('Ctrl Pts',(-4.22601500172325,-15.4320615796478,1.8));
#9643=CARTESIAN_POINT('Ctrl Pts',(-4.05619444155741,-15.4775648616024,1.8));
#9644=CARTESIAN_POINT('Ctrl Pts',(-3.9654251073984,-15.5010593704935,1.78242975176236));
#9645=CARTESIAN_POINT('Ctrl Pts',(-3.79809191902663,-15.5429062811498,1.71098869379932));
#9646=CARTESIAN_POINT('Ctrl Pts',(-3.7215378449816,-15.5612988408587,1.65711850509506));
#9647=CARTESIAN_POINT('Ctrl Pts',(-3.60048969285877,-15.5897511050919,1.53283098087519));
#9648=CARTESIAN_POINT('Ctrl Pts',(-3.54792485963345,-15.6017148811866,1.45412508246943));
#9649=CARTESIAN_POINT('Ctrl Pts',(-3.47817012484435,-15.6174136984054,1.2816628677439));
#9650=CARTESIAN_POINT('Ctrl Pts',(-3.46099157835557,-15.6211887286004,1.187905601321));
#9651=CARTESIAN_POINT('Ctrl Pts',(-3.46099157835557,-15.6211887286004,1.1));
#9652=CARTESIAN_POINT('Ctrl Pts',(-3.46099157835557,-15.6211887286004,1.012094398679));
#9653=CARTESIAN_POINT('Ctrl Pts',(-3.47817012484435,-15.6174136984054,0.918337132256104));
#9654=CARTESIAN_POINT('Ctrl Pts',(-3.54792485963345,-15.6017148811866,0.745874917530574));
#9655=CARTESIAN_POINT('Ctrl Pts',(-3.60048969285877,-15.5897511050919,0.667169019124809));
#9656=CARTESIAN_POINT('Ctrl Pts',(-3.66265066862052,-15.5751402211061,0.603344552207881));
#9657=CARTESIAN_POINT('Ctrl Pts',(-3.66429879155569,-15.5747525589287,0.601669374730692));
#9658=CARTESIAN_POINT('Ctrl Pts',(-3.66595804287643,-15.5743619974582,0.600000000000001));
#9659=CARTESIAN_POINT('Ctrl Pts',(-4.14110472164033,-15.4548132206251,0.4));
#9660=CARTESIAN_POINT('Ctrl Pts',(-4.22601500172325,-15.4320615796478,0.4));
#9661=CARTESIAN_POINT('Ctrl Pts',(-4.3163708054351,-15.4070237541174,0.41757024823764));
#9662=CARTESIAN_POINT('Ctrl Pts',(-4.4799664743747,-15.3602389759385,0.488045231262788));
#9663=CARTESIAN_POINT('Ctrl Pts',(-4.55364872234328,-15.338449849702,0.539944402774925));
#9664=CARTESIAN_POINT('Ctrl Pts',(-4.61236820439021,-15.320772158972,0.599999999999999));
#9665=CARTESIAN_POINT('Origin',(0.,0.,0.));
#9666=CARTESIAN_POINT('',(-16.,-1.95943487863577E-15,2.));
#9667=CARTESIAN_POINT('Origin',(0.,0.,2.));
#9668=CARTESIAN_POINT('',(-16.,-1.95943487863577E-15,0.));
#9669=CARTESIAN_POINT('Origin',(-3.44644097956839,-10.9304411884586,1.1));
#9670=CARTESIAN_POINT('',(-3.41511655305189,-10.813536837181,0.6));
#9671=CARTESIAN_POINT('',(-3.17468098221075,-9.91621907085505,1.2));
#9672=CARTESIAN_POINT('',(-3.17468098221075,-9.91621907085505,0.600000000000003));
#9673=CARTESIAN_POINT('',(-3.56290954986453,-11.3651078102887,1.6));
#9674=CARTESIAN_POINT('',(-3.17468098221075,-9.91621907085505,1.2));
#9675=CARTESIAN_POINT('',(-3.56290954986453,-11.3651078102887,1.6));
#9676=CARTESIAN_POINT('',(-3.67416710391864,-11.7803266547444,0.6));
#9677=CARTESIAN_POINT('Origin',(-3.07994663672,-11.4945173328399,1.6));
#9678=CARTESIAN_POINT('',(-2.59698372357546,-11.6239268553912,1.6));
#9679=CARTESIAN_POINT('',(-3.07994663672,-11.4945173328399,1.6));
#9680=CARTESIAN_POINT('',(-2.59698372357546,-11.6239268553912,1.6));
#9681=CARTESIAN_POINT('Origin',(-2.69171806906622,-10.0456285934063,1.2));
#9682=CARTESIAN_POINT('',(-2.20875515592168,-10.1750381159576,1.2));
#9683=CARTESIAN_POINT('',(-2.69171806906622,-10.0456285934063,1.2));
#9684=CARTESIAN_POINT('',(-2.20875515592168,-10.1750381159576,1.2));
#9685=CARTESIAN_POINT('Origin',(-2.69171806906622,-10.0456285934063,0.6));
#9686=CARTESIAN_POINT('',(-2.20875515592168,-10.1750381159576,0.599999999999997));
#9687=CARTESIAN_POINT('Origin',(-2.48051515327932,-11.1892602335611,1.1));
#9688=CARTESIAN_POINT('Origin',(0.,0.,0.6));
#9689=CARTESIAN_POINT('',(-11.0688772592939,-5.45486537127059,0.6));
#9690=CARTESIAN_POINT('Origin',(0.,0.,2.));
#9691=CARTESIAN_POINT('Origin',(-12.7446972314443,-4.69787284717859,0.6));
#9692=CARTESIAN_POINT('',(-11.395464028259,-4.20052670276667,0.6));
#9693=CARTESIAN_POINT('',(-11.3116492850935,-4.57888962399559,0.6));
#9694=CARTESIAN_POINT('Origin',(0.,0.,0.6));
#9695=CARTESIAN_POINT('',(-11.9690246877674,-2.05996918025867,0.6));
#9696=CARTESIAN_POINT('Origin',(-13.3861679895613,-2.30387138631636,0.6));
#9697=CARTESIAN_POINT('',(-12.0856204515889,-1.69038990704161,0.6));
#9698=CARTESIAN_POINT('Origin',(-9.88064552299651,-0.650280844157579,0.6));
#9699=CARTESIAN_POINT('',(-12.3133615835557,-0.810386643902572,0.6));
#9700=CARTESIAN_POINT('Origin',(0.,0.,0.6));
#9701=CARTESIAN_POINT('',(0.81038664390257,12.3133615835557,0.6));
#9702=CARTESIAN_POINT('Origin',(0.650280844157581,9.88064552299651,0.6));
#9703=CARTESIAN_POINT('',(1.69038990704162,12.0856204515889,0.6));
#9704=CARTESIAN_POINT('Origin',(2.30387138631637,13.3861679895613,0.6));
#9705=CARTESIAN_POINT('',(2.05996918025868,11.9690246877674,0.6));
#9706=CARTESIAN_POINT('Origin',(0.,0.,0.6));
#9707=CARTESIAN_POINT('',(4.20052670276666,11.395464028259,0.6));
#9708=CARTESIAN_POINT('Origin',(4.69787284717859,12.7446972314443,0.6));
#9709=CARTESIAN_POINT('',(4.57888962399559,11.3116492850935,0.6));
#9710=CARTESIAN_POINT('Origin',(4.3771630308634,8.88203045078275,0.6));
#9711=CARTESIAN_POINT('',(5.45486537127059,11.0688772592939,0.6));
#9712=CARTESIAN_POINT('Origin',(0.,0.,0.6));
#9713=CARTESIAN_POINT('',(10.7928071628574,-5.98255075577085,0.6));
#9714=CARTESIAN_POINT('Origin',(8.80304735235808,-4.87960882777941,0.6));
#9715=CARTESIAN_POINT('',(6.813287518616,-3.77666694171903,0.6));
#9716=CARTESIAN_POINT('Origin',(0.,0.,0.6));
#9717=CARTESIAN_POINT('',(-1.21862448266342,-7.69409217323625,0.6));
#9718=CARTESIAN_POINT('Origin',(-1.17951586640336,-7.44717008808746,0.6));
#9719=CARTESIAN_POINT('',(-1.1404072501433,-7.20024800293868,0.6));
#9720=CARTESIAN_POINT('Origin',(0.,0.,0.6));
#9721=CARTESIAN_POINT('',(2.37339184599271,-6.89283041611914,0.6));
#9722=CARTESIAN_POINT('Origin',(2.53617592322129,-7.3655897039188,0.6));
#9723=CARTESIAN_POINT('',(2.06341663542163,-7.52837378114738,0.6));
#9724=CARTESIAN_POINT('Origin',(2.28856630776607,-8.18225590867526,0.6));
#9725=CARTESIAN_POINT('',(2.28856630776607,-8.18225590867526,0.6));
#9726=CARTESIAN_POINT('Origin',(1.34304773216676,-8.50782406313241,0.6));
#9727=CARTESIAN_POINT('',(2.33848772754928,-8.60321387177483,0.6));
#9728=CARTESIAN_POINT('Origin',(2.24019180758546,-9.62898058110645,0.6));
#9729=CARTESIAN_POINT('',(2.24019180758546,-9.62898058110645,0.6));
#9730=CARTESIAN_POINT('Origin',(3.50362869953435,-11.2881989812766,0.6));
#9731=CARTESIAN_POINT('Origin',(2.24019180758546,-9.62898058110645,0.6));
#9732=CARTESIAN_POINT('',(1.24475181220293,-9.53359077246403,0.6));
#9733=CARTESIAN_POINT('Origin',(1.34304773216676,-8.50782406313241,0.6));
#9734=CARTESIAN_POINT('',(1.34304773216676,-8.50782406313241,0.6));
#9735=CARTESIAN_POINT('Origin',(1.11789805982231,-7.85394193560453,0.6));
#9736=CARTESIAN_POINT('',(1.11789805982231,-7.85394193560453,0.6));
#9737=CARTESIAN_POINT('Origin',(2.53617592322129,-7.3655897039188,0.6));
#9738=CARTESIAN_POINT('',(2.04782369153555,-5.94731184051982,0.6));
#9739=CARTESIAN_POINT('Origin',(0.,0.,0.6));
#9740=CARTESIAN_POINT('',(-0.983972785103072,-6.21255966234354,0.6));
#9741=CARTESIAN_POINT('Origin',(-1.17951586640336,-7.44717008808746,0.6));
#9742=CARTESIAN_POINT('',(-1.37505894770365,-8.68178051383138,0.6));
#9743=CARTESIAN_POINT('Origin',(0.,0.,0.6));
#9744=CARTESIAN_POINT('',(7.6879072257554,-4.26147656196536,0.6));
#9745=CARTESIAN_POINT('Origin',(8.80304735235808,-4.87960882777941,0.6));
#9746=CARTESIAN_POINT('',(9.91818747896076,-5.49774109359346,0.6));
#9747=CARTESIAN_POINT('Origin',(0.,0.,0.6));
#9748=CARTESIAN_POINT('',(5.0128179343767,10.171885585121,0.6));
#9749=CARTESIAN_POINT('Origin',(4.3771630308634,8.88203045078275,0.6));
#9750=CARTESIAN_POINT('',(4.4961462540464,10.3150783971335,0.6));
#9751=CARTESIAN_POINT('Origin',(4.69787284717859,12.7446972314443,0.6));
#9752=CARTESIAN_POINT('',(3.85466200924944,10.457179629061,0.6));
#9753=CARTESIAN_POINT('Origin',(0.,0.,0.6));
#9754=CARTESIAN_POINT('',(1.89035459151773,10.9835142153287,0.6));
#9755=CARTESIAN_POINT('Origin',(2.30387138631637,13.3861679895613,0.6));
#9756=CARTESIAN_POINT('',(1.26376232343233,11.1811930609689,0.6));
#9757=CARTESIAN_POINT('Origin',(0.650280844157581,9.88064552299651,0.6));
#9758=CARTESIAN_POINT('',(0.744715116844016,11.3155202882918,0.6));
#9759=CARTESIAN_POINT('Origin',(0.,0.,0.6));
#9760=CARTESIAN_POINT('',(-11.3155202882918,-0.744715116844014,0.6));
#9761=CARTESIAN_POINT('Origin',(-9.88064552299651,-0.650280844157579,0.6));
#9762=CARTESIAN_POINT('',(-11.1811930609689,-1.26376232343233,0.6));
#9763=CARTESIAN_POINT('Origin',(-13.3861679895613,-2.30387138631636,0.6));
#9764=CARTESIAN_POINT('',(-10.9835142153287,-1.89035459151773,0.6));
#9765=CARTESIAN_POINT('Origin',(0.,0.,0.6));
#9766=CARTESIAN_POINT('',(-10.457179629061,-3.85466200924944,0.6));
#9767=CARTESIAN_POINT('Origin',(-12.7446972314443,-4.69787284717859,0.6));
#9768=CARTESIAN_POINT('',(-10.3150783971335,-4.4961462540464,0.6));
#9769=CARTESIAN_POINT('Origin',(-8.88203045078275,-4.3771630308634,0.6));
#9770=CARTESIAN_POINT('',(-10.171885585121,-5.0128179343767,0.6));
#9771=CARTESIAN_POINT('Origin',(0.,0.,0.6));
#9772=CARTESIAN_POINT('Origin',(-8.88203045078275,-4.3771630308634,0.6));
#9773=UNCERTAINTY_MEASURE_WITH_UNIT(LENGTH_MEASURE(0.001),#9777,
'DISTANCE_ACCURACY_VALUE',
'Maximum model space distance between geometric entities at asserted c
onnectivities');
#9774=UNCERTAINTY_MEASURE_WITH_UNIT(LENGTH_MEASURE(0.001),#9777,
'DISTANCE_ACCURACY_VALUE',
'Maximum model space distance between geometric entities at asserted c
onnectivities');
#9775=(
GEOMETRIC_REPRESENTATION_CONTEXT(3)
GLOBAL_UNCERTAINTY_ASSIGNED_CONTEXT((#9773))
GLOBAL_UNIT_ASSIGNED_CONTEXT((#9777,#9779,#9780))
REPRESENTATION_CONTEXT('','3D')
);
#9776=(
GEOMETRIC_REPRESENTATION_CONTEXT(3)
GLOBAL_UNCERTAINTY_ASSIGNED_CONTEXT((#9774))
GLOBAL_UNIT_ASSIGNED_CONTEXT((#9777,#9779,#9780))
REPRESENTATION_CONTEXT('','3D')
);
#9777=(
LENGTH_UNIT()
NAMED_UNIT(*)
SI_UNIT(.CENTI.,.METRE.)
);
#9778=(
LENGTH_UNIT()
NAMED_UNIT(*)
SI_UNIT($,.METRE.)
);
#9779=(
NAMED_UNIT(*)
PLANE_ANGLE_UNIT()
SI_UNIT($,.RADIAN.)
);
#9780=(
NAMED_UNIT(*)
SI_UNIT($,.STERADIAN.)
SOLID_ANGLE_UNIT()
);
#9781=SHAPE_DEFINITION_REPRESENTATION(#9782,#9783);
#9782=PRODUCT_DEFINITION_SHAPE('',$,#9785);
#9783=SHAPE_REPRESENTATION('',(#5441),#9775);
#9784=PRODUCT_DEFINITION_CONTEXT('part definition',#9789,'design');
#9785=PRODUCT_DEFINITION('SEWCP-200_COOLING_PLATE',
'SEWCP-200_COOLING_PLATE v2',#9786,#9784);
#9786=PRODUCT_DEFINITION_FORMATION('',$,#9791);
#9787=PRODUCT_RELATED_PRODUCT_CATEGORY('SEWCP-200_COOLING_PLATE v2',
'SEWCP-200_COOLING_PLATE v2',(#9791));
#9788=APPLICATION_PROTOCOL_DEFINITION('international standard',
'automotive_design',2009,#9789);
#9789=APPLICATION_CONTEXT(
'Core Data for Automotive Mechanical Design Process');
#9790=PRODUCT_CONTEXT('part definition',#9789,'mechanical');
#9791=PRODUCT('SEWCP-200_COOLING_PLATE','SEWCP-200_COOLING_PLATE v2',$,
(#9790));
#9792=PRESENTATION_STYLE_ASSIGNMENT((#9794));
#9793=PRESENTATION_STYLE_ASSIGNMENT((#9795));
#9794=SURFACE_STYLE_USAGE(.BOTH.,#9796);
#9795=SURFACE_STYLE_USAGE(.BOTH.,#9797);
#9796=SURFACE_SIDE_STYLE('',(#9798));
#9797=SURFACE_SIDE_STYLE('',(#9799));
#9798=SURFACE_STYLE_FILL_AREA(#9800);
#9799=SURFACE_STYLE_FILL_AREA(#9801);
#9800=FILL_AREA_STYLE('Steel - Satin',(#9802));
#9801=FILL_AREA_STYLE('Aluminum - Satin',(#9803));
#9802=FILL_AREA_STYLE_COLOUR('Steel - Satin',#9804);
#9803=FILL_AREA_STYLE_COLOUR('Aluminum - Satin',#9805);
#9804=COLOUR_RGB('Steel - Satin',0.627450980392157,0.627450980392157,0.627450980392157);
#9805=COLOUR_RGB('Aluminum - Satin',0.96078431372549,0.96078431372549,0.964705882352941);
ENDSEC;
END-ISO-10303-21;
