ISO-10303-21;
HEADER;
/* Generated by software containing ST-Developer
 * from STEP Tools, Inc. (www.steptools.com) 
 */

FILE_DESCRIPTION(
/* description */ (''),
/* implementation_level */ '2;1');

FILE_NAME(
/* name */ 'SEWCP-901_RF_STRAP.step',
/* time_stamp */ '2026-08-11T22:43:37+05:30',
/* author */ (''),
/* organization */ (''),
/* preprocessor_version */ 'ST-DEVELOPER v20.1',
/* originating_system */ 'Autodesk Translation Framework v15.8.0.0',
/* authorisation */ '');

FILE_SCHEMA (('AUTOMOTIVE_DESIGN { 1 0 10303 214 3 1 1 }'));
ENDSEC;

DATA;
#10=MECHANICAL_DESIGN_GEOMETRIC_PRESENTATION_REPRESENTATION('',(#13),#4885);
#11=SHAPE_REPRESENTATION_RELATIONSHIP('SRR','None',#4892,#12);
#12=ADVANCED_BREP_SHAPE_REPRESENTATION('',(#14),#4884);
#13=STYLED_ITEM('',(#4901),#14);
#14=MANIFOLD_SOLID_BREP('RS_BODY',#3089);
#15=FACE_BOUND('',#248,.T.);
#16=FACE_BOUND('',#249,.T.);
#17=FACE_BOUND('',#253,.T.);
#18=FACE_BOUND('',#254,.T.);
#19=CYLINDRICAL_SURFACE('',#3106,0.33);
#20=CYLINDRICAL_SURFACE('',#3110,0.33);
#21=CYLINDRICAL_SURFACE('',#3114,0.33);
#22=CYLINDRICAL_SURFACE('',#3118,0.33);
#23=FACE_OUTER_BOUND('',#171,.T.);
#24=FACE_OUTER_BOUND('',#172,.T.);
#25=FACE_OUTER_BOUND('',#173,.T.);
#26=FACE_OUTER_BOUND('',#174,.T.);
#27=FACE_OUTER_BOUND('',#175,.T.);
#28=FACE_OUTER_BOUND('',#176,.T.);
#29=FACE_OUTER_BOUND('',#177,.T.);
#30=FACE_OUTER_BOUND('',#178,.T.);
#31=FACE_OUTER_BOUND('',#179,.T.);
#32=FACE_OUTER_BOUND('',#180,.T.);
#33=FACE_OUTER_BOUND('',#181,.T.);
#34=FACE_OUTER_BOUND('',#182,.T.);
#35=FACE_OUTER_BOUND('',#183,.T.);
#36=FACE_OUTER_BOUND('',#184,.T.);
#37=FACE_OUTER_BOUND('',#185,.T.);
#38=FACE_OUTER_BOUND('',#186,.T.);
#39=FACE_OUTER_BOUND('',#187,.T.);
#40=FACE_OUTER_BOUND('',#188,.T.);
#41=FACE_OUTER_BOUND('',#189,.T.);
#42=FACE_OUTER_BOUND('',#190,.T.);
#43=FACE_OUTER_BOUND('',#191,.T.);
#44=FACE_OUTER_BOUND('',#192,.T.);
#45=FACE_OUTER_BOUND('',#193,.T.);
#46=FACE_OUTER_BOUND('',#194,.T.);
#47=FACE_OUTER_BOUND('',#195,.T.);
#48=FACE_OUTER_BOUND('',#196,.T.);
#49=FACE_OUTER_BOUND('',#197,.T.);
#50=FACE_OUTER_BOUND('',#198,.T.);
#51=FACE_OUTER_BOUND('',#199,.T.);
#52=FACE_OUTER_BOUND('',#200,.T.);
#53=FACE_OUTER_BOUND('',#201,.T.);
#54=FACE_OUTER_BOUND('',#202,.T.);
#55=FACE_OUTER_BOUND('',#203,.T.);
#56=FACE_OUTER_BOUND('',#204,.T.);
#57=FACE_OUTER_BOUND('',#205,.T.);
#58=FACE_OUTER_BOUND('',#206,.T.);
#59=FACE_OUTER_BOUND('',#207,.T.);
#60=FACE_OUTER_BOUND('',#208,.T.);
#61=FACE_OUTER_BOUND('',#209,.T.);
#62=FACE_OUTER_BOUND('',#210,.T.);
#63=FACE_OUTER_BOUND('',#211,.T.);
#64=FACE_OUTER_BOUND('',#212,.T.);
#65=FACE_OUTER_BOUND('',#213,.T.);
#66=FACE_OUTER_BOUND('',#214,.T.);
#67=FACE_OUTER_BOUND('',#215,.T.);
#68=FACE_OUTER_BOUND('',#216,.T.);
#69=FACE_OUTER_BOUND('',#217,.T.);
#70=FACE_OUTER_BOUND('',#218,.T.);
#71=FACE_OUTER_BOUND('',#219,.T.);
#72=FACE_OUTER_BOUND('',#220,.T.);
#73=FACE_OUTER_BOUND('',#221,.T.);
#74=FACE_OUTER_BOUND('',#222,.T.);
#75=FACE_OUTER_BOUND('',#223,.T.);
#76=FACE_OUTER_BOUND('',#224,.T.);
#77=FACE_OUTER_BOUND('',#225,.T.);
#78=FACE_OUTER_BOUND('',#226,.T.);
#79=FACE_OUTER_BOUND('',#227,.T.);
#80=FACE_OUTER_BOUND('',#228,.T.);
#81=FACE_OUTER_BOUND('',#229,.T.);
#82=FACE_OUTER_BOUND('',#230,.T.);
#83=FACE_OUTER_BOUND('',#231,.T.);
#84=FACE_OUTER_BOUND('',#232,.T.);
#85=FACE_OUTER_BOUND('',#233,.T.);
#86=FACE_OUTER_BOUND('',#234,.T.);
#87=FACE_OUTER_BOUND('',#235,.T.);
#88=FACE_OUTER_BOUND('',#236,.T.);
#89=FACE_OUTER_BOUND('',#237,.T.);
#90=FACE_OUTER_BOUND('',#238,.T.);
#91=FACE_OUTER_BOUND('',#239,.T.);
#92=FACE_OUTER_BOUND('',#240,.T.);
#93=FACE_OUTER_BOUND('',#241,.T.);
#94=FACE_OUTER_BOUND('',#242,.T.);
#95=FACE_OUTER_BOUND('',#243,.T.);
#96=FACE_OUTER_BOUND('',#244,.T.);
#97=FACE_OUTER_BOUND('',#245,.T.);
#98=FACE_OUTER_BOUND('',#246,.T.);
#99=FACE_OUTER_BOUND('',#247,.T.);
#100=FACE_OUTER_BOUND('',#250,.T.);
#101=FACE_OUTER_BOUND('',#251,.T.);
#102=FACE_OUTER_BOUND('',#252,.T.);
#103=FACE_OUTER_BOUND('',#255,.T.);
#104=FACE_OUTER_BOUND('',#256,.T.);
#105=FACE_OUTER_BOUND('',#257,.T.);
#106=FACE_OUTER_BOUND('',#258,.T.);
#107=FACE_OUTER_BOUND('',#259,.T.);
#108=FACE_OUTER_BOUND('',#260,.T.);
#109=FACE_OUTER_BOUND('',#261,.T.);
#110=FACE_OUTER_BOUND('',#262,.T.);
#111=FACE_OUTER_BOUND('',#263,.T.);
#112=FACE_OUTER_BOUND('',#264,.T.);
#113=FACE_OUTER_BOUND('',#265,.T.);
#114=FACE_OUTER_BOUND('',#266,.T.);
#115=FACE_OUTER_BOUND('',#267,.T.);
#116=FACE_OUTER_BOUND('',#268,.T.);
#117=FACE_OUTER_BOUND('',#269,.T.);
#118=FACE_OUTER_BOUND('',#270,.T.);
#119=FACE_OUTER_BOUND('',#271,.T.);
#120=FACE_OUTER_BOUND('',#272,.T.);
#121=FACE_OUTER_BOUND('',#273,.T.);
#122=FACE_OUTER_BOUND('',#274,.T.);
#123=FACE_OUTER_BOUND('',#275,.T.);
#124=FACE_OUTER_BOUND('',#276,.T.);
#125=FACE_OUTER_BOUND('',#277,.T.);
#126=FACE_OUTER_BOUND('',#278,.T.);
#127=FACE_OUTER_BOUND('',#279,.T.);
#128=FACE_OUTER_BOUND('',#280,.T.);
#129=FACE_OUTER_BOUND('',#281,.T.);
#130=FACE_OUTER_BOUND('',#282,.T.);
#131=FACE_OUTER_BOUND('',#283,.T.);
#132=FACE_OUTER_BOUND('',#284,.T.);
#133=FACE_OUTER_BOUND('',#285,.T.);
#134=FACE_OUTER_BOUND('',#286,.T.);
#135=FACE_OUTER_BOUND('',#287,.T.);
#136=FACE_OUTER_BOUND('',#288,.T.);
#137=FACE_OUTER_BOUND('',#289,.T.);
#138=FACE_OUTER_BOUND('',#290,.T.);
#139=FACE_OUTER_BOUND('',#291,.T.);
#140=FACE_OUTER_BOUND('',#292,.T.);
#141=FACE_OUTER_BOUND('',#293,.T.);
#142=FACE_OUTER_BOUND('',#294,.T.);
#143=FACE_OUTER_BOUND('',#295,.T.);
#144=FACE_OUTER_BOUND('',#296,.T.);
#145=FACE_OUTER_BOUND('',#297,.T.);
#146=FACE_OUTER_BOUND('',#298,.T.);
#147=FACE_OUTER_BOUND('',#299,.T.);
#148=FACE_OUTER_BOUND('',#300,.T.);
#149=FACE_OUTER_BOUND('',#301,.T.);
#150=FACE_OUTER_BOUND('',#302,.T.);
#151=FACE_OUTER_BOUND('',#303,.T.);
#152=FACE_OUTER_BOUND('',#304,.T.);
#153=FACE_OUTER_BOUND('',#305,.T.);
#154=FACE_OUTER_BOUND('',#306,.T.);
#155=FACE_OUTER_BOUND('',#307,.T.);
#156=FACE_OUTER_BOUND('',#308,.T.);
#157=FACE_OUTER_BOUND('',#309,.T.);
#158=FACE_OUTER_BOUND('',#310,.T.);
#159=FACE_OUTER_BOUND('',#311,.T.);
#160=FACE_OUTER_BOUND('',#312,.T.);
#161=FACE_OUTER_BOUND('',#313,.T.);
#162=FACE_OUTER_BOUND('',#314,.T.);
#163=FACE_OUTER_BOUND('',#315,.T.);
#164=FACE_OUTER_BOUND('',#316,.T.);
#165=FACE_OUTER_BOUND('',#317,.T.);
#166=FACE_OUTER_BOUND('',#318,.T.);
#167=FACE_OUTER_BOUND('',#319,.T.);
#168=FACE_OUTER_BOUND('',#320,.T.);
#169=FACE_OUTER_BOUND('',#321,.T.);
#170=FACE_OUTER_BOUND('',#322,.T.);
#171=EDGE_LOOP('',(#1921,#1922,#1923,#1924));
#172=EDGE_LOOP('',(#1925,#1926,#1927,#1928));
#173=EDGE_LOOP('',(#1929,#1930,#1931,#1932));
#174=EDGE_LOOP('',(#1933,#1934,#1935,#1936));
#175=EDGE_LOOP('',(#1937,#1938,#1939,#1940));
#176=EDGE_LOOP('',(#1941,#1942,#1943,#1944));
#177=EDGE_LOOP('',(#1945,#1946,#1947,#1948));
#178=EDGE_LOOP('',(#1949,#1950,#1951,#1952));
#179=EDGE_LOOP('',(#1953,#1954,#1955,#1956,#1957,#1958,#1959,#1960,#1961,
#1962,#1963,#1964,#1965,#1966,#1967,#1968,#1969,#1970,#1971,#1972,#1973,
#1974,#1975,#1976,#1977,#1978,#1979,#1980,#1981,#1982,#1983,#1984,#1985,
#1986,#1987,#1988,#1989,#1990,#1991,#1992,#1993,#1994,#1995,#1996,#1997,
#1998,#1999,#2000,#2001,#2002,#2003,#2004,#2005,#2006,#2007,#2008,#2009,
#2010,#2011,#2012,#2013,#2014,#2015,#2016,#2017,#2018,#2019,#2020,#2021,
#2022,#2023,#2024,#2025,#2026,#2027,#2028,#2029,#2030,#2031,#2032,#2033,
#2034,#2035,#2036,#2037,#2038,#2039,#2040,#2041,#2042,#2043,#2044,#2045,
#2046,#2047,#2048,#2049,#2050,#2051,#2052,#2053,#2054,#2055,#2056,#2057,
#2058,#2059,#2060,#2061,#2062,#2063,#2064,#2065,#2066,#2067,#2068,#2069,
#2070,#2071,#2072,#2073,#2074,#2075,#2076,#2077,#2078,#2079,#2080,#2081,
#2082,#2083,#2084,#2085,#2086,#2087,#2088,#2089,#2090));
#180=EDGE_LOOP('',(#2091,#2092,#2093,#2094));
#181=EDGE_LOOP('',(#2095,#2096,#2097,#2098));
#182=EDGE_LOOP('',(#2099,#2100,#2101,#2102));
#183=EDGE_LOOP('',(#2103,#2104,#2105,#2106));
#184=EDGE_LOOP('',(#2107,#2108,#2109,#2110));
#185=EDGE_LOOP('',(#2111,#2112,#2113,#2114));
#186=EDGE_LOOP('',(#2115,#2116,#2117,#2118));
#187=EDGE_LOOP('',(#2119,#2120,#2121,#2122));
#188=EDGE_LOOP('',(#2123,#2124,#2125,#2126));
#189=EDGE_LOOP('',(#2127,#2128,#2129,#2130));
#190=EDGE_LOOP('',(#2131,#2132,#2133,#2134));
#191=EDGE_LOOP('',(#2135,#2136,#2137,#2138));
#192=EDGE_LOOP('',(#2139,#2140,#2141,#2142));
#193=EDGE_LOOP('',(#2143,#2144,#2145,#2146));
#194=EDGE_LOOP('',(#2147,#2148,#2149,#2150));
#195=EDGE_LOOP('',(#2151,#2152,#2153,#2154));
#196=EDGE_LOOP('',(#2155,#2156,#2157,#2158));
#197=EDGE_LOOP('',(#2159,#2160,#2161,#2162));
#198=EDGE_LOOP('',(#2163,#2164,#2165,#2166));
#199=EDGE_LOOP('',(#2167,#2168,#2169,#2170));
#200=EDGE_LOOP('',(#2171,#2172,#2173,#2174));
#201=EDGE_LOOP('',(#2175,#2176,#2177,#2178));
#202=EDGE_LOOP('',(#2179,#2180,#2181,#2182));
#203=EDGE_LOOP('',(#2183,#2184,#2185,#2186));
#204=EDGE_LOOP('',(#2187,#2188,#2189,#2190));
#205=EDGE_LOOP('',(#2191,#2192,#2193,#2194));
#206=EDGE_LOOP('',(#2195,#2196,#2197,#2198));
#207=EDGE_LOOP('',(#2199,#2200,#2201,#2202));
#208=EDGE_LOOP('',(#2203,#2204,#2205,#2206));
#209=EDGE_LOOP('',(#2207,#2208,#2209,#2210));
#210=EDGE_LOOP('',(#2211,#2212,#2213,#2214));
#211=EDGE_LOOP('',(#2215,#2216,#2217,#2218));
#212=EDGE_LOOP('',(#2219,#2220,#2221,#2222));
#213=EDGE_LOOP('',(#2223,#2224,#2225,#2226));
#214=EDGE_LOOP('',(#2227,#2228,#2229,#2230));
#215=EDGE_LOOP('',(#2231,#2232,#2233,#2234));
#216=EDGE_LOOP('',(#2235,#2236,#2237,#2238));
#217=EDGE_LOOP('',(#2239,#2240,#2241,#2242));
#218=EDGE_LOOP('',(#2243,#2244,#2245,#2246));
#219=EDGE_LOOP('',(#2247,#2248,#2249,#2250));
#220=EDGE_LOOP('',(#2251,#2252,#2253,#2254));
#221=EDGE_LOOP('',(#2255,#2256,#2257,#2258));
#222=EDGE_LOOP('',(#2259,#2260,#2261,#2262));
#223=EDGE_LOOP('',(#2263,#2264,#2265,#2266));
#224=EDGE_LOOP('',(#2267,#2268,#2269,#2270));
#225=EDGE_LOOP('',(#2271,#2272,#2273,#2274));
#226=EDGE_LOOP('',(#2275,#2276,#2277,#2278));
#227=EDGE_LOOP('',(#2279,#2280,#2281,#2282));
#228=EDGE_LOOP('',(#2283,#2284,#2285,#2286));
#229=EDGE_LOOP('',(#2287,#2288,#2289,#2290));
#230=EDGE_LOOP('',(#2291,#2292,#2293,#2294));
#231=EDGE_LOOP('',(#2295,#2296,#2297,#2298));
#232=EDGE_LOOP('',(#2299,#2300,#2301,#2302));
#233=EDGE_LOOP('',(#2303,#2304,#2305,#2306));
#234=EDGE_LOOP('',(#2307,#2308,#2309,#2310));
#235=EDGE_LOOP('',(#2311,#2312,#2313,#2314));
#236=EDGE_LOOP('',(#2315,#2316,#2317,#2318));
#237=EDGE_LOOP('',(#2319,#2320,#2321,#2322));
#238=EDGE_LOOP('',(#2323,#2324,#2325,#2326));
#239=EDGE_LOOP('',(#2327,#2328,#2329,#2330));
#240=EDGE_LOOP('',(#2331,#2332,#2333,#2334));
#241=EDGE_LOOP('',(#2335,#2336,#2337,#2338));
#242=EDGE_LOOP('',(#2339,#2340,#2341,#2342));
#243=EDGE_LOOP('',(#2343,#2344,#2345,#2346));
#244=EDGE_LOOP('',(#2347,#2348,#2349,#2350));
#245=EDGE_LOOP('',(#2351,#2352,#2353,#2354));
#246=EDGE_LOOP('',(#2355,#2356,#2357,#2358));
#247=EDGE_LOOP('',(#2359,#2360,#2361,#2362));
#248=EDGE_LOOP('',(#2363,#2364,#2365,#2366));
#249=EDGE_LOOP('',(#2367,#2368,#2369,#2370));
#250=EDGE_LOOP('',(#2371,#2372,#2373,#2374));
#251=EDGE_LOOP('',(#2375,#2376,#2377,#2378));
#252=EDGE_LOOP('',(#2379,#2380,#2381,#2382));
#253=EDGE_LOOP('',(#2383,#2384,#2385,#2386));
#254=EDGE_LOOP('',(#2387,#2388,#2389,#2390));
#255=EDGE_LOOP('',(#2391,#2392,#2393,#2394));
#256=EDGE_LOOP('',(#2395,#2396,#2397,#2398));
#257=EDGE_LOOP('',(#2399,#2400,#2401,#2402));
#258=EDGE_LOOP('',(#2403,#2404,#2405,#2406));
#259=EDGE_LOOP('',(#2407,#2408,#2409,#2410));
#260=EDGE_LOOP('',(#2411,#2412,#2413,#2414));
#261=EDGE_LOOP('',(#2415,#2416,#2417,#2418));
#262=EDGE_LOOP('',(#2419,#2420,#2421,#2422));
#263=EDGE_LOOP('',(#2423,#2424,#2425,#2426));
#264=EDGE_LOOP('',(#2427,#2428,#2429,#2430));
#265=EDGE_LOOP('',(#2431,#2432,#2433,#2434));
#266=EDGE_LOOP('',(#2435,#2436,#2437,#2438));
#267=EDGE_LOOP('',(#2439,#2440,#2441,#2442));
#268=EDGE_LOOP('',(#2443,#2444,#2445,#2446));
#269=EDGE_LOOP('',(#2447,#2448,#2449,#2450));
#270=EDGE_LOOP('',(#2451,#2452,#2453,#2454));
#271=EDGE_LOOP('',(#2455,#2456,#2457,#2458));
#272=EDGE_LOOP('',(#2459,#2460,#2461,#2462));
#273=EDGE_LOOP('',(#2463,#2464,#2465,#2466));
#274=EDGE_LOOP('',(#2467,#2468,#2469,#2470));
#275=EDGE_LOOP('',(#2471,#2472,#2473,#2474));
#276=EDGE_LOOP('',(#2475,#2476,#2477,#2478));
#277=EDGE_LOOP('',(#2479,#2480,#2481,#2482));
#278=EDGE_LOOP('',(#2483,#2484,#2485,#2486));
#279=EDGE_LOOP('',(#2487,#2488,#2489,#2490));
#280=EDGE_LOOP('',(#2491,#2492,#2493,#2494));
#281=EDGE_LOOP('',(#2495,#2496,#2497,#2498));
#282=EDGE_LOOP('',(#2499,#2500,#2501,#2502));
#283=EDGE_LOOP('',(#2503,#2504,#2505,#2506));
#284=EDGE_LOOP('',(#2507,#2508,#2509,#2510));
#285=EDGE_LOOP('',(#2511,#2512,#2513,#2514));
#286=EDGE_LOOP('',(#2515,#2516,#2517,#2518));
#287=EDGE_LOOP('',(#2519,#2520,#2521,#2522));
#288=EDGE_LOOP('',(#2523,#2524,#2525,#2526));
#289=EDGE_LOOP('',(#2527,#2528,#2529,#2530));
#290=EDGE_LOOP('',(#2531,#2532,#2533,#2534));
#291=EDGE_LOOP('',(#2535,#2536,#2537,#2538));
#292=EDGE_LOOP('',(#2539,#2540,#2541,#2542));
#293=EDGE_LOOP('',(#2543,#2544,#2545,#2546));
#294=EDGE_LOOP('',(#2547,#2548,#2549,#2550));
#295=EDGE_LOOP('',(#2551,#2552,#2553,#2554));
#296=EDGE_LOOP('',(#2555,#2556,#2557,#2558));
#297=EDGE_LOOP('',(#2559,#2560,#2561,#2562));
#298=EDGE_LOOP('',(#2563,#2564,#2565,#2566));
#299=EDGE_LOOP('',(#2567,#2568,#2569,#2570));
#300=EDGE_LOOP('',(#2571,#2572,#2573,#2574));
#301=EDGE_LOOP('',(#2575,#2576,#2577,#2578));
#302=EDGE_LOOP('',(#2579,#2580,#2581,#2582));
#303=EDGE_LOOP('',(#2583,#2584,#2585,#2586));
#304=EDGE_LOOP('',(#2587,#2588,#2589,#2590));
#305=EDGE_LOOP('',(#2591,#2592,#2593,#2594));
#306=EDGE_LOOP('',(#2595,#2596,#2597,#2598));
#307=EDGE_LOOP('',(#2599,#2600,#2601,#2602));
#308=EDGE_LOOP('',(#2603,#2604,#2605,#2606));
#309=EDGE_LOOP('',(#2607,#2608,#2609,#2610));
#310=EDGE_LOOP('',(#2611,#2612,#2613,#2614));
#311=EDGE_LOOP('',(#2615,#2616,#2617,#2618));
#312=EDGE_LOOP('',(#2619,#2620,#2621,#2622));
#313=EDGE_LOOP('',(#2623,#2624,#2625,#2626));
#314=EDGE_LOOP('',(#2627,#2628,#2629,#2630));
#315=EDGE_LOOP('',(#2631,#2632,#2633,#2634));
#316=EDGE_LOOP('',(#2635,#2636,#2637,#2638));
#317=EDGE_LOOP('',(#2639,#2640,#2641,#2642));
#318=EDGE_LOOP('',(#2643,#2644,#2645,#2646));
#319=EDGE_LOOP('',(#2647,#2648,#2649,#2650));
#320=EDGE_LOOP('',(#2651,#2652,#2653,#2654));
#321=EDGE_LOOP('',(#2655,#2656,#2657,#2658));
#322=EDGE_LOOP('',(#2659,#2660,#2661,#2662,#2663,#2664,#2665,#2666,#2667,
#2668,#2669,#2670,#2671,#2672,#2673,#2674,#2675,#2676,#2677,#2678,#2679,
#2680,#2681,#2682,#2683,#2684,#2685,#2686,#2687,#2688,#2689,#2690,#2691,
#2692,#2693,#2694,#2695,#2696,#2697,#2698,#2699,#2700,#2701,#2702,#2703,
#2704,#2705,#2706,#2707,#2708,#2709,#2710,#2711,#2712,#2713,#2714,#2715,
#2716,#2717,#2718,#2719,#2720,#2721,#2722,#2723,#2724,#2725,#2726,#2727,
#2728,#2729,#2730,#2731,#2732,#2733,#2734,#2735,#2736,#2737,#2738,#2739,
#2740,#2741,#2742,#2743,#2744,#2745,#2746,#2747,#2748,#2749,#2750,#2751,
#2752,#2753,#2754,#2755,#2756,#2757,#2758,#2759,#2760,#2761,#2762,#2763,
#2764,#2765,#2766,#2767,#2768,#2769,#2770,#2771,#2772,#2773,#2774,#2775,
#2776,#2777,#2778,#2779,#2780,#2781,#2782,#2783,#2784,#2785,#2786,#2787,
#2788,#2789,#2790,#2791,#2792,#2793,#2794,#2795,#2796));
#323=CIRCLE('',#3104,0.33);
#324=CIRCLE('',#3105,0.33);
#325=CIRCLE('',#3107,0.33);
#326=CIRCLE('',#3109,0.33);
#327=CIRCLE('',#3112,0.33);
#328=CIRCLE('',#3113,0.33);
#329=CIRCLE('',#3115,0.33);
#330=CIRCLE('',#3117,0.33);
#331=LINE('',#4007,#761);
#332=LINE('',#4011,#762);
#333=LINE('',#4015,#763);
#334=LINE('',#4017,#764);
#335=LINE('',#4021,#765);
#336=LINE('',#4023,#766);
#337=LINE('',#4026,#767);
#338=LINE('',#4027,#768);
#339=LINE('',#4031,#769);
#340=LINE('',#4035,#770);
#341=LINE('',#4039,#771);
#342=LINE('',#4041,#772);
#343=LINE('',#4045,#773);
#344=LINE('',#4047,#774);
#345=LINE('',#4050,#775);
#346=LINE('',#4051,#776);
#347=LINE('',#4055,#777);
#348=LINE('',#4057,#778);
#349=LINE('',#4059,#779);
#350=LINE('',#4061,#780);
#351=LINE('',#4063,#781);
#352=LINE('',#4065,#782);
#353=LINE('',#4067,#783);
#354=LINE('',#4069,#784);
#355=LINE('',#4071,#785);
#356=LINE('',#4073,#786);
#357=LINE('',#4075,#787);
#358=LINE('',#4077,#788);
#359=LINE('',#4079,#789);
#360=LINE('',#4081,#790);
#361=LINE('',#4083,#791);
#362=LINE('',#4085,#792);
#363=LINE('',#4087,#793);
#364=LINE('',#4089,#794);
#365=LINE('',#4091,#795);
#366=LINE('',#4093,#796);
#367=LINE('',#4095,#797);
#368=LINE('',#4097,#798);
#369=LINE('',#4099,#799);
#370=LINE('',#4101,#800);
#371=LINE('',#4103,#801);
#372=LINE('',#4105,#802);
#373=LINE('',#4107,#803);
#374=LINE('',#4109,#804);
#375=LINE('',#4111,#805);
#376=LINE('',#4113,#806);
#377=LINE('',#4115,#807);
#378=LINE('',#4117,#808);
#379=LINE('',#4119,#809);
#380=LINE('',#4121,#810);
#381=LINE('',#4123,#811);
#382=LINE('',#4125,#812);
#383=LINE('',#4127,#813);
#384=LINE('',#4129,#814);
#385=LINE('',#4131,#815);
#386=LINE('',#4133,#816);
#387=LINE('',#4135,#817);
#388=LINE('',#4137,#818);
#389=LINE('',#4139,#819);
#390=LINE('',#4141,#820);
#391=LINE('',#4143,#821);
#392=LINE('',#4145,#822);
#393=LINE('',#4147,#823);
#394=LINE('',#4149,#824);
#395=LINE('',#4151,#825);
#396=LINE('',#4153,#826);
#397=LINE('',#4155,#827);
#398=LINE('',#4157,#828);
#399=LINE('',#4159,#829);
#400=LINE('',#4161,#830);
#401=LINE('',#4163,#831);
#402=LINE('',#4165,#832);
#403=LINE('',#4167,#833);
#404=LINE('',#4169,#834);
#405=LINE('',#4171,#835);
#406=LINE('',#4173,#836);
#407=LINE('',#4175,#837);
#408=LINE('',#4177,#838);
#409=LINE('',#4179,#839);
#410=LINE('',#4181,#840);
#411=LINE('',#4183,#841);
#412=LINE('',#4185,#842);
#413=LINE('',#4187,#843);
#414=LINE('',#4189,#844);
#415=LINE('',#4191,#845);
#416=LINE('',#4193,#846);
#417=LINE('',#4195,#847);
#418=LINE('',#4197,#848);
#419=LINE('',#4199,#849);
#420=LINE('',#4201,#850);
#421=LINE('',#4203,#851);
#422=LINE('',#4205,#852);
#423=LINE('',#4207,#853);
#424=LINE('',#4209,#854);
#425=LINE('',#4211,#855);
#426=LINE('',#4213,#856);
#427=LINE('',#4215,#857);
#428=LINE('',#4217,#858);
#429=LINE('',#4219,#859);
#430=LINE('',#4221,#860);
#431=LINE('',#4223,#861);
#432=LINE('',#4225,#862);
#433=LINE('',#4227,#863);
#434=LINE('',#4229,#864);
#435=LINE('',#4231,#865);
#436=LINE('',#4233,#866);
#437=LINE('',#4235,#867);
#438=LINE('',#4237,#868);
#439=LINE('',#4239,#869);
#440=LINE('',#4241,#870);
#441=LINE('',#4243,#871);
#442=LINE('',#4245,#872);
#443=LINE('',#4247,#873);
#444=LINE('',#4249,#874);
#445=LINE('',#4251,#875);
#446=LINE('',#4253,#876);
#447=LINE('',#4255,#877);
#448=LINE('',#4257,#878);
#449=LINE('',#4259,#879);
#450=LINE('',#4261,#880);
#451=LINE('',#4263,#881);
#452=LINE('',#4265,#882);
#453=LINE('',#4267,#883);
#454=LINE('',#4269,#884);
#455=LINE('',#4271,#885);
#456=LINE('',#4273,#886);
#457=LINE('',#4275,#887);
#458=LINE('',#4277,#888);
#459=LINE('',#4279,#889);
#460=LINE('',#4281,#890);
#461=LINE('',#4283,#891);
#462=LINE('',#4285,#892);
#463=LINE('',#4287,#893);
#464=LINE('',#4289,#894);
#465=LINE('',#4291,#895);
#466=LINE('',#4293,#896);
#467=LINE('',#4295,#897);
#468=LINE('',#4297,#898);
#469=LINE('',#4299,#899);
#470=LINE('',#4301,#900);
#471=LINE('',#4303,#901);
#472=LINE('',#4305,#902);
#473=LINE('',#4307,#903);
#474=LINE('',#4309,#904);
#475=LINE('',#4311,#905);
#476=LINE('',#4313,#906);
#477=LINE('',#4315,#907);
#478=LINE('',#4317,#908);
#479=LINE('',#4319,#909);
#480=LINE('',#4321,#910);
#481=LINE('',#4323,#911);
#482=LINE('',#4325,#912);
#483=LINE('',#4327,#913);
#484=LINE('',#4328,#914);
#485=LINE('',#4331,#915);
#486=LINE('',#4333,#916);
#487=LINE('',#4334,#917);
#488=LINE('',#4337,#918);
#489=LINE('',#4338,#919);
#490=LINE('',#4341,#920);
#491=LINE('',#4342,#921);
#492=LINE('',#4345,#922);
#493=LINE('',#4346,#923);
#494=LINE('',#4349,#924);
#495=LINE('',#4350,#925);
#496=LINE('',#4353,#926);
#497=LINE('',#4354,#927);
#498=LINE('',#4357,#928);
#499=LINE('',#4358,#929);
#500=LINE('',#4361,#930);
#501=LINE('',#4362,#931);
#502=LINE('',#4365,#932);
#503=LINE('',#4366,#933);
#504=LINE('',#4369,#934);
#505=LINE('',#4370,#935);
#506=LINE('',#4373,#936);
#507=LINE('',#4374,#937);
#508=LINE('',#4377,#938);
#509=LINE('',#4378,#939);
#510=LINE('',#4381,#940);
#511=LINE('',#4382,#941);
#512=LINE('',#4385,#942);
#513=LINE('',#4386,#943);
#514=LINE('',#4389,#944);
#515=LINE('',#4390,#945);
#516=LINE('',#4393,#946);
#517=LINE('',#4394,#947);
#518=LINE('',#4397,#948);
#519=LINE('',#4398,#949);
#520=LINE('',#4401,#950);
#521=LINE('',#4402,#951);
#522=LINE('',#4405,#952);
#523=LINE('',#4406,#953);
#524=LINE('',#4409,#954);
#525=LINE('',#4410,#955);
#526=LINE('',#4413,#956);
#527=LINE('',#4414,#957);
#528=LINE('',#4417,#958);
#529=LINE('',#4418,#959);
#530=LINE('',#4421,#960);
#531=LINE('',#4422,#961);
#532=LINE('',#4425,#962);
#533=LINE('',#4426,#963);
#534=LINE('',#4429,#964);
#535=LINE('',#4430,#965);
#536=LINE('',#4433,#966);
#537=LINE('',#4434,#967);
#538=LINE('',#4437,#968);
#539=LINE('',#4438,#969);
#540=LINE('',#4441,#970);
#541=LINE('',#4442,#971);
#542=LINE('',#4445,#972);
#543=LINE('',#4446,#973);
#544=LINE('',#4449,#974);
#545=LINE('',#4450,#975);
#546=LINE('',#4453,#976);
#547=LINE('',#4454,#977);
#548=LINE('',#4457,#978);
#549=LINE('',#4458,#979);
#550=LINE('',#4461,#980);
#551=LINE('',#4462,#981);
#552=LINE('',#4465,#982);
#553=LINE('',#4466,#983);
#554=LINE('',#4469,#984);
#555=LINE('',#4470,#985);
#556=LINE('',#4473,#986);
#557=LINE('',#4474,#987);
#558=LINE('',#4477,#988);
#559=LINE('',#4478,#989);
#560=LINE('',#4481,#990);
#561=LINE('',#4482,#991);
#562=LINE('',#4485,#992);
#563=LINE('',#4486,#993);
#564=LINE('',#4489,#994);
#565=LINE('',#4490,#995);
#566=LINE('',#4493,#996);
#567=LINE('',#4494,#997);
#568=LINE('',#4497,#998);
#569=LINE('',#4498,#999);
#570=LINE('',#4501,#1000);
#571=LINE('',#4502,#1001);
#572=LINE('',#4505,#1002);
#573=LINE('',#4506,#1003);
#574=LINE('',#4509,#1004);
#575=LINE('',#4510,#1005);
#576=LINE('',#4513,#1006);
#577=LINE('',#4514,#1007);
#578=LINE('',#4517,#1008);
#579=LINE('',#4518,#1009);
#580=LINE('',#4521,#1010);
#581=LINE('',#4522,#1011);
#582=LINE('',#4525,#1012);
#583=LINE('',#4526,#1013);
#584=LINE('',#4529,#1014);
#585=LINE('',#4530,#1015);
#586=LINE('',#4533,#1016);
#587=LINE('',#4534,#1017);
#588=LINE('',#4537,#1018);
#589=LINE('',#4538,#1019);
#590=LINE('',#4541,#1020);
#591=LINE('',#4542,#1021);
#592=LINE('',#4545,#1022);
#593=LINE('',#4546,#1023);
#594=LINE('',#4549,#1024);
#595=LINE('',#4550,#1025);
#596=LINE('',#4553,#1026);
#597=LINE('',#4554,#1027);
#598=LINE('',#4557,#1028);
#599=LINE('',#4558,#1029);
#600=LINE('',#4561,#1030);
#601=LINE('',#4562,#1031);
#602=LINE('',#4565,#1032);
#603=LINE('',#4566,#1033);
#604=LINE('',#4569,#1034);
#605=LINE('',#4570,#1035);
#606=LINE('',#4573,#1036);
#607=LINE('',#4574,#1037);
#608=LINE('',#4577,#1038);
#609=LINE('',#4578,#1039);
#610=LINE('',#4581,#1040);
#611=LINE('',#4582,#1041);
#612=LINE('',#4585,#1042);
#613=LINE('',#4586,#1043);
#614=LINE('',#4589,#1044);
#615=LINE('',#4590,#1045);
#616=LINE('',#4593,#1046);
#617=LINE('',#4594,#1047);
#618=LINE('',#4597,#1048);
#619=LINE('',#4598,#1049);
#620=LINE('',#4601,#1050);
#621=LINE('',#4602,#1051);
#622=LINE('',#4605,#1052);
#623=LINE('',#4606,#1053);
#624=LINE('',#4609,#1054);
#625=LINE('',#4610,#1055);
#626=LINE('',#4613,#1056);
#627=LINE('',#4614,#1057);
#628=LINE('',#4617,#1058);
#629=LINE('',#4618,#1059);
#630=LINE('',#4621,#1060);
#631=LINE('',#4622,#1061);
#632=LINE('',#4625,#1062);
#633=LINE('',#4626,#1063);
#634=LINE('',#4629,#1064);
#635=LINE('',#4630,#1065);
#636=LINE('',#4633,#1066);
#637=LINE('',#4634,#1067);
#638=LINE('',#4637,#1068);
#639=LINE('',#4638,#1069);
#640=LINE('',#4641,#1070);
#641=LINE('',#4642,#1071);
#642=LINE('',#4645,#1072);
#643=LINE('',#4646,#1073);
#644=LINE('',#4649,#1074);
#645=LINE('',#4650,#1075);
#646=LINE('',#4653,#1076);
#647=LINE('',#4654,#1077);
#648=LINE('',#4657,#1078);
#649=LINE('',#4658,#1079);
#650=LINE('',#4661,#1080);
#651=LINE('',#4662,#1081);
#652=LINE('',#4665,#1082);
#653=LINE('',#4666,#1083);
#654=LINE('',#4669,#1084);
#655=LINE('',#4670,#1085);
#656=LINE('',#4673,#1086);
#657=LINE('',#4674,#1087);
#658=LINE('',#4677,#1088);
#659=LINE('',#4678,#1089);
#660=LINE('',#4681,#1090);
#661=LINE('',#4682,#1091);
#662=LINE('',#4685,#1092);
#663=LINE('',#4686,#1093);
#664=LINE('',#4689,#1094);
#665=LINE('',#4690,#1095);
#666=LINE('',#4693,#1096);
#667=LINE('',#4694,#1097);
#668=LINE('',#4697,#1098);
#669=LINE('',#4698,#1099);
#670=LINE('',#4701,#1100);
#671=LINE('',#4702,#1101);
#672=LINE('',#4705,#1102);
#673=LINE('',#4706,#1103);
#674=LINE('',#4709,#1104);
#675=LINE('',#4710,#1105);
#676=LINE('',#4713,#1106);
#677=LINE('',#4714,#1107);
#678=LINE('',#4717,#1108);
#679=LINE('',#4718,#1109);
#680=LINE('',#4721,#1110);
#681=LINE('',#4722,#1111);
#682=LINE('',#4725,#1112);
#683=LINE('',#4726,#1113);
#684=LINE('',#4729,#1114);
#685=LINE('',#4730,#1115);
#686=LINE('',#4733,#1116);
#687=LINE('',#4734,#1117);
#688=LINE('',#4737,#1118);
#689=LINE('',#4738,#1119);
#690=LINE('',#4741,#1120);
#691=LINE('',#4742,#1121);
#692=LINE('',#4745,#1122);
#693=LINE('',#4746,#1123);
#694=LINE('',#4749,#1124);
#695=LINE('',#4750,#1125);
#696=LINE('',#4753,#1126);
#697=LINE('',#4754,#1127);
#698=LINE('',#4757,#1128);
#699=LINE('',#4758,#1129);
#700=LINE('',#4761,#1130);
#701=LINE('',#4762,#1131);
#702=LINE('',#4765,#1132);
#703=LINE('',#4766,#1133);
#704=LINE('',#4769,#1134);
#705=LINE('',#4770,#1135);
#706=LINE('',#4773,#1136);
#707=LINE('',#4774,#1137);
#708=LINE('',#4777,#1138);
#709=LINE('',#4778,#1139);
#710=LINE('',#4781,#1140);
#711=LINE('',#4782,#1141);
#712=LINE('',#4785,#1142);
#713=LINE('',#4786,#1143);
#714=LINE('',#4789,#1144);
#715=LINE('',#4790,#1145);
#716=LINE('',#4793,#1146);
#717=LINE('',#4794,#1147);
#718=LINE('',#4797,#1148);
#719=LINE('',#4798,#1149);
#720=LINE('',#4801,#1150);
#721=LINE('',#4802,#1151);
#722=LINE('',#4805,#1152);
#723=LINE('',#4806,#1153);
#724=LINE('',#4809,#1154);
#725=LINE('',#4810,#1155);
#726=LINE('',#4813,#1156);
#727=LINE('',#4814,#1157);
#728=LINE('',#4817,#1158);
#729=LINE('',#4818,#1159);
#730=LINE('',#4821,#1160);
#731=LINE('',#4822,#1161);
#732=LINE('',#4825,#1162);
#733=LINE('',#4826,#1163);
#734=LINE('',#4829,#1164);
#735=LINE('',#4830,#1165);
#736=LINE('',#4833,#1166);
#737=LINE('',#4834,#1167);
#738=LINE('',#4837,#1168);
#739=LINE('',#4838,#1169);
#740=LINE('',#4841,#1170);
#741=LINE('',#4842,#1171);
#742=LINE('',#4845,#1172);
#743=LINE('',#4846,#1173);
#744=LINE('',#4849,#1174);
#745=LINE('',#4850,#1175);
#746=LINE('',#4853,#1176);
#747=LINE('',#4854,#1177);
#748=LINE('',#4857,#1178);
#749=LINE('',#4858,#1179);
#750=LINE('',#4861,#1180);
#751=LINE('',#4862,#1181);
#752=LINE('',#4865,#1182);
#753=LINE('',#4866,#1183);
#754=LINE('',#4869,#1184);
#755=LINE('',#4870,#1185);
#756=LINE('',#4873,#1186);
#757=LINE('',#4874,#1187);
#758=LINE('',#4877,#1188);
#759=LINE('',#4878,#1189);
#760=LINE('',#4880,#1190);
#761=VECTOR('',#3263,1.);
#762=VECTOR('',#3266,1.);
#763=VECTOR('',#3271,1.);
#764=VECTOR('',#3272,1.);
#765=VECTOR('',#3277,1.);
#766=VECTOR('',#3278,1.);
#767=VECTOR('',#3283,1.);
#768=VECTOR('',#3284,1.);
#769=VECTOR('',#3287,1.);
#770=VECTOR('',#3290,1.);
#771=VECTOR('',#3295,1.);
#772=VECTOR('',#3296,1.);
#773=VECTOR('',#3301,1.);
#774=VECTOR('',#3302,1.);
#775=VECTOR('',#3307,1.);
#776=VECTOR('',#3308,1.);
#777=VECTOR('',#3311,1.);
#778=VECTOR('',#3312,1.);
#779=VECTOR('',#3313,1.);
#780=VECTOR('',#3314,1.);
#781=VECTOR('',#3315,1.);
#782=VECTOR('',#3316,1.);
#783=VECTOR('',#3317,1.);
#784=VECTOR('',#3318,1.);
#785=VECTOR('',#3319,1.);
#786=VECTOR('',#3320,1.);
#787=VECTOR('',#3321,1.);
#788=VECTOR('',#3322,1.);
#789=VECTOR('',#3323,1.);
#790=VECTOR('',#3324,1.);
#791=VECTOR('',#3325,1.);
#792=VECTOR('',#3326,1.);
#793=VECTOR('',#3327,1.);
#794=VECTOR('',#3328,1.);
#795=VECTOR('',#3329,1.);
#796=VECTOR('',#3330,1.);
#797=VECTOR('',#3331,1.);
#798=VECTOR('',#3332,1.);
#799=VECTOR('',#3333,1.);
#800=VECTOR('',#3334,1.);
#801=VECTOR('',#3335,1.);
#802=VECTOR('',#3336,1.);
#803=VECTOR('',#3337,1.);
#804=VECTOR('',#3338,1.);
#805=VECTOR('',#3339,1.);
#806=VECTOR('',#3340,1.);
#807=VECTOR('',#3341,1.);
#808=VECTOR('',#3342,1.);
#809=VECTOR('',#3343,1.);
#810=VECTOR('',#3344,1.);
#811=VECTOR('',#3345,1.);
#812=VECTOR('',#3346,1.);
#813=VECTOR('',#3347,1.);
#814=VECTOR('',#3348,1.);
#815=VECTOR('',#3349,1.);
#816=VECTOR('',#3350,1.);
#817=VECTOR('',#3351,1.);
#818=VECTOR('',#3352,1.);
#819=VECTOR('',#3353,1.);
#820=VECTOR('',#3354,1.);
#821=VECTOR('',#3355,1.);
#822=VECTOR('',#3356,1.);
#823=VECTOR('',#3357,1.);
#824=VECTOR('',#3358,1.);
#825=VECTOR('',#3359,1.);
#826=VECTOR('',#3360,1.);
#827=VECTOR('',#3361,1.);
#828=VECTOR('',#3362,1.);
#829=VECTOR('',#3363,1.);
#830=VECTOR('',#3364,1.);
#831=VECTOR('',#3365,1.);
#832=VECTOR('',#3366,1.);
#833=VECTOR('',#3367,1.);
#834=VECTOR('',#3368,1.);
#835=VECTOR('',#3369,1.);
#836=VECTOR('',#3370,1.);
#837=VECTOR('',#3371,1.);
#838=VECTOR('',#3372,1.);
#839=VECTOR('',#3373,1.);
#840=VECTOR('',#3374,1.);
#841=VECTOR('',#3375,1.);
#842=VECTOR('',#3376,1.);
#843=VECTOR('',#3377,1.);
#844=VECTOR('',#3378,1.);
#845=VECTOR('',#3379,1.);
#846=VECTOR('',#3380,1.);
#847=VECTOR('',#3381,1.);
#848=VECTOR('',#3382,1.);
#849=VECTOR('',#3383,1.);
#850=VECTOR('',#3384,1.);
#851=VECTOR('',#3385,1.);
#852=VECTOR('',#3386,1.);
#853=VECTOR('',#3387,1.);
#854=VECTOR('',#3388,1.);
#855=VECTOR('',#3389,1.);
#856=VECTOR('',#3390,1.);
#857=VECTOR('',#3391,1.);
#858=VECTOR('',#3392,1.);
#859=VECTOR('',#3393,1.);
#860=VECTOR('',#3394,1.);
#861=VECTOR('',#3395,1.);
#862=VECTOR('',#3396,1.);
#863=VECTOR('',#3397,1.);
#864=VECTOR('',#3398,1.);
#865=VECTOR('',#3399,1.);
#866=VECTOR('',#3400,1.);
#867=VECTOR('',#3401,1.);
#868=VECTOR('',#3402,1.);
#869=VECTOR('',#3403,1.);
#870=VECTOR('',#3404,1.);
#871=VECTOR('',#3405,1.);
#872=VECTOR('',#3406,1.);
#873=VECTOR('',#3407,1.);
#874=VECTOR('',#3408,1.);
#875=VECTOR('',#3409,1.);
#876=VECTOR('',#3410,1.);
#877=VECTOR('',#3411,1.);
#878=VECTOR('',#3412,1.);
#879=VECTOR('',#3413,1.);
#880=VECTOR('',#3414,1.);
#881=VECTOR('',#3415,1.);
#882=VECTOR('',#3416,1.);
#883=VECTOR('',#3417,1.);
#884=VECTOR('',#3418,1.);
#885=VECTOR('',#3419,1.);
#886=VECTOR('',#3420,1.);
#887=VECTOR('',#3421,1.);
#888=VECTOR('',#3422,1.);
#889=VECTOR('',#3423,1.);
#890=VECTOR('',#3424,1.);
#891=VECTOR('',#3425,1.);
#892=VECTOR('',#3426,1.);
#893=VECTOR('',#3427,1.);
#894=VECTOR('',#3428,1.);
#895=VECTOR('',#3429,1.);
#896=VECTOR('',#3430,1.);
#897=VECTOR('',#3431,1.);
#898=VECTOR('',#3432,1.);
#899=VECTOR('',#3433,1.);
#900=VECTOR('',#3434,1.);
#901=VECTOR('',#3435,1.);
#902=VECTOR('',#3436,1.);
#903=VECTOR('',#3437,1.);
#904=VECTOR('',#3438,1.);
#905=VECTOR('',#3439,1.);
#906=VECTOR('',#3440,1.);
#907=VECTOR('',#3441,1.);
#908=VECTOR('',#3442,1.);
#909=VECTOR('',#3443,1.);
#910=VECTOR('',#3444,1.);
#911=VECTOR('',#3445,1.);
#912=VECTOR('',#3446,1.);
#913=VECTOR('',#3447,1.);
#914=VECTOR('',#3448,1.);
#915=VECTOR('',#3451,1.);
#916=VECTOR('',#3452,1.);
#917=VECTOR('',#3453,1.);
#918=VECTOR('',#3456,1.);
#919=VECTOR('',#3457,1.);
#920=VECTOR('',#3460,1.);
#921=VECTOR('',#3461,1.);
#922=VECTOR('',#3464,1.);
#923=VECTOR('',#3465,1.);
#924=VECTOR('',#3468,1.);
#925=VECTOR('',#3469,1.);
#926=VECTOR('',#3472,1.);
#927=VECTOR('',#3473,1.);
#928=VECTOR('',#3476,1.);
#929=VECTOR('',#3477,1.);
#930=VECTOR('',#3480,1.);
#931=VECTOR('',#3481,1.);
#932=VECTOR('',#3484,1.);
#933=VECTOR('',#3485,1.);
#934=VECTOR('',#3488,1.);
#935=VECTOR('',#3489,1.);
#936=VECTOR('',#3492,1.);
#937=VECTOR('',#3493,1.);
#938=VECTOR('',#3496,1.);
#939=VECTOR('',#3497,1.);
#940=VECTOR('',#3500,1.);
#941=VECTOR('',#3501,1.);
#942=VECTOR('',#3504,1.);
#943=VECTOR('',#3505,1.);
#944=VECTOR('',#3508,1.);
#945=VECTOR('',#3509,1.);
#946=VECTOR('',#3512,1.);
#947=VECTOR('',#3513,1.);
#948=VECTOR('',#3516,1.);
#949=VECTOR('',#3517,1.);
#950=VECTOR('',#3520,1.);
#951=VECTOR('',#3521,1.);
#952=VECTOR('',#3524,1.);
#953=VECTOR('',#3525,1.);
#954=VECTOR('',#3528,1.);
#955=VECTOR('',#3529,1.);
#956=VECTOR('',#3532,1.);
#957=VECTOR('',#3533,1.);
#958=VECTOR('',#3536,1.);
#959=VECTOR('',#3537,1.);
#960=VECTOR('',#3540,1.);
#961=VECTOR('',#3541,1.);
#962=VECTOR('',#3544,1.);
#963=VECTOR('',#3545,1.);
#964=VECTOR('',#3548,1.);
#965=VECTOR('',#3549,1.);
#966=VECTOR('',#3552,1.);
#967=VECTOR('',#3553,1.);
#968=VECTOR('',#3556,1.);
#969=VECTOR('',#3557,1.);
#970=VECTOR('',#3560,1.);
#971=VECTOR('',#3561,1.);
#972=VECTOR('',#3564,1.);
#973=VECTOR('',#3565,1.);
#974=VECTOR('',#3568,1.);
#975=VECTOR('',#3569,1.);
#976=VECTOR('',#3572,1.);
#977=VECTOR('',#3573,1.);
#978=VECTOR('',#3576,1.);
#979=VECTOR('',#3577,1.);
#980=VECTOR('',#3580,1.);
#981=VECTOR('',#3581,1.);
#982=VECTOR('',#3584,1.);
#983=VECTOR('',#3585,1.);
#984=VECTOR('',#3588,1.);
#985=VECTOR('',#3589,1.);
#986=VECTOR('',#3592,1.);
#987=VECTOR('',#3593,1.);
#988=VECTOR('',#3596,1.);
#989=VECTOR('',#3597,1.);
#990=VECTOR('',#3600,1.);
#991=VECTOR('',#3601,1.);
#992=VECTOR('',#3604,1.);
#993=VECTOR('',#3605,1.);
#994=VECTOR('',#3608,1.);
#995=VECTOR('',#3609,1.);
#996=VECTOR('',#3612,1.);
#997=VECTOR('',#3613,1.);
#998=VECTOR('',#3616,1.);
#999=VECTOR('',#3617,1.);
#1000=VECTOR('',#3620,1.);
#1001=VECTOR('',#3621,1.);
#1002=VECTOR('',#3624,1.);
#1003=VECTOR('',#3625,1.);
#1004=VECTOR('',#3628,1.);
#1005=VECTOR('',#3629,1.);
#1006=VECTOR('',#3632,1.);
#1007=VECTOR('',#3633,1.);
#1008=VECTOR('',#3636,1.);
#1009=VECTOR('',#3637,1.);
#1010=VECTOR('',#3640,1.);
#1011=VECTOR('',#3641,1.);
#1012=VECTOR('',#3644,1.);
#1013=VECTOR('',#3645,1.);
#1014=VECTOR('',#3648,1.);
#1015=VECTOR('',#3649,1.);
#1016=VECTOR('',#3652,1.);
#1017=VECTOR('',#3653,1.);
#1018=VECTOR('',#3656,1.);
#1019=VECTOR('',#3657,1.);
#1020=VECTOR('',#3660,1.);
#1021=VECTOR('',#3661,1.);
#1022=VECTOR('',#3664,1.);
#1023=VECTOR('',#3665,1.);
#1024=VECTOR('',#3668,1.);
#1025=VECTOR('',#3669,1.);
#1026=VECTOR('',#3672,1.);
#1027=VECTOR('',#3673,1.);
#1028=VECTOR('',#3676,1.);
#1029=VECTOR('',#3677,1.);
#1030=VECTOR('',#3680,1.);
#1031=VECTOR('',#3681,1.);
#1032=VECTOR('',#3684,1.);
#1033=VECTOR('',#3685,1.);
#1034=VECTOR('',#3688,1.);
#1035=VECTOR('',#3689,1.);
#1036=VECTOR('',#3692,1.);
#1037=VECTOR('',#3693,1.);
#1038=VECTOR('',#3696,1.);
#1039=VECTOR('',#3697,1.);
#1040=VECTOR('',#3700,1.);
#1041=VECTOR('',#3701,1.);
#1042=VECTOR('',#3704,1.);
#1043=VECTOR('',#3705,1.);
#1044=VECTOR('',#3708,1.);
#1045=VECTOR('',#3709,1.);
#1046=VECTOR('',#3712,1.);
#1047=VECTOR('',#3713,1.);
#1048=VECTOR('',#3716,1.);
#1049=VECTOR('',#3717,1.);
#1050=VECTOR('',#3720,1.);
#1051=VECTOR('',#3721,1.);
#1052=VECTOR('',#3724,1.);
#1053=VECTOR('',#3725,1.);
#1054=VECTOR('',#3728,1.);
#1055=VECTOR('',#3729,1.);
#1056=VECTOR('',#3732,1.);
#1057=VECTOR('',#3733,1.);
#1058=VECTOR('',#3736,1.);
#1059=VECTOR('',#3737,1.);
#1060=VECTOR('',#3740,1.);
#1061=VECTOR('',#3741,1.);
#1062=VECTOR('',#3744,1.);
#1063=VECTOR('',#3745,1.);
#1064=VECTOR('',#3748,1.);
#1065=VECTOR('',#3749,1.);
#1066=VECTOR('',#3752,1.);
#1067=VECTOR('',#3753,1.);
#1068=VECTOR('',#3756,1.);
#1069=VECTOR('',#3757,1.);
#1070=VECTOR('',#3760,1.);
#1071=VECTOR('',#3761,1.);
#1072=VECTOR('',#3764,1.);
#1073=VECTOR('',#3765,1.);
#1074=VECTOR('',#3768,1.);
#1075=VECTOR('',#3769,1.);
#1076=VECTOR('',#3772,1.);
#1077=VECTOR('',#3773,1.);
#1078=VECTOR('',#3776,1.);
#1079=VECTOR('',#3777,1.);
#1080=VECTOR('',#3780,1.);
#1081=VECTOR('',#3781,1.);
#1082=VECTOR('',#3784,1.);
#1083=VECTOR('',#3785,1.);
#1084=VECTOR('',#3788,1.);
#1085=VECTOR('',#3789,1.);
#1086=VECTOR('',#3792,1.);
#1087=VECTOR('',#3793,1.);
#1088=VECTOR('',#3796,1.);
#1089=VECTOR('',#3797,1.);
#1090=VECTOR('',#3800,1.);
#1091=VECTOR('',#3801,1.);
#1092=VECTOR('',#3804,1.);
#1093=VECTOR('',#3805,1.);
#1094=VECTOR('',#3808,1.);
#1095=VECTOR('',#3809,1.);
#1096=VECTOR('',#3812,1.);
#1097=VECTOR('',#3813,1.);
#1098=VECTOR('',#3816,1.);
#1099=VECTOR('',#3817,1.);
#1100=VECTOR('',#3820,1.);
#1101=VECTOR('',#3821,1.);
#1102=VECTOR('',#3824,1.);
#1103=VECTOR('',#3825,1.);
#1104=VECTOR('',#3828,1.);
#1105=VECTOR('',#3829,1.);
#1106=VECTOR('',#3832,1.);
#1107=VECTOR('',#3833,1.);
#1108=VECTOR('',#3836,1.);
#1109=VECTOR('',#3837,1.);
#1110=VECTOR('',#3840,1.);
#1111=VECTOR('',#3841,1.);
#1112=VECTOR('',#3844,1.);
#1113=VECTOR('',#3845,1.);
#1114=VECTOR('',#3848,1.);
#1115=VECTOR('',#3849,1.);
#1116=VECTOR('',#3852,1.);
#1117=VECTOR('',#3853,1.);
#1118=VECTOR('',#3856,1.);
#1119=VECTOR('',#3857,1.);
#1120=VECTOR('',#3860,1.);
#1121=VECTOR('',#3861,1.);
#1122=VECTOR('',#3864,1.);
#1123=VECTOR('',#3865,1.);
#1124=VECTOR('',#3868,1.);
#1125=VECTOR('',#3869,1.);
#1126=VECTOR('',#3872,1.);
#1127=VECTOR('',#3873,1.);
#1128=VECTOR('',#3876,1.);
#1129=VECTOR('',#3877,1.);
#1130=VECTOR('',#3880,1.);
#1131=VECTOR('',#3881,1.);
#1132=VECTOR('',#3884,1.);
#1133=VECTOR('',#3885,1.);
#1134=VECTOR('',#3888,1.);
#1135=VECTOR('',#3889,1.);
#1136=VECTOR('',#3892,1.);
#1137=VECTOR('',#3893,1.);
#1138=VECTOR('',#3896,1.);
#1139=VECTOR('',#3897,1.);
#1140=VECTOR('',#3900,1.);
#1141=VECTOR('',#3901,1.);
#1142=VECTOR('',#3904,1.);
#1143=VECTOR('',#3905,1.);
#1144=VECTOR('',#3908,1.);
#1145=VECTOR('',#3909,1.);
#1146=VECTOR('',#3912,1.);
#1147=VECTOR('',#3913,1.);
#1148=VECTOR('',#3916,1.);
#1149=VECTOR('',#3917,1.);
#1150=VECTOR('',#3920,1.);
#1151=VECTOR('',#3921,1.);
#1152=VECTOR('',#3924,1.);
#1153=VECTOR('',#3925,1.);
#1154=VECTOR('',#3928,1.);
#1155=VECTOR('',#3929,1.);
#1156=VECTOR('',#3932,1.);
#1157=VECTOR('',#3933,1.);
#1158=VECTOR('',#3936,1.);
#1159=VECTOR('',#3937,1.);
#1160=VECTOR('',#3940,1.);
#1161=VECTOR('',#3941,1.);
#1162=VECTOR('',#3944,1.);
#1163=VECTOR('',#3945,1.);
#1164=VECTOR('',#3948,1.);
#1165=VECTOR('',#3949,1.);
#1166=VECTOR('',#3952,1.);
#1167=VECTOR('',#3953,1.);
#1168=VECTOR('',#3956,1.);
#1169=VECTOR('',#3957,1.);
#1170=VECTOR('',#3960,1.);
#1171=VECTOR('',#3961,1.);
#1172=VECTOR('',#3964,1.);
#1173=VECTOR('',#3965,1.);
#1174=VECTOR('',#3968,1.);
#1175=VECTOR('',#3969,1.);
#1176=VECTOR('',#3972,1.);
#1177=VECTOR('',#3973,1.);
#1178=VECTOR('',#3976,1.);
#1179=VECTOR('',#3977,1.);
#1180=VECTOR('',#3980,1.);
#1181=VECTOR('',#3981,1.);
#1182=VECTOR('',#3984,1.);
#1183=VECTOR('',#3985,1.);
#1184=VECTOR('',#3988,1.);
#1185=VECTOR('',#3989,1.);
#1186=VECTOR('',#3992,1.);
#1187=VECTOR('',#3993,1.);
#1188=VECTOR('',#3996,1.);
#1189=VECTOR('',#3997,1.);
#1190=VECTOR('',#4000,1.);
#1191=VERTEX_POINT('',#4005);
#1192=VERTEX_POINT('',#4006);
#1193=VERTEX_POINT('',#4008);
#1194=VERTEX_POINT('',#4010);
#1195=VERTEX_POINT('',#4014);
#1196=VERTEX_POINT('',#4016);
#1197=VERTEX_POINT('',#4020);
#1198=VERTEX_POINT('',#4022);
#1199=VERTEX_POINT('',#4029);
#1200=VERTEX_POINT('',#4030);
#1201=VERTEX_POINT('',#4032);
#1202=VERTEX_POINT('',#4034);
#1203=VERTEX_POINT('',#4038);
#1204=VERTEX_POINT('',#4040);
#1205=VERTEX_POINT('',#4044);
#1206=VERTEX_POINT('',#4046);
#1207=VERTEX_POINT('',#4053);
#1208=VERTEX_POINT('',#4054);
#1209=VERTEX_POINT('',#4056);
#1210=VERTEX_POINT('',#4058);
#1211=VERTEX_POINT('',#4060);
#1212=VERTEX_POINT('',#4062);
#1213=VERTEX_POINT('',#4064);
#1214=VERTEX_POINT('',#4066);
#1215=VERTEX_POINT('',#4068);
#1216=VERTEX_POINT('',#4070);
#1217=VERTEX_POINT('',#4072);
#1218=VERTEX_POINT('',#4074);
#1219=VERTEX_POINT('',#4076);
#1220=VERTEX_POINT('',#4078);
#1221=VERTEX_POINT('',#4080);
#1222=VERTEX_POINT('',#4082);
#1223=VERTEX_POINT('',#4084);
#1224=VERTEX_POINT('',#4086);
#1225=VERTEX_POINT('',#4088);
#1226=VERTEX_POINT('',#4090);
#1227=VERTEX_POINT('',#4092);
#1228=VERTEX_POINT('',#4094);
#1229=VERTEX_POINT('',#4096);
#1230=VERTEX_POINT('',#4098);
#1231=VERTEX_POINT('',#4100);
#1232=VERTEX_POINT('',#4102);
#1233=VERTEX_POINT('',#4104);
#1234=VERTEX_POINT('',#4106);
#1235=VERTEX_POINT('',#4108);
#1236=VERTEX_POINT('',#4110);
#1237=VERTEX_POINT('',#4112);
#1238=VERTEX_POINT('',#4114);
#1239=VERTEX_POINT('',#4116);
#1240=VERTEX_POINT('',#4118);
#1241=VERTEX_POINT('',#4120);
#1242=VERTEX_POINT('',#4122);
#1243=VERTEX_POINT('',#4124);
#1244=VERTEX_POINT('',#4126);
#1245=VERTEX_POINT('',#4128);
#1246=VERTEX_POINT('',#4130);
#1247=VERTEX_POINT('',#4132);
#1248=VERTEX_POINT('',#4134);
#1249=VERTEX_POINT('',#4136);
#1250=VERTEX_POINT('',#4138);
#1251=VERTEX_POINT('',#4140);
#1252=VERTEX_POINT('',#4142);
#1253=VERTEX_POINT('',#4144);
#1254=VERTEX_POINT('',#4146);
#1255=VERTEX_POINT('',#4148);
#1256=VERTEX_POINT('',#4150);
#1257=VERTEX_POINT('',#4152);
#1258=VERTEX_POINT('',#4154);
#1259=VERTEX_POINT('',#4156);
#1260=VERTEX_POINT('',#4158);
#1261=VERTEX_POINT('',#4160);
#1262=VERTEX_POINT('',#4162);
#1263=VERTEX_POINT('',#4164);
#1264=VERTEX_POINT('',#4166);
#1265=VERTEX_POINT('',#4168);
#1266=VERTEX_POINT('',#4170);
#1267=VERTEX_POINT('',#4172);
#1268=VERTEX_POINT('',#4174);
#1269=VERTEX_POINT('',#4176);
#1270=VERTEX_POINT('',#4178);
#1271=VERTEX_POINT('',#4180);
#1272=VERTEX_POINT('',#4182);
#1273=VERTEX_POINT('',#4184);
#1274=VERTEX_POINT('',#4186);
#1275=VERTEX_POINT('',#4188);
#1276=VERTEX_POINT('',#4190);
#1277=VERTEX_POINT('',#4192);
#1278=VERTEX_POINT('',#4194);
#1279=VERTEX_POINT('',#4196);
#1280=VERTEX_POINT('',#4198);
#1281=VERTEX_POINT('',#4200);
#1282=VERTEX_POINT('',#4202);
#1283=VERTEX_POINT('',#4204);
#1284=VERTEX_POINT('',#4206);
#1285=VERTEX_POINT('',#4208);
#1286=VERTEX_POINT('',#4210);
#1287=VERTEX_POINT('',#4212);
#1288=VERTEX_POINT('',#4214);
#1289=VERTEX_POINT('',#4216);
#1290=VERTEX_POINT('',#4218);
#1291=VERTEX_POINT('',#4220);
#1292=VERTEX_POINT('',#4222);
#1293=VERTEX_POINT('',#4224);
#1294=VERTEX_POINT('',#4226);
#1295=VERTEX_POINT('',#4228);
#1296=VERTEX_POINT('',#4230);
#1297=VERTEX_POINT('',#4232);
#1298=VERTEX_POINT('',#4234);
#1299=VERTEX_POINT('',#4236);
#1300=VERTEX_POINT('',#4238);
#1301=VERTEX_POINT('',#4240);
#1302=VERTEX_POINT('',#4242);
#1303=VERTEX_POINT('',#4244);
#1304=VERTEX_POINT('',#4246);
#1305=VERTEX_POINT('',#4248);
#1306=VERTEX_POINT('',#4250);
#1307=VERTEX_POINT('',#4252);
#1308=VERTEX_POINT('',#4254);
#1309=VERTEX_POINT('',#4256);
#1310=VERTEX_POINT('',#4258);
#1311=VERTEX_POINT('',#4260);
#1312=VERTEX_POINT('',#4262);
#1313=VERTEX_POINT('',#4264);
#1314=VERTEX_POINT('',#4266);
#1315=VERTEX_POINT('',#4268);
#1316=VERTEX_POINT('',#4270);
#1317=VERTEX_POINT('',#4272);
#1318=VERTEX_POINT('',#4274);
#1319=VERTEX_POINT('',#4276);
#1320=VERTEX_POINT('',#4278);
#1321=VERTEX_POINT('',#4280);
#1322=VERTEX_POINT('',#4282);
#1323=VERTEX_POINT('',#4284);
#1324=VERTEX_POINT('',#4286);
#1325=VERTEX_POINT('',#4288);
#1326=VERTEX_POINT('',#4290);
#1327=VERTEX_POINT('',#4292);
#1328=VERTEX_POINT('',#4294);
#1329=VERTEX_POINT('',#4296);
#1330=VERTEX_POINT('',#4298);
#1331=VERTEX_POINT('',#4300);
#1332=VERTEX_POINT('',#4302);
#1333=VERTEX_POINT('',#4304);
#1334=VERTEX_POINT('',#4306);
#1335=VERTEX_POINT('',#4308);
#1336=VERTEX_POINT('',#4310);
#1337=VERTEX_POINT('',#4312);
#1338=VERTEX_POINT('',#4314);
#1339=VERTEX_POINT('',#4316);
#1340=VERTEX_POINT('',#4318);
#1341=VERTEX_POINT('',#4320);
#1342=VERTEX_POINT('',#4322);
#1343=VERTEX_POINT('',#4324);
#1344=VERTEX_POINT('',#4326);
#1345=VERTEX_POINT('',#4330);
#1346=VERTEX_POINT('',#4332);
#1347=VERTEX_POINT('',#4336);
#1348=VERTEX_POINT('',#4340);
#1349=VERTEX_POINT('',#4344);
#1350=VERTEX_POINT('',#4348);
#1351=VERTEX_POINT('',#4352);
#1352=VERTEX_POINT('',#4356);
#1353=VERTEX_POINT('',#4360);
#1354=VERTEX_POINT('',#4364);
#1355=VERTEX_POINT('',#4368);
#1356=VERTEX_POINT('',#4372);
#1357=VERTEX_POINT('',#4376);
#1358=VERTEX_POINT('',#4380);
#1359=VERTEX_POINT('',#4384);
#1360=VERTEX_POINT('',#4388);
#1361=VERTEX_POINT('',#4392);
#1362=VERTEX_POINT('',#4396);
#1363=VERTEX_POINT('',#4400);
#1364=VERTEX_POINT('',#4404);
#1365=VERTEX_POINT('',#4408);
#1366=VERTEX_POINT('',#4412);
#1367=VERTEX_POINT('',#4416);
#1368=VERTEX_POINT('',#4420);
#1369=VERTEX_POINT('',#4424);
#1370=VERTEX_POINT('',#4428);
#1371=VERTEX_POINT('',#4432);
#1372=VERTEX_POINT('',#4436);
#1373=VERTEX_POINT('',#4440);
#1374=VERTEX_POINT('',#4444);
#1375=VERTEX_POINT('',#4448);
#1376=VERTEX_POINT('',#4452);
#1377=VERTEX_POINT('',#4456);
#1378=VERTEX_POINT('',#4460);
#1379=VERTEX_POINT('',#4464);
#1380=VERTEX_POINT('',#4468);
#1381=VERTEX_POINT('',#4472);
#1382=VERTEX_POINT('',#4476);
#1383=VERTEX_POINT('',#4480);
#1384=VERTEX_POINT('',#4484);
#1385=VERTEX_POINT('',#4488);
#1386=VERTEX_POINT('',#4492);
#1387=VERTEX_POINT('',#4496);
#1388=VERTEX_POINT('',#4500);
#1389=VERTEX_POINT('',#4504);
#1390=VERTEX_POINT('',#4508);
#1391=VERTEX_POINT('',#4512);
#1392=VERTEX_POINT('',#4516);
#1393=VERTEX_POINT('',#4520);
#1394=VERTEX_POINT('',#4524);
#1395=VERTEX_POINT('',#4528);
#1396=VERTEX_POINT('',#4532);
#1397=VERTEX_POINT('',#4536);
#1398=VERTEX_POINT('',#4540);
#1399=VERTEX_POINT('',#4544);
#1400=VERTEX_POINT('',#4548);
#1401=VERTEX_POINT('',#4552);
#1402=VERTEX_POINT('',#4556);
#1403=VERTEX_POINT('',#4560);
#1404=VERTEX_POINT('',#4564);
#1405=VERTEX_POINT('',#4568);
#1406=VERTEX_POINT('',#4572);
#1407=VERTEX_POINT('',#4576);
#1408=VERTEX_POINT('',#4580);
#1409=VERTEX_POINT('',#4584);
#1410=VERTEX_POINT('',#4588);
#1411=VERTEX_POINT('',#4592);
#1412=VERTEX_POINT('',#4596);
#1413=VERTEX_POINT('',#4600);
#1414=VERTEX_POINT('',#4604);
#1415=VERTEX_POINT('',#4608);
#1416=VERTEX_POINT('',#4612);
#1417=VERTEX_POINT('',#4616);
#1418=VERTEX_POINT('',#4620);
#1419=VERTEX_POINT('',#4624);
#1420=VERTEX_POINT('',#4628);
#1421=VERTEX_POINT('',#4632);
#1422=VERTEX_POINT('',#4636);
#1423=VERTEX_POINT('',#4640);
#1424=VERTEX_POINT('',#4644);
#1425=VERTEX_POINT('',#4648);
#1426=VERTEX_POINT('',#4652);
#1427=VERTEX_POINT('',#4656);
#1428=VERTEX_POINT('',#4660);
#1429=VERTEX_POINT('',#4664);
#1430=VERTEX_POINT('',#4668);
#1431=VERTEX_POINT('',#4672);
#1432=VERTEX_POINT('',#4676);
#1433=VERTEX_POINT('',#4680);
#1434=VERTEX_POINT('',#4684);
#1435=VERTEX_POINT('',#4688);
#1436=VERTEX_POINT('',#4692);
#1437=VERTEX_POINT('',#4696);
#1438=VERTEX_POINT('',#4700);
#1439=VERTEX_POINT('',#4704);
#1440=VERTEX_POINT('',#4708);
#1441=VERTEX_POINT('',#4712);
#1442=VERTEX_POINT('',#4716);
#1443=VERTEX_POINT('',#4720);
#1444=VERTEX_POINT('',#4724);
#1445=VERTEX_POINT('',#4728);
#1446=VERTEX_POINT('',#4732);
#1447=VERTEX_POINT('',#4736);
#1448=VERTEX_POINT('',#4740);
#1449=VERTEX_POINT('',#4744);
#1450=VERTEX_POINT('',#4748);
#1451=VERTEX_POINT('',#4752);
#1452=VERTEX_POINT('',#4756);
#1453=VERTEX_POINT('',#4760);
#1454=VERTEX_POINT('',#4764);
#1455=VERTEX_POINT('',#4768);
#1456=VERTEX_POINT('',#4772);
#1457=VERTEX_POINT('',#4776);
#1458=VERTEX_POINT('',#4780);
#1459=VERTEX_POINT('',#4784);
#1460=VERTEX_POINT('',#4788);
#1461=VERTEX_POINT('',#4792);
#1462=VERTEX_POINT('',#4796);
#1463=VERTEX_POINT('',#4800);
#1464=VERTEX_POINT('',#4804);
#1465=VERTEX_POINT('',#4808);
#1466=VERTEX_POINT('',#4812);
#1467=VERTEX_POINT('',#4816);
#1468=VERTEX_POINT('',#4820);
#1469=VERTEX_POINT('',#4824);
#1470=VERTEX_POINT('',#4828);
#1471=VERTEX_POINT('',#4832);
#1472=VERTEX_POINT('',#4836);
#1473=VERTEX_POINT('',#4840);
#1474=VERTEX_POINT('',#4844);
#1475=VERTEX_POINT('',#4848);
#1476=VERTEX_POINT('',#4852);
#1477=VERTEX_POINT('',#4856);
#1478=VERTEX_POINT('',#4860);
#1479=VERTEX_POINT('',#4864);
#1480=VERTEX_POINT('',#4868);
#1481=VERTEX_POINT('',#4872);
#1482=VERTEX_POINT('',#4876);
#1483=EDGE_CURVE('',#1191,#1192,#331,.T.);
#1484=EDGE_CURVE('',#1193,#1191,#323,.T.);
#1485=EDGE_CURVE('',#1194,#1193,#332,.T.);
#1486=EDGE_CURVE('',#1192,#1194,#324,.T.);
#1487=EDGE_CURVE('',#1192,#1195,#333,.T.);
#1488=EDGE_CURVE('',#1196,#1194,#334,.T.);
#1489=EDGE_CURVE('',#1196,#1195,#325,.T.);
#1490=EDGE_CURVE('',#1195,#1197,#335,.T.);
#1491=EDGE_CURVE('',#1198,#1196,#336,.T.);
#1492=EDGE_CURVE('',#1197,#1198,#326,.T.);
#1493=EDGE_CURVE('',#1197,#1191,#337,.T.);
#1494=EDGE_CURVE('',#1193,#1198,#338,.T.);
#1495=EDGE_CURVE('',#1199,#1200,#339,.T.);
#1496=EDGE_CURVE('',#1201,#1199,#327,.T.);
#1497=EDGE_CURVE('',#1202,#1201,#340,.T.);
#1498=EDGE_CURVE('',#1200,#1202,#328,.T.);
#1499=EDGE_CURVE('',#1200,#1203,#341,.T.);
#1500=EDGE_CURVE('',#1204,#1202,#342,.T.);
#1501=EDGE_CURVE('',#1204,#1203,#329,.T.);
#1502=EDGE_CURVE('',#1203,#1205,#343,.T.);
#1503=EDGE_CURVE('',#1206,#1204,#344,.T.);
#1504=EDGE_CURVE('',#1205,#1206,#330,.T.);
#1505=EDGE_CURVE('',#1205,#1199,#345,.T.);
#1506=EDGE_CURVE('',#1201,#1206,#346,.T.);
#1507=EDGE_CURVE('',#1207,#1208,#347,.T.);
#1508=EDGE_CURVE('',#1208,#1209,#348,.T.);
#1509=EDGE_CURVE('',#1209,#1210,#349,.T.);
#1510=EDGE_CURVE('',#1210,#1211,#350,.T.);
#1511=EDGE_CURVE('',#1211,#1212,#351,.T.);
#1512=EDGE_CURVE('',#1212,#1213,#352,.T.);
#1513=EDGE_CURVE('',#1213,#1214,#353,.T.);
#1514=EDGE_CURVE('',#1214,#1215,#354,.T.);
#1515=EDGE_CURVE('',#1215,#1216,#355,.T.);
#1516=EDGE_CURVE('',#1216,#1217,#356,.T.);
#1517=EDGE_CURVE('',#1217,#1218,#357,.T.);
#1518=EDGE_CURVE('',#1218,#1219,#358,.T.);
#1519=EDGE_CURVE('',#1219,#1220,#359,.T.);
#1520=EDGE_CURVE('',#1220,#1221,#360,.T.);
#1521=EDGE_CURVE('',#1221,#1222,#361,.T.);
#1522=EDGE_CURVE('',#1222,#1223,#362,.T.);
#1523=EDGE_CURVE('',#1223,#1224,#363,.T.);
#1524=EDGE_CURVE('',#1224,#1225,#364,.T.);
#1525=EDGE_CURVE('',#1225,#1226,#365,.T.);
#1526=EDGE_CURVE('',#1226,#1227,#366,.T.);
#1527=EDGE_CURVE('',#1227,#1228,#367,.T.);
#1528=EDGE_CURVE('',#1228,#1229,#368,.T.);
#1529=EDGE_CURVE('',#1229,#1230,#369,.T.);
#1530=EDGE_CURVE('',#1230,#1231,#370,.T.);
#1531=EDGE_CURVE('',#1231,#1232,#371,.T.);
#1532=EDGE_CURVE('',#1232,#1233,#372,.T.);
#1533=EDGE_CURVE('',#1233,#1234,#373,.T.);
#1534=EDGE_CURVE('',#1234,#1235,#374,.T.);
#1535=EDGE_CURVE('',#1235,#1236,#375,.T.);
#1536=EDGE_CURVE('',#1236,#1237,#376,.T.);
#1537=EDGE_CURVE('',#1237,#1238,#377,.T.);
#1538=EDGE_CURVE('',#1238,#1239,#378,.T.);
#1539=EDGE_CURVE('',#1239,#1240,#379,.T.);
#1540=EDGE_CURVE('',#1240,#1241,#380,.T.);
#1541=EDGE_CURVE('',#1241,#1242,#381,.T.);
#1542=EDGE_CURVE('',#1242,#1243,#382,.T.);
#1543=EDGE_CURVE('',#1243,#1244,#383,.T.);
#1544=EDGE_CURVE('',#1244,#1245,#384,.T.);
#1545=EDGE_CURVE('',#1245,#1246,#385,.T.);
#1546=EDGE_CURVE('',#1246,#1247,#386,.T.);
#1547=EDGE_CURVE('',#1247,#1248,#387,.T.);
#1548=EDGE_CURVE('',#1248,#1249,#388,.T.);
#1549=EDGE_CURVE('',#1249,#1250,#389,.T.);
#1550=EDGE_CURVE('',#1250,#1251,#390,.T.);
#1551=EDGE_CURVE('',#1251,#1252,#391,.T.);
#1552=EDGE_CURVE('',#1252,#1253,#392,.T.);
#1553=EDGE_CURVE('',#1253,#1254,#393,.T.);
#1554=EDGE_CURVE('',#1254,#1255,#394,.T.);
#1555=EDGE_CURVE('',#1255,#1256,#395,.T.);
#1556=EDGE_CURVE('',#1256,#1257,#396,.T.);
#1557=EDGE_CURVE('',#1257,#1258,#397,.T.);
#1558=EDGE_CURVE('',#1258,#1259,#398,.T.);
#1559=EDGE_CURVE('',#1259,#1260,#399,.T.);
#1560=EDGE_CURVE('',#1260,#1261,#400,.T.);
#1561=EDGE_CURVE('',#1261,#1262,#401,.T.);
#1562=EDGE_CURVE('',#1262,#1263,#402,.T.);
#1563=EDGE_CURVE('',#1263,#1264,#403,.T.);
#1564=EDGE_CURVE('',#1264,#1265,#404,.T.);
#1565=EDGE_CURVE('',#1265,#1266,#405,.T.);
#1566=EDGE_CURVE('',#1266,#1267,#406,.T.);
#1567=EDGE_CURVE('',#1267,#1268,#407,.T.);
#1568=EDGE_CURVE('',#1268,#1269,#408,.T.);
#1569=EDGE_CURVE('',#1269,#1270,#409,.T.);
#1570=EDGE_CURVE('',#1270,#1271,#410,.T.);
#1571=EDGE_CURVE('',#1271,#1272,#411,.T.);
#1572=EDGE_CURVE('',#1272,#1273,#412,.T.);
#1573=EDGE_CURVE('',#1273,#1274,#413,.T.);
#1574=EDGE_CURVE('',#1274,#1275,#414,.T.);
#1575=EDGE_CURVE('',#1275,#1276,#415,.T.);
#1576=EDGE_CURVE('',#1276,#1277,#416,.T.);
#1577=EDGE_CURVE('',#1277,#1278,#417,.T.);
#1578=EDGE_CURVE('',#1278,#1279,#418,.T.);
#1579=EDGE_CURVE('',#1279,#1280,#419,.T.);
#1580=EDGE_CURVE('',#1280,#1281,#420,.T.);
#1581=EDGE_CURVE('',#1281,#1282,#421,.T.);
#1582=EDGE_CURVE('',#1282,#1283,#422,.T.);
#1583=EDGE_CURVE('',#1283,#1284,#423,.T.);
#1584=EDGE_CURVE('',#1284,#1285,#424,.T.);
#1585=EDGE_CURVE('',#1285,#1286,#425,.T.);
#1586=EDGE_CURVE('',#1286,#1287,#426,.T.);
#1587=EDGE_CURVE('',#1287,#1288,#427,.T.);
#1588=EDGE_CURVE('',#1288,#1289,#428,.T.);
#1589=EDGE_CURVE('',#1289,#1290,#429,.T.);
#1590=EDGE_CURVE('',#1290,#1291,#430,.T.);
#1591=EDGE_CURVE('',#1291,#1292,#431,.T.);
#1592=EDGE_CURVE('',#1292,#1293,#432,.T.);
#1593=EDGE_CURVE('',#1293,#1294,#433,.T.);
#1594=EDGE_CURVE('',#1294,#1295,#434,.T.);
#1595=EDGE_CURVE('',#1295,#1296,#435,.T.);
#1596=EDGE_CURVE('',#1296,#1297,#436,.T.);
#1597=EDGE_CURVE('',#1297,#1298,#437,.T.);
#1598=EDGE_CURVE('',#1298,#1299,#438,.T.);
#1599=EDGE_CURVE('',#1299,#1300,#439,.T.);
#1600=EDGE_CURVE('',#1300,#1301,#440,.T.);
#1601=EDGE_CURVE('',#1301,#1302,#441,.T.);
#1602=EDGE_CURVE('',#1302,#1303,#442,.T.);
#1603=EDGE_CURVE('',#1303,#1304,#443,.T.);
#1604=EDGE_CURVE('',#1304,#1305,#444,.T.);
#1605=EDGE_CURVE('',#1305,#1306,#445,.T.);
#1606=EDGE_CURVE('',#1306,#1307,#446,.T.);
#1607=EDGE_CURVE('',#1307,#1308,#447,.T.);
#1608=EDGE_CURVE('',#1308,#1309,#448,.T.);
#1609=EDGE_CURVE('',#1309,#1310,#449,.T.);
#1610=EDGE_CURVE('',#1310,#1311,#450,.T.);
#1611=EDGE_CURVE('',#1311,#1312,#451,.T.);
#1612=EDGE_CURVE('',#1312,#1313,#452,.T.);
#1613=EDGE_CURVE('',#1313,#1314,#453,.T.);
#1614=EDGE_CURVE('',#1314,#1315,#454,.T.);
#1615=EDGE_CURVE('',#1315,#1316,#455,.T.);
#1616=EDGE_CURVE('',#1316,#1317,#456,.T.);
#1617=EDGE_CURVE('',#1317,#1318,#457,.T.);
#1618=EDGE_CURVE('',#1318,#1319,#458,.T.);
#1619=EDGE_CURVE('',#1319,#1320,#459,.T.);
#1620=EDGE_CURVE('',#1320,#1321,#460,.T.);
#1621=EDGE_CURVE('',#1321,#1322,#461,.T.);
#1622=EDGE_CURVE('',#1322,#1323,#462,.T.);
#1623=EDGE_CURVE('',#1323,#1324,#463,.T.);
#1624=EDGE_CURVE('',#1324,#1325,#464,.T.);
#1625=EDGE_CURVE('',#1325,#1326,#465,.T.);
#1626=EDGE_CURVE('',#1326,#1327,#466,.T.);
#1627=EDGE_CURVE('',#1327,#1328,#467,.T.);
#1628=EDGE_CURVE('',#1328,#1329,#468,.T.);
#1629=EDGE_CURVE('',#1329,#1330,#469,.T.);
#1630=EDGE_CURVE('',#1330,#1331,#470,.T.);
#1631=EDGE_CURVE('',#1331,#1332,#471,.T.);
#1632=EDGE_CURVE('',#1332,#1333,#472,.T.);
#1633=EDGE_CURVE('',#1333,#1334,#473,.T.);
#1634=EDGE_CURVE('',#1334,#1335,#474,.T.);
#1635=EDGE_CURVE('',#1335,#1336,#475,.T.);
#1636=EDGE_CURVE('',#1336,#1337,#476,.T.);
#1637=EDGE_CURVE('',#1337,#1338,#477,.T.);
#1638=EDGE_CURVE('',#1338,#1339,#478,.T.);
#1639=EDGE_CURVE('',#1339,#1340,#479,.T.);
#1640=EDGE_CURVE('',#1340,#1341,#480,.T.);
#1641=EDGE_CURVE('',#1341,#1342,#481,.T.);
#1642=EDGE_CURVE('',#1342,#1343,#482,.T.);
#1643=EDGE_CURVE('',#1343,#1344,#483,.T.);
#1644=EDGE_CURVE('',#1344,#1207,#484,.T.);
#1645=EDGE_CURVE('',#1345,#1208,#485,.T.);
#1646=EDGE_CURVE('',#1346,#1345,#486,.T.);
#1647=EDGE_CURVE('',#1209,#1346,#487,.T.);
#1648=EDGE_CURVE('',#1347,#1346,#488,.T.);
#1649=EDGE_CURVE('',#1210,#1347,#489,.T.);
#1650=EDGE_CURVE('',#1348,#1347,#490,.T.);
#1651=EDGE_CURVE('',#1211,#1348,#491,.T.);
#1652=EDGE_CURVE('',#1349,#1348,#492,.T.);
#1653=EDGE_CURVE('',#1212,#1349,#493,.T.);
#1654=EDGE_CURVE('',#1350,#1349,#494,.T.);
#1655=EDGE_CURVE('',#1213,#1350,#495,.T.);
#1656=EDGE_CURVE('',#1351,#1350,#496,.T.);
#1657=EDGE_CURVE('',#1214,#1351,#497,.T.);
#1658=EDGE_CURVE('',#1352,#1351,#498,.T.);
#1659=EDGE_CURVE('',#1215,#1352,#499,.T.);
#1660=EDGE_CURVE('',#1353,#1352,#500,.T.);
#1661=EDGE_CURVE('',#1216,#1353,#501,.T.);
#1662=EDGE_CURVE('',#1354,#1353,#502,.T.);
#1663=EDGE_CURVE('',#1217,#1354,#503,.T.);
#1664=EDGE_CURVE('',#1355,#1354,#504,.T.);
#1665=EDGE_CURVE('',#1218,#1355,#505,.T.);
#1666=EDGE_CURVE('',#1356,#1355,#506,.T.);
#1667=EDGE_CURVE('',#1219,#1356,#507,.T.);
#1668=EDGE_CURVE('',#1357,#1356,#508,.T.);
#1669=EDGE_CURVE('',#1220,#1357,#509,.T.);
#1670=EDGE_CURVE('',#1358,#1357,#510,.T.);
#1671=EDGE_CURVE('',#1221,#1358,#511,.T.);
#1672=EDGE_CURVE('',#1359,#1358,#512,.T.);
#1673=EDGE_CURVE('',#1222,#1359,#513,.T.);
#1674=EDGE_CURVE('',#1360,#1359,#514,.T.);
#1675=EDGE_CURVE('',#1223,#1360,#515,.T.);
#1676=EDGE_CURVE('',#1361,#1360,#516,.T.);
#1677=EDGE_CURVE('',#1224,#1361,#517,.T.);
#1678=EDGE_CURVE('',#1362,#1361,#518,.T.);
#1679=EDGE_CURVE('',#1225,#1362,#519,.T.);
#1680=EDGE_CURVE('',#1363,#1362,#520,.T.);
#1681=EDGE_CURVE('',#1226,#1363,#521,.T.);
#1682=EDGE_CURVE('',#1364,#1363,#522,.T.);
#1683=EDGE_CURVE('',#1227,#1364,#523,.T.);
#1684=EDGE_CURVE('',#1365,#1364,#524,.T.);
#1685=EDGE_CURVE('',#1228,#1365,#525,.T.);
#1686=EDGE_CURVE('',#1366,#1365,#526,.T.);
#1687=EDGE_CURVE('',#1229,#1366,#527,.T.);
#1688=EDGE_CURVE('',#1367,#1366,#528,.T.);
#1689=EDGE_CURVE('',#1230,#1367,#529,.T.);
#1690=EDGE_CURVE('',#1368,#1367,#530,.T.);
#1691=EDGE_CURVE('',#1231,#1368,#531,.T.);
#1692=EDGE_CURVE('',#1369,#1368,#532,.T.);
#1693=EDGE_CURVE('',#1232,#1369,#533,.T.);
#1694=EDGE_CURVE('',#1370,#1369,#534,.T.);
#1695=EDGE_CURVE('',#1233,#1370,#535,.T.);
#1696=EDGE_CURVE('',#1371,#1370,#536,.T.);
#1697=EDGE_CURVE('',#1234,#1371,#537,.T.);
#1698=EDGE_CURVE('',#1372,#1371,#538,.T.);
#1699=EDGE_CURVE('',#1235,#1372,#539,.T.);
#1700=EDGE_CURVE('',#1373,#1372,#540,.T.);
#1701=EDGE_CURVE('',#1236,#1373,#541,.T.);
#1702=EDGE_CURVE('',#1374,#1373,#542,.T.);
#1703=EDGE_CURVE('',#1237,#1374,#543,.T.);
#1704=EDGE_CURVE('',#1375,#1374,#544,.T.);
#1705=EDGE_CURVE('',#1238,#1375,#545,.T.);
#1706=EDGE_CURVE('',#1376,#1375,#546,.T.);
#1707=EDGE_CURVE('',#1239,#1376,#547,.T.);
#1708=EDGE_CURVE('',#1377,#1376,#548,.T.);
#1709=EDGE_CURVE('',#1240,#1377,#549,.T.);
#1710=EDGE_CURVE('',#1378,#1377,#550,.T.);
#1711=EDGE_CURVE('',#1241,#1378,#551,.T.);
#1712=EDGE_CURVE('',#1379,#1378,#552,.T.);
#1713=EDGE_CURVE('',#1242,#1379,#553,.T.);
#1714=EDGE_CURVE('',#1380,#1379,#554,.T.);
#1715=EDGE_CURVE('',#1243,#1380,#555,.T.);
#1716=EDGE_CURVE('',#1381,#1380,#556,.T.);
#1717=EDGE_CURVE('',#1244,#1381,#557,.T.);
#1718=EDGE_CURVE('',#1382,#1381,#558,.T.);
#1719=EDGE_CURVE('',#1245,#1382,#559,.T.);
#1720=EDGE_CURVE('',#1383,#1382,#560,.T.);
#1721=EDGE_CURVE('',#1246,#1383,#561,.T.);
#1722=EDGE_CURVE('',#1384,#1383,#562,.T.);
#1723=EDGE_CURVE('',#1247,#1384,#563,.T.);
#1724=EDGE_CURVE('',#1385,#1384,#564,.T.);
#1725=EDGE_CURVE('',#1248,#1385,#565,.T.);
#1726=EDGE_CURVE('',#1386,#1385,#566,.T.);
#1727=EDGE_CURVE('',#1249,#1386,#567,.T.);
#1728=EDGE_CURVE('',#1387,#1386,#568,.T.);
#1729=EDGE_CURVE('',#1250,#1387,#569,.T.);
#1730=EDGE_CURVE('',#1388,#1387,#570,.T.);
#1731=EDGE_CURVE('',#1251,#1388,#571,.T.);
#1732=EDGE_CURVE('',#1389,#1388,#572,.T.);
#1733=EDGE_CURVE('',#1252,#1389,#573,.T.);
#1734=EDGE_CURVE('',#1390,#1389,#574,.T.);
#1735=EDGE_CURVE('',#1253,#1390,#575,.T.);
#1736=EDGE_CURVE('',#1391,#1390,#576,.T.);
#1737=EDGE_CURVE('',#1254,#1391,#577,.T.);
#1738=EDGE_CURVE('',#1392,#1391,#578,.T.);
#1739=EDGE_CURVE('',#1255,#1392,#579,.T.);
#1740=EDGE_CURVE('',#1393,#1392,#580,.T.);
#1741=EDGE_CURVE('',#1256,#1393,#581,.T.);
#1742=EDGE_CURVE('',#1394,#1393,#582,.T.);
#1743=EDGE_CURVE('',#1257,#1394,#583,.T.);
#1744=EDGE_CURVE('',#1395,#1394,#584,.T.);
#1745=EDGE_CURVE('',#1258,#1395,#585,.T.);
#1746=EDGE_CURVE('',#1396,#1395,#586,.T.);
#1747=EDGE_CURVE('',#1259,#1396,#587,.T.);
#1748=EDGE_CURVE('',#1397,#1396,#588,.T.);
#1749=EDGE_CURVE('',#1260,#1397,#589,.T.);
#1750=EDGE_CURVE('',#1398,#1397,#590,.T.);
#1751=EDGE_CURVE('',#1261,#1398,#591,.T.);
#1752=EDGE_CURVE('',#1399,#1398,#592,.T.);
#1753=EDGE_CURVE('',#1262,#1399,#593,.T.);
#1754=EDGE_CURVE('',#1400,#1399,#594,.T.);
#1755=EDGE_CURVE('',#1263,#1400,#595,.T.);
#1756=EDGE_CURVE('',#1401,#1400,#596,.T.);
#1757=EDGE_CURVE('',#1264,#1401,#597,.T.);
#1758=EDGE_CURVE('',#1402,#1401,#598,.T.);
#1759=EDGE_CURVE('',#1265,#1402,#599,.T.);
#1760=EDGE_CURVE('',#1403,#1402,#600,.T.);
#1761=EDGE_CURVE('',#1266,#1403,#601,.T.);
#1762=EDGE_CURVE('',#1404,#1403,#602,.T.);
#1763=EDGE_CURVE('',#1267,#1404,#603,.T.);
#1764=EDGE_CURVE('',#1405,#1404,#604,.T.);
#1765=EDGE_CURVE('',#1268,#1405,#605,.T.);
#1766=EDGE_CURVE('',#1406,#1405,#606,.T.);
#1767=EDGE_CURVE('',#1269,#1406,#607,.T.);
#1768=EDGE_CURVE('',#1407,#1406,#608,.T.);
#1769=EDGE_CURVE('',#1270,#1407,#609,.T.);
#1770=EDGE_CURVE('',#1408,#1407,#610,.T.);
#1771=EDGE_CURVE('',#1271,#1408,#611,.T.);
#1772=EDGE_CURVE('',#1409,#1408,#612,.T.);
#1773=EDGE_CURVE('',#1272,#1409,#613,.T.);
#1774=EDGE_CURVE('',#1410,#1409,#614,.T.);
#1775=EDGE_CURVE('',#1273,#1410,#615,.T.);
#1776=EDGE_CURVE('',#1411,#1410,#616,.T.);
#1777=EDGE_CURVE('',#1274,#1411,#617,.T.);
#1778=EDGE_CURVE('',#1412,#1411,#618,.T.);
#1779=EDGE_CURVE('',#1275,#1412,#619,.T.);
#1780=EDGE_CURVE('',#1413,#1412,#620,.T.);
#1781=EDGE_CURVE('',#1276,#1413,#621,.T.);
#1782=EDGE_CURVE('',#1414,#1413,#622,.T.);
#1783=EDGE_CURVE('',#1277,#1414,#623,.T.);
#1784=EDGE_CURVE('',#1415,#1414,#624,.T.);
#1785=EDGE_CURVE('',#1278,#1415,#625,.T.);
#1786=EDGE_CURVE('',#1416,#1415,#626,.T.);
#1787=EDGE_CURVE('',#1279,#1416,#627,.T.);
#1788=EDGE_CURVE('',#1417,#1416,#628,.T.);
#1789=EDGE_CURVE('',#1280,#1417,#629,.T.);
#1790=EDGE_CURVE('',#1418,#1417,#630,.T.);
#1791=EDGE_CURVE('',#1281,#1418,#631,.T.);
#1792=EDGE_CURVE('',#1419,#1418,#632,.T.);
#1793=EDGE_CURVE('',#1282,#1419,#633,.T.);
#1794=EDGE_CURVE('',#1420,#1419,#634,.T.);
#1795=EDGE_CURVE('',#1283,#1420,#635,.T.);
#1796=EDGE_CURVE('',#1421,#1420,#636,.T.);
#1797=EDGE_CURVE('',#1284,#1421,#637,.T.);
#1798=EDGE_CURVE('',#1422,#1421,#638,.T.);
#1799=EDGE_CURVE('',#1285,#1422,#639,.T.);
#1800=EDGE_CURVE('',#1423,#1422,#640,.T.);
#1801=EDGE_CURVE('',#1286,#1423,#641,.T.);
#1802=EDGE_CURVE('',#1424,#1423,#642,.T.);
#1803=EDGE_CURVE('',#1287,#1424,#643,.T.);
#1804=EDGE_CURVE('',#1425,#1424,#644,.T.);
#1805=EDGE_CURVE('',#1288,#1425,#645,.T.);
#1806=EDGE_CURVE('',#1426,#1425,#646,.T.);
#1807=EDGE_CURVE('',#1289,#1426,#647,.T.);
#1808=EDGE_CURVE('',#1427,#1426,#648,.T.);
#1809=EDGE_CURVE('',#1290,#1427,#649,.T.);
#1810=EDGE_CURVE('',#1428,#1427,#650,.T.);
#1811=EDGE_CURVE('',#1291,#1428,#651,.T.);
#1812=EDGE_CURVE('',#1429,#1428,#652,.T.);
#1813=EDGE_CURVE('',#1292,#1429,#653,.T.);
#1814=EDGE_CURVE('',#1430,#1429,#654,.T.);
#1815=EDGE_CURVE('',#1293,#1430,#655,.T.);
#1816=EDGE_CURVE('',#1431,#1430,#656,.T.);
#1817=EDGE_CURVE('',#1294,#1431,#657,.T.);
#1818=EDGE_CURVE('',#1432,#1431,#658,.T.);
#1819=EDGE_CURVE('',#1295,#1432,#659,.T.);
#1820=EDGE_CURVE('',#1433,#1432,#660,.T.);
#1821=EDGE_CURVE('',#1296,#1433,#661,.T.);
#1822=EDGE_CURVE('',#1434,#1433,#662,.T.);
#1823=EDGE_CURVE('',#1297,#1434,#663,.T.);
#1824=EDGE_CURVE('',#1435,#1434,#664,.T.);
#1825=EDGE_CURVE('',#1298,#1435,#665,.T.);
#1826=EDGE_CURVE('',#1436,#1435,#666,.T.);
#1827=EDGE_CURVE('',#1299,#1436,#667,.T.);
#1828=EDGE_CURVE('',#1437,#1436,#668,.T.);
#1829=EDGE_CURVE('',#1300,#1437,#669,.T.);
#1830=EDGE_CURVE('',#1438,#1437,#670,.T.);
#1831=EDGE_CURVE('',#1301,#1438,#671,.T.);
#1832=EDGE_CURVE('',#1439,#1438,#672,.T.);
#1833=EDGE_CURVE('',#1302,#1439,#673,.T.);
#1834=EDGE_CURVE('',#1440,#1439,#674,.T.);
#1835=EDGE_CURVE('',#1303,#1440,#675,.T.);
#1836=EDGE_CURVE('',#1441,#1440,#676,.T.);
#1837=EDGE_CURVE('',#1304,#1441,#677,.T.);
#1838=EDGE_CURVE('',#1442,#1441,#678,.T.);
#1839=EDGE_CURVE('',#1305,#1442,#679,.T.);
#1840=EDGE_CURVE('',#1443,#1442,#680,.T.);
#1841=EDGE_CURVE('',#1306,#1443,#681,.T.);
#1842=EDGE_CURVE('',#1444,#1443,#682,.T.);
#1843=EDGE_CURVE('',#1307,#1444,#683,.T.);
#1844=EDGE_CURVE('',#1445,#1444,#684,.T.);
#1845=EDGE_CURVE('',#1308,#1445,#685,.T.);
#1846=EDGE_CURVE('',#1446,#1445,#686,.T.);
#1847=EDGE_CURVE('',#1309,#1446,#687,.T.);
#1848=EDGE_CURVE('',#1447,#1446,#688,.T.);
#1849=EDGE_CURVE('',#1310,#1447,#689,.T.);
#1850=EDGE_CURVE('',#1448,#1447,#690,.T.);
#1851=EDGE_CURVE('',#1311,#1448,#691,.T.);
#1852=EDGE_CURVE('',#1449,#1448,#692,.T.);
#1853=EDGE_CURVE('',#1312,#1449,#693,.T.);
#1854=EDGE_CURVE('',#1450,#1449,#694,.T.);
#1855=EDGE_CURVE('',#1313,#1450,#695,.T.);
#1856=EDGE_CURVE('',#1451,#1450,#696,.T.);
#1857=EDGE_CURVE('',#1314,#1451,#697,.T.);
#1858=EDGE_CURVE('',#1452,#1451,#698,.T.);
#1859=EDGE_CURVE('',#1315,#1452,#699,.T.);
#1860=EDGE_CURVE('',#1453,#1452,#700,.T.);
#1861=EDGE_CURVE('',#1316,#1453,#701,.T.);
#1862=EDGE_CURVE('',#1454,#1453,#702,.T.);
#1863=EDGE_CURVE('',#1317,#1454,#703,.T.);
#1864=EDGE_CURVE('',#1455,#1454,#704,.T.);
#1865=EDGE_CURVE('',#1318,#1455,#705,.T.);
#1866=EDGE_CURVE('',#1456,#1455,#706,.T.);
#1867=EDGE_CURVE('',#1319,#1456,#707,.T.);
#1868=EDGE_CURVE('',#1457,#1456,#708,.T.);
#1869=EDGE_CURVE('',#1320,#1457,#709,.T.);
#1870=EDGE_CURVE('',#1458,#1457,#710,.T.);
#1871=EDGE_CURVE('',#1321,#1458,#711,.T.);
#1872=EDGE_CURVE('',#1459,#1458,#712,.T.);
#1873=EDGE_CURVE('',#1322,#1459,#713,.T.);
#1874=EDGE_CURVE('',#1460,#1459,#714,.T.);
#1875=EDGE_CURVE('',#1323,#1460,#715,.T.);
#1876=EDGE_CURVE('',#1461,#1460,#716,.T.);
#1877=EDGE_CURVE('',#1324,#1461,#717,.T.);
#1878=EDGE_CURVE('',#1462,#1461,#718,.T.);
#1879=EDGE_CURVE('',#1325,#1462,#719,.T.);
#1880=EDGE_CURVE('',#1463,#1462,#720,.T.);
#1881=EDGE_CURVE('',#1326,#1463,#721,.T.);
#1882=EDGE_CURVE('',#1464,#1463,#722,.T.);
#1883=EDGE_CURVE('',#1327,#1464,#723,.T.);
#1884=EDGE_CURVE('',#1465,#1464,#724,.T.);
#1885=EDGE_CURVE('',#1328,#1465,#725,.T.);
#1886=EDGE_CURVE('',#1466,#1465,#726,.T.);
#1887=EDGE_CURVE('',#1329,#1466,#727,.T.);
#1888=EDGE_CURVE('',#1467,#1466,#728,.T.);
#1889=EDGE_CURVE('',#1330,#1467,#729,.T.);
#1890=EDGE_CURVE('',#1468,#1467,#730,.T.);
#1891=EDGE_CURVE('',#1331,#1468,#731,.T.);
#1892=EDGE_CURVE('',#1469,#1468,#732,.T.);
#1893=EDGE_CURVE('',#1332,#1469,#733,.T.);
#1894=EDGE_CURVE('',#1470,#1469,#734,.T.);
#1895=EDGE_CURVE('',#1333,#1470,#735,.T.);
#1896=EDGE_CURVE('',#1471,#1470,#736,.T.);
#1897=EDGE_CURVE('',#1334,#1471,#737,.T.);
#1898=EDGE_CURVE('',#1472,#1471,#738,.T.);
#1899=EDGE_CURVE('',#1335,#1472,#739,.T.);
#1900=EDGE_CURVE('',#1473,#1472,#740,.T.);
#1901=EDGE_CURVE('',#1336,#1473,#741,.T.);
#1902=EDGE_CURVE('',#1474,#1473,#742,.T.);
#1903=EDGE_CURVE('',#1337,#1474,#743,.T.);
#1904=EDGE_CURVE('',#1475,#1474,#744,.T.);
#1905=EDGE_CURVE('',#1338,#1475,#745,.T.);
#1906=EDGE_CURVE('',#1476,#1475,#746,.T.);
#1907=EDGE_CURVE('',#1339,#1476,#747,.T.);
#1908=EDGE_CURVE('',#1477,#1476,#748,.T.);
#1909=EDGE_CURVE('',#1340,#1477,#749,.T.);
#1910=EDGE_CURVE('',#1478,#1477,#750,.T.);
#1911=EDGE_CURVE('',#1341,#1478,#751,.T.);
#1912=EDGE_CURVE('',#1479,#1478,#752,.T.);
#1913=EDGE_CURVE('',#1342,#1479,#753,.T.);
#1914=EDGE_CURVE('',#1480,#1479,#754,.T.);
#1915=EDGE_CURVE('',#1343,#1480,#755,.T.);
#1916=EDGE_CURVE('',#1481,#1480,#756,.T.);
#1917=EDGE_CURVE('',#1344,#1481,#757,.T.);
#1918=EDGE_CURVE('',#1482,#1481,#758,.T.);
#1919=EDGE_CURVE('',#1207,#1482,#759,.T.);
#1920=EDGE_CURVE('',#1345,#1482,#760,.T.);
#1921=ORIENTED_EDGE('',*,*,#1483,.F.);
#1922=ORIENTED_EDGE('',*,*,#1484,.F.);
#1923=ORIENTED_EDGE('',*,*,#1485,.F.);
#1924=ORIENTED_EDGE('',*,*,#1486,.F.);
#1925=ORIENTED_EDGE('',*,*,#1487,.F.);
#1926=ORIENTED_EDGE('',*,*,#1486,.T.);
#1927=ORIENTED_EDGE('',*,*,#1488,.F.);
#1928=ORIENTED_EDGE('',*,*,#1489,.T.);
#1929=ORIENTED_EDGE('',*,*,#1490,.F.);
#1930=ORIENTED_EDGE('',*,*,#1489,.F.);
#1931=ORIENTED_EDGE('',*,*,#1491,.F.);
#1932=ORIENTED_EDGE('',*,*,#1492,.F.);
#1933=ORIENTED_EDGE('',*,*,#1493,.F.);
#1934=ORIENTED_EDGE('',*,*,#1492,.T.);
#1935=ORIENTED_EDGE('',*,*,#1494,.F.);
#1936=ORIENTED_EDGE('',*,*,#1484,.T.);
#1937=ORIENTED_EDGE('',*,*,#1495,.F.);
#1938=ORIENTED_EDGE('',*,*,#1496,.F.);
#1939=ORIENTED_EDGE('',*,*,#1497,.F.);
#1940=ORIENTED_EDGE('',*,*,#1498,.F.);
#1941=ORIENTED_EDGE('',*,*,#1499,.F.);
#1942=ORIENTED_EDGE('',*,*,#1498,.T.);
#1943=ORIENTED_EDGE('',*,*,#1500,.F.);
#1944=ORIENTED_EDGE('',*,*,#1501,.T.);
#1945=ORIENTED_EDGE('',*,*,#1502,.F.);
#1946=ORIENTED_EDGE('',*,*,#1501,.F.);
#1947=ORIENTED_EDGE('',*,*,#1503,.F.);
#1948=ORIENTED_EDGE('',*,*,#1504,.F.);
#1949=ORIENTED_EDGE('',*,*,#1505,.F.);
#1950=ORIENTED_EDGE('',*,*,#1504,.T.);
#1951=ORIENTED_EDGE('',*,*,#1506,.F.);
#1952=ORIENTED_EDGE('',*,*,#1496,.T.);
#1953=ORIENTED_EDGE('',*,*,#1507,.T.);
#1954=ORIENTED_EDGE('',*,*,#1508,.T.);
#1955=ORIENTED_EDGE('',*,*,#1509,.T.);
#1956=ORIENTED_EDGE('',*,*,#1510,.T.);
#1957=ORIENTED_EDGE('',*,*,#1511,.T.);
#1958=ORIENTED_EDGE('',*,*,#1512,.T.);
#1959=ORIENTED_EDGE('',*,*,#1513,.T.);
#1960=ORIENTED_EDGE('',*,*,#1514,.T.);
#1961=ORIENTED_EDGE('',*,*,#1515,.T.);
#1962=ORIENTED_EDGE('',*,*,#1516,.T.);
#1963=ORIENTED_EDGE('',*,*,#1517,.T.);
#1964=ORIENTED_EDGE('',*,*,#1518,.T.);
#1965=ORIENTED_EDGE('',*,*,#1519,.T.);
#1966=ORIENTED_EDGE('',*,*,#1520,.T.);
#1967=ORIENTED_EDGE('',*,*,#1521,.T.);
#1968=ORIENTED_EDGE('',*,*,#1522,.T.);
#1969=ORIENTED_EDGE('',*,*,#1523,.T.);
#1970=ORIENTED_EDGE('',*,*,#1524,.T.);
#1971=ORIENTED_EDGE('',*,*,#1525,.T.);
#1972=ORIENTED_EDGE('',*,*,#1526,.T.);
#1973=ORIENTED_EDGE('',*,*,#1527,.T.);
#1974=ORIENTED_EDGE('',*,*,#1528,.T.);
#1975=ORIENTED_EDGE('',*,*,#1529,.T.);
#1976=ORIENTED_EDGE('',*,*,#1530,.T.);
#1977=ORIENTED_EDGE('',*,*,#1531,.T.);
#1978=ORIENTED_EDGE('',*,*,#1532,.T.);
#1979=ORIENTED_EDGE('',*,*,#1533,.T.);
#1980=ORIENTED_EDGE('',*,*,#1534,.T.);
#1981=ORIENTED_EDGE('',*,*,#1535,.T.);
#1982=ORIENTED_EDGE('',*,*,#1536,.T.);
#1983=ORIENTED_EDGE('',*,*,#1537,.T.);
#1984=ORIENTED_EDGE('',*,*,#1538,.T.);
#1985=ORIENTED_EDGE('',*,*,#1539,.T.);
#1986=ORIENTED_EDGE('',*,*,#1540,.T.);
#1987=ORIENTED_EDGE('',*,*,#1541,.T.);
#1988=ORIENTED_EDGE('',*,*,#1542,.T.);
#1989=ORIENTED_EDGE('',*,*,#1543,.T.);
#1990=ORIENTED_EDGE('',*,*,#1544,.T.);
#1991=ORIENTED_EDGE('',*,*,#1545,.T.);
#1992=ORIENTED_EDGE('',*,*,#1546,.T.);
#1993=ORIENTED_EDGE('',*,*,#1547,.T.);
#1994=ORIENTED_EDGE('',*,*,#1548,.T.);
#1995=ORIENTED_EDGE('',*,*,#1549,.T.);
#1996=ORIENTED_EDGE('',*,*,#1550,.T.);
#1997=ORIENTED_EDGE('',*,*,#1551,.T.);
#1998=ORIENTED_EDGE('',*,*,#1552,.T.);
#1999=ORIENTED_EDGE('',*,*,#1553,.T.);
#2000=ORIENTED_EDGE('',*,*,#1554,.T.);
#2001=ORIENTED_EDGE('',*,*,#1555,.T.);
#2002=ORIENTED_EDGE('',*,*,#1556,.T.);
#2003=ORIENTED_EDGE('',*,*,#1557,.T.);
#2004=ORIENTED_EDGE('',*,*,#1558,.T.);
#2005=ORIENTED_EDGE('',*,*,#1559,.T.);
#2006=ORIENTED_EDGE('',*,*,#1560,.T.);
#2007=ORIENTED_EDGE('',*,*,#1561,.T.);
#2008=ORIENTED_EDGE('',*,*,#1562,.T.);
#2009=ORIENTED_EDGE('',*,*,#1563,.T.);
#2010=ORIENTED_EDGE('',*,*,#1564,.T.);
#2011=ORIENTED_EDGE('',*,*,#1565,.T.);
#2012=ORIENTED_EDGE('',*,*,#1566,.T.);
#2013=ORIENTED_EDGE('',*,*,#1567,.T.);
#2014=ORIENTED_EDGE('',*,*,#1568,.T.);
#2015=ORIENTED_EDGE('',*,*,#1569,.T.);
#2016=ORIENTED_EDGE('',*,*,#1570,.T.);
#2017=ORIENTED_EDGE('',*,*,#1571,.T.);
#2018=ORIENTED_EDGE('',*,*,#1572,.T.);
#2019=ORIENTED_EDGE('',*,*,#1573,.T.);
#2020=ORIENTED_EDGE('',*,*,#1574,.T.);
#2021=ORIENTED_EDGE('',*,*,#1575,.T.);
#2022=ORIENTED_EDGE('',*,*,#1576,.T.);
#2023=ORIENTED_EDGE('',*,*,#1577,.T.);
#2024=ORIENTED_EDGE('',*,*,#1578,.T.);
#2025=ORIENTED_EDGE('',*,*,#1579,.T.);
#2026=ORIENTED_EDGE('',*,*,#1580,.T.);
#2027=ORIENTED_EDGE('',*,*,#1581,.T.);
#2028=ORIENTED_EDGE('',*,*,#1582,.T.);
#2029=ORIENTED_EDGE('',*,*,#1583,.T.);
#2030=ORIENTED_EDGE('',*,*,#1584,.T.);
#2031=ORIENTED_EDGE('',*,*,#1585,.T.);
#2032=ORIENTED_EDGE('',*,*,#1586,.T.);
#2033=ORIENTED_EDGE('',*,*,#1587,.T.);
#2034=ORIENTED_EDGE('',*,*,#1588,.T.);
#2035=ORIENTED_EDGE('',*,*,#1589,.T.);
#2036=ORIENTED_EDGE('',*,*,#1590,.T.);
#2037=ORIENTED_EDGE('',*,*,#1591,.T.);
#2038=ORIENTED_EDGE('',*,*,#1592,.T.);
#2039=ORIENTED_EDGE('',*,*,#1593,.T.);
#2040=ORIENTED_EDGE('',*,*,#1594,.T.);
#2041=ORIENTED_EDGE('',*,*,#1595,.T.);
#2042=ORIENTED_EDGE('',*,*,#1596,.T.);
#2043=ORIENTED_EDGE('',*,*,#1597,.T.);
#2044=ORIENTED_EDGE('',*,*,#1598,.T.);
#2045=ORIENTED_EDGE('',*,*,#1599,.T.);
#2046=ORIENTED_EDGE('',*,*,#1600,.T.);
#2047=ORIENTED_EDGE('',*,*,#1601,.T.);
#2048=ORIENTED_EDGE('',*,*,#1602,.T.);
#2049=ORIENTED_EDGE('',*,*,#1603,.T.);
#2050=ORIENTED_EDGE('',*,*,#1604,.T.);
#2051=ORIENTED_EDGE('',*,*,#1605,.T.);
#2052=ORIENTED_EDGE('',*,*,#1606,.T.);
#2053=ORIENTED_EDGE('',*,*,#1607,.T.);
#2054=ORIENTED_EDGE('',*,*,#1608,.T.);
#2055=ORIENTED_EDGE('',*,*,#1609,.T.);
#2056=ORIENTED_EDGE('',*,*,#1610,.T.);
#2057=ORIENTED_EDGE('',*,*,#1611,.T.);
#2058=ORIENTED_EDGE('',*,*,#1612,.T.);
#2059=ORIENTED_EDGE('',*,*,#1613,.T.);
#2060=ORIENTED_EDGE('',*,*,#1614,.T.);
#2061=ORIENTED_EDGE('',*,*,#1615,.T.);
#2062=ORIENTED_EDGE('',*,*,#1616,.T.);
#2063=ORIENTED_EDGE('',*,*,#1617,.T.);
#2064=ORIENTED_EDGE('',*,*,#1618,.T.);
#2065=ORIENTED_EDGE('',*,*,#1619,.T.);
#2066=ORIENTED_EDGE('',*,*,#1620,.T.);
#2067=ORIENTED_EDGE('',*,*,#1621,.T.);
#2068=ORIENTED_EDGE('',*,*,#1622,.T.);
#2069=ORIENTED_EDGE('',*,*,#1623,.T.);
#2070=ORIENTED_EDGE('',*,*,#1624,.T.);
#2071=ORIENTED_EDGE('',*,*,#1625,.T.);
#2072=ORIENTED_EDGE('',*,*,#1626,.T.);
#2073=ORIENTED_EDGE('',*,*,#1627,.T.);
#2074=ORIENTED_EDGE('',*,*,#1628,.T.);
#2075=ORIENTED_EDGE('',*,*,#1629,.T.);
#2076=ORIENTED_EDGE('',*,*,#1630,.T.);
#2077=ORIENTED_EDGE('',*,*,#1631,.T.);
#2078=ORIENTED_EDGE('',*,*,#1632,.T.);
#2079=ORIENTED_EDGE('',*,*,#1633,.T.);
#2080=ORIENTED_EDGE('',*,*,#1634,.T.);
#2081=ORIENTED_EDGE('',*,*,#1635,.T.);
#2082=ORIENTED_EDGE('',*,*,#1636,.T.);
#2083=ORIENTED_EDGE('',*,*,#1637,.T.);
#2084=ORIENTED_EDGE('',*,*,#1638,.T.);
#2085=ORIENTED_EDGE('',*,*,#1639,.T.);
#2086=ORIENTED_EDGE('',*,*,#1640,.T.);
#2087=ORIENTED_EDGE('',*,*,#1641,.T.);
#2088=ORIENTED_EDGE('',*,*,#1642,.T.);
#2089=ORIENTED_EDGE('',*,*,#1643,.T.);
#2090=ORIENTED_EDGE('',*,*,#1644,.T.);
#2091=ORIENTED_EDGE('',*,*,#1645,.F.);
#2092=ORIENTED_EDGE('',*,*,#1646,.F.);
#2093=ORIENTED_EDGE('',*,*,#1647,.F.);
#2094=ORIENTED_EDGE('',*,*,#1508,.F.);
#2095=ORIENTED_EDGE('',*,*,#1647,.T.);
#2096=ORIENTED_EDGE('',*,*,#1648,.F.);
#2097=ORIENTED_EDGE('',*,*,#1649,.F.);
#2098=ORIENTED_EDGE('',*,*,#1509,.F.);
#2099=ORIENTED_EDGE('',*,*,#1649,.T.);
#2100=ORIENTED_EDGE('',*,*,#1650,.F.);
#2101=ORIENTED_EDGE('',*,*,#1651,.F.);
#2102=ORIENTED_EDGE('',*,*,#1510,.F.);
#2103=ORIENTED_EDGE('',*,*,#1651,.T.);
#2104=ORIENTED_EDGE('',*,*,#1652,.F.);
#2105=ORIENTED_EDGE('',*,*,#1653,.F.);
#2106=ORIENTED_EDGE('',*,*,#1511,.F.);
#2107=ORIENTED_EDGE('',*,*,#1653,.T.);
#2108=ORIENTED_EDGE('',*,*,#1654,.F.);
#2109=ORIENTED_EDGE('',*,*,#1655,.F.);
#2110=ORIENTED_EDGE('',*,*,#1512,.F.);
#2111=ORIENTED_EDGE('',*,*,#1655,.T.);
#2112=ORIENTED_EDGE('',*,*,#1656,.F.);
#2113=ORIENTED_EDGE('',*,*,#1657,.F.);
#2114=ORIENTED_EDGE('',*,*,#1513,.F.);
#2115=ORIENTED_EDGE('',*,*,#1657,.T.);
#2116=ORIENTED_EDGE('',*,*,#1658,.F.);
#2117=ORIENTED_EDGE('',*,*,#1659,.F.);
#2118=ORIENTED_EDGE('',*,*,#1514,.F.);
#2119=ORIENTED_EDGE('',*,*,#1659,.T.);
#2120=ORIENTED_EDGE('',*,*,#1660,.F.);
#2121=ORIENTED_EDGE('',*,*,#1661,.F.);
#2122=ORIENTED_EDGE('',*,*,#1515,.F.);
#2123=ORIENTED_EDGE('',*,*,#1661,.T.);
#2124=ORIENTED_EDGE('',*,*,#1662,.F.);
#2125=ORIENTED_EDGE('',*,*,#1663,.F.);
#2126=ORIENTED_EDGE('',*,*,#1516,.F.);
#2127=ORIENTED_EDGE('',*,*,#1663,.T.);
#2128=ORIENTED_EDGE('',*,*,#1664,.F.);
#2129=ORIENTED_EDGE('',*,*,#1665,.F.);
#2130=ORIENTED_EDGE('',*,*,#1517,.F.);
#2131=ORIENTED_EDGE('',*,*,#1665,.T.);
#2132=ORIENTED_EDGE('',*,*,#1666,.F.);
#2133=ORIENTED_EDGE('',*,*,#1667,.F.);
#2134=ORIENTED_EDGE('',*,*,#1518,.F.);
#2135=ORIENTED_EDGE('',*,*,#1667,.T.);
#2136=ORIENTED_EDGE('',*,*,#1668,.F.);
#2137=ORIENTED_EDGE('',*,*,#1669,.F.);
#2138=ORIENTED_EDGE('',*,*,#1519,.F.);
#2139=ORIENTED_EDGE('',*,*,#1669,.T.);
#2140=ORIENTED_EDGE('',*,*,#1670,.F.);
#2141=ORIENTED_EDGE('',*,*,#1671,.F.);
#2142=ORIENTED_EDGE('',*,*,#1520,.F.);
#2143=ORIENTED_EDGE('',*,*,#1671,.T.);
#2144=ORIENTED_EDGE('',*,*,#1672,.F.);
#2145=ORIENTED_EDGE('',*,*,#1673,.F.);
#2146=ORIENTED_EDGE('',*,*,#1521,.F.);
#2147=ORIENTED_EDGE('',*,*,#1673,.T.);
#2148=ORIENTED_EDGE('',*,*,#1674,.F.);
#2149=ORIENTED_EDGE('',*,*,#1675,.F.);
#2150=ORIENTED_EDGE('',*,*,#1522,.F.);
#2151=ORIENTED_EDGE('',*,*,#1675,.T.);
#2152=ORIENTED_EDGE('',*,*,#1676,.F.);
#2153=ORIENTED_EDGE('',*,*,#1677,.F.);
#2154=ORIENTED_EDGE('',*,*,#1523,.F.);
#2155=ORIENTED_EDGE('',*,*,#1677,.T.);
#2156=ORIENTED_EDGE('',*,*,#1678,.F.);
#2157=ORIENTED_EDGE('',*,*,#1679,.F.);
#2158=ORIENTED_EDGE('',*,*,#1524,.F.);
#2159=ORIENTED_EDGE('',*,*,#1679,.T.);
#2160=ORIENTED_EDGE('',*,*,#1680,.F.);
#2161=ORIENTED_EDGE('',*,*,#1681,.F.);
#2162=ORIENTED_EDGE('',*,*,#1525,.F.);
#2163=ORIENTED_EDGE('',*,*,#1681,.T.);
#2164=ORIENTED_EDGE('',*,*,#1682,.F.);
#2165=ORIENTED_EDGE('',*,*,#1683,.F.);
#2166=ORIENTED_EDGE('',*,*,#1526,.F.);
#2167=ORIENTED_EDGE('',*,*,#1683,.T.);
#2168=ORIENTED_EDGE('',*,*,#1684,.F.);
#2169=ORIENTED_EDGE('',*,*,#1685,.F.);
#2170=ORIENTED_EDGE('',*,*,#1527,.F.);
#2171=ORIENTED_EDGE('',*,*,#1685,.T.);
#2172=ORIENTED_EDGE('',*,*,#1686,.F.);
#2173=ORIENTED_EDGE('',*,*,#1687,.F.);
#2174=ORIENTED_EDGE('',*,*,#1528,.F.);
#2175=ORIENTED_EDGE('',*,*,#1687,.T.);
#2176=ORIENTED_EDGE('',*,*,#1688,.F.);
#2177=ORIENTED_EDGE('',*,*,#1689,.F.);
#2178=ORIENTED_EDGE('',*,*,#1529,.F.);
#2179=ORIENTED_EDGE('',*,*,#1689,.T.);
#2180=ORIENTED_EDGE('',*,*,#1690,.F.);
#2181=ORIENTED_EDGE('',*,*,#1691,.F.);
#2182=ORIENTED_EDGE('',*,*,#1530,.F.);
#2183=ORIENTED_EDGE('',*,*,#1691,.T.);
#2184=ORIENTED_EDGE('',*,*,#1692,.F.);
#2185=ORIENTED_EDGE('',*,*,#1693,.F.);
#2186=ORIENTED_EDGE('',*,*,#1531,.F.);
#2187=ORIENTED_EDGE('',*,*,#1693,.T.);
#2188=ORIENTED_EDGE('',*,*,#1694,.F.);
#2189=ORIENTED_EDGE('',*,*,#1695,.F.);
#2190=ORIENTED_EDGE('',*,*,#1532,.F.);
#2191=ORIENTED_EDGE('',*,*,#1695,.T.);
#2192=ORIENTED_EDGE('',*,*,#1696,.F.);
#2193=ORIENTED_EDGE('',*,*,#1697,.F.);
#2194=ORIENTED_EDGE('',*,*,#1533,.F.);
#2195=ORIENTED_EDGE('',*,*,#1697,.T.);
#2196=ORIENTED_EDGE('',*,*,#1698,.F.);
#2197=ORIENTED_EDGE('',*,*,#1699,.F.);
#2198=ORIENTED_EDGE('',*,*,#1534,.F.);
#2199=ORIENTED_EDGE('',*,*,#1699,.T.);
#2200=ORIENTED_EDGE('',*,*,#1700,.F.);
#2201=ORIENTED_EDGE('',*,*,#1701,.F.);
#2202=ORIENTED_EDGE('',*,*,#1535,.F.);
#2203=ORIENTED_EDGE('',*,*,#1701,.T.);
#2204=ORIENTED_EDGE('',*,*,#1702,.F.);
#2205=ORIENTED_EDGE('',*,*,#1703,.F.);
#2206=ORIENTED_EDGE('',*,*,#1536,.F.);
#2207=ORIENTED_EDGE('',*,*,#1703,.T.);
#2208=ORIENTED_EDGE('',*,*,#1704,.F.);
#2209=ORIENTED_EDGE('',*,*,#1705,.F.);
#2210=ORIENTED_EDGE('',*,*,#1537,.F.);
#2211=ORIENTED_EDGE('',*,*,#1705,.T.);
#2212=ORIENTED_EDGE('',*,*,#1706,.F.);
#2213=ORIENTED_EDGE('',*,*,#1707,.F.);
#2214=ORIENTED_EDGE('',*,*,#1538,.F.);
#2215=ORIENTED_EDGE('',*,*,#1707,.T.);
#2216=ORIENTED_EDGE('',*,*,#1708,.F.);
#2217=ORIENTED_EDGE('',*,*,#1709,.F.);
#2218=ORIENTED_EDGE('',*,*,#1539,.F.);
#2219=ORIENTED_EDGE('',*,*,#1709,.T.);
#2220=ORIENTED_EDGE('',*,*,#1710,.F.);
#2221=ORIENTED_EDGE('',*,*,#1711,.F.);
#2222=ORIENTED_EDGE('',*,*,#1540,.F.);
#2223=ORIENTED_EDGE('',*,*,#1711,.T.);
#2224=ORIENTED_EDGE('',*,*,#1712,.F.);
#2225=ORIENTED_EDGE('',*,*,#1713,.F.);
#2226=ORIENTED_EDGE('',*,*,#1541,.F.);
#2227=ORIENTED_EDGE('',*,*,#1713,.T.);
#2228=ORIENTED_EDGE('',*,*,#1714,.F.);
#2229=ORIENTED_EDGE('',*,*,#1715,.F.);
#2230=ORIENTED_EDGE('',*,*,#1542,.F.);
#2231=ORIENTED_EDGE('',*,*,#1715,.T.);
#2232=ORIENTED_EDGE('',*,*,#1716,.F.);
#2233=ORIENTED_EDGE('',*,*,#1717,.F.);
#2234=ORIENTED_EDGE('',*,*,#1543,.F.);
#2235=ORIENTED_EDGE('',*,*,#1717,.T.);
#2236=ORIENTED_EDGE('',*,*,#1718,.F.);
#2237=ORIENTED_EDGE('',*,*,#1719,.F.);
#2238=ORIENTED_EDGE('',*,*,#1544,.F.);
#2239=ORIENTED_EDGE('',*,*,#1719,.T.);
#2240=ORIENTED_EDGE('',*,*,#1720,.F.);
#2241=ORIENTED_EDGE('',*,*,#1721,.F.);
#2242=ORIENTED_EDGE('',*,*,#1545,.F.);
#2243=ORIENTED_EDGE('',*,*,#1721,.T.);
#2244=ORIENTED_EDGE('',*,*,#1722,.F.);
#2245=ORIENTED_EDGE('',*,*,#1723,.F.);
#2246=ORIENTED_EDGE('',*,*,#1546,.F.);
#2247=ORIENTED_EDGE('',*,*,#1723,.T.);
#2248=ORIENTED_EDGE('',*,*,#1724,.F.);
#2249=ORIENTED_EDGE('',*,*,#1725,.F.);
#2250=ORIENTED_EDGE('',*,*,#1547,.F.);
#2251=ORIENTED_EDGE('',*,*,#1725,.T.);
#2252=ORIENTED_EDGE('',*,*,#1726,.F.);
#2253=ORIENTED_EDGE('',*,*,#1727,.F.);
#2254=ORIENTED_EDGE('',*,*,#1548,.F.);
#2255=ORIENTED_EDGE('',*,*,#1727,.T.);
#2256=ORIENTED_EDGE('',*,*,#1728,.F.);
#2257=ORIENTED_EDGE('',*,*,#1729,.F.);
#2258=ORIENTED_EDGE('',*,*,#1549,.F.);
#2259=ORIENTED_EDGE('',*,*,#1729,.T.);
#2260=ORIENTED_EDGE('',*,*,#1730,.F.);
#2261=ORIENTED_EDGE('',*,*,#1731,.F.);
#2262=ORIENTED_EDGE('',*,*,#1550,.F.);
#2263=ORIENTED_EDGE('',*,*,#1731,.T.);
#2264=ORIENTED_EDGE('',*,*,#1732,.F.);
#2265=ORIENTED_EDGE('',*,*,#1733,.F.);
#2266=ORIENTED_EDGE('',*,*,#1551,.F.);
#2267=ORIENTED_EDGE('',*,*,#1733,.T.);
#2268=ORIENTED_EDGE('',*,*,#1734,.F.);
#2269=ORIENTED_EDGE('',*,*,#1735,.F.);
#2270=ORIENTED_EDGE('',*,*,#1552,.F.);
#2271=ORIENTED_EDGE('',*,*,#1735,.T.);
#2272=ORIENTED_EDGE('',*,*,#1736,.F.);
#2273=ORIENTED_EDGE('',*,*,#1737,.F.);
#2274=ORIENTED_EDGE('',*,*,#1553,.F.);
#2275=ORIENTED_EDGE('',*,*,#1737,.T.);
#2276=ORIENTED_EDGE('',*,*,#1738,.F.);
#2277=ORIENTED_EDGE('',*,*,#1739,.F.);
#2278=ORIENTED_EDGE('',*,*,#1554,.F.);
#2279=ORIENTED_EDGE('',*,*,#1739,.T.);
#2280=ORIENTED_EDGE('',*,*,#1740,.F.);
#2281=ORIENTED_EDGE('',*,*,#1741,.F.);
#2282=ORIENTED_EDGE('',*,*,#1555,.F.);
#2283=ORIENTED_EDGE('',*,*,#1741,.T.);
#2284=ORIENTED_EDGE('',*,*,#1742,.F.);
#2285=ORIENTED_EDGE('',*,*,#1743,.F.);
#2286=ORIENTED_EDGE('',*,*,#1556,.F.);
#2287=ORIENTED_EDGE('',*,*,#1743,.T.);
#2288=ORIENTED_EDGE('',*,*,#1744,.F.);
#2289=ORIENTED_EDGE('',*,*,#1745,.F.);
#2290=ORIENTED_EDGE('',*,*,#1557,.F.);
#2291=ORIENTED_EDGE('',*,*,#1745,.T.);
#2292=ORIENTED_EDGE('',*,*,#1746,.F.);
#2293=ORIENTED_EDGE('',*,*,#1747,.F.);
#2294=ORIENTED_EDGE('',*,*,#1558,.F.);
#2295=ORIENTED_EDGE('',*,*,#1747,.T.);
#2296=ORIENTED_EDGE('',*,*,#1748,.F.);
#2297=ORIENTED_EDGE('',*,*,#1749,.F.);
#2298=ORIENTED_EDGE('',*,*,#1559,.F.);
#2299=ORIENTED_EDGE('',*,*,#1749,.T.);
#2300=ORIENTED_EDGE('',*,*,#1750,.F.);
#2301=ORIENTED_EDGE('',*,*,#1751,.F.);
#2302=ORIENTED_EDGE('',*,*,#1560,.F.);
#2303=ORIENTED_EDGE('',*,*,#1751,.T.);
#2304=ORIENTED_EDGE('',*,*,#1752,.F.);
#2305=ORIENTED_EDGE('',*,*,#1753,.F.);
#2306=ORIENTED_EDGE('',*,*,#1561,.F.);
#2307=ORIENTED_EDGE('',*,*,#1753,.T.);
#2308=ORIENTED_EDGE('',*,*,#1754,.F.);
#2309=ORIENTED_EDGE('',*,*,#1755,.F.);
#2310=ORIENTED_EDGE('',*,*,#1562,.F.);
#2311=ORIENTED_EDGE('',*,*,#1755,.T.);
#2312=ORIENTED_EDGE('',*,*,#1756,.F.);
#2313=ORIENTED_EDGE('',*,*,#1757,.F.);
#2314=ORIENTED_EDGE('',*,*,#1563,.F.);
#2315=ORIENTED_EDGE('',*,*,#1757,.T.);
#2316=ORIENTED_EDGE('',*,*,#1758,.F.);
#2317=ORIENTED_EDGE('',*,*,#1759,.F.);
#2318=ORIENTED_EDGE('',*,*,#1564,.F.);
#2319=ORIENTED_EDGE('',*,*,#1759,.T.);
#2320=ORIENTED_EDGE('',*,*,#1760,.F.);
#2321=ORIENTED_EDGE('',*,*,#1761,.F.);
#2322=ORIENTED_EDGE('',*,*,#1565,.F.);
#2323=ORIENTED_EDGE('',*,*,#1761,.T.);
#2324=ORIENTED_EDGE('',*,*,#1762,.F.);
#2325=ORIENTED_EDGE('',*,*,#1763,.F.);
#2326=ORIENTED_EDGE('',*,*,#1566,.F.);
#2327=ORIENTED_EDGE('',*,*,#1763,.T.);
#2328=ORIENTED_EDGE('',*,*,#1764,.F.);
#2329=ORIENTED_EDGE('',*,*,#1765,.F.);
#2330=ORIENTED_EDGE('',*,*,#1567,.F.);
#2331=ORIENTED_EDGE('',*,*,#1765,.T.);
#2332=ORIENTED_EDGE('',*,*,#1766,.F.);
#2333=ORIENTED_EDGE('',*,*,#1767,.F.);
#2334=ORIENTED_EDGE('',*,*,#1568,.F.);
#2335=ORIENTED_EDGE('',*,*,#1767,.T.);
#2336=ORIENTED_EDGE('',*,*,#1768,.F.);
#2337=ORIENTED_EDGE('',*,*,#1769,.F.);
#2338=ORIENTED_EDGE('',*,*,#1569,.F.);
#2339=ORIENTED_EDGE('',*,*,#1769,.T.);
#2340=ORIENTED_EDGE('',*,*,#1770,.F.);
#2341=ORIENTED_EDGE('',*,*,#1771,.F.);
#2342=ORIENTED_EDGE('',*,*,#1570,.F.);
#2343=ORIENTED_EDGE('',*,*,#1771,.T.);
#2344=ORIENTED_EDGE('',*,*,#1772,.F.);
#2345=ORIENTED_EDGE('',*,*,#1773,.F.);
#2346=ORIENTED_EDGE('',*,*,#1571,.F.);
#2347=ORIENTED_EDGE('',*,*,#1773,.T.);
#2348=ORIENTED_EDGE('',*,*,#1774,.F.);
#2349=ORIENTED_EDGE('',*,*,#1775,.F.);
#2350=ORIENTED_EDGE('',*,*,#1572,.F.);
#2351=ORIENTED_EDGE('',*,*,#1775,.T.);
#2352=ORIENTED_EDGE('',*,*,#1776,.F.);
#2353=ORIENTED_EDGE('',*,*,#1777,.F.);
#2354=ORIENTED_EDGE('',*,*,#1573,.F.);
#2355=ORIENTED_EDGE('',*,*,#1777,.T.);
#2356=ORIENTED_EDGE('',*,*,#1778,.F.);
#2357=ORIENTED_EDGE('',*,*,#1779,.F.);
#2358=ORIENTED_EDGE('',*,*,#1574,.F.);
#2359=ORIENTED_EDGE('',*,*,#1779,.T.);
#2360=ORIENTED_EDGE('',*,*,#1780,.F.);
#2361=ORIENTED_EDGE('',*,*,#1781,.F.);
#2362=ORIENTED_EDGE('',*,*,#1575,.F.);
#2363=ORIENTED_EDGE('',*,*,#1490,.T.);
#2364=ORIENTED_EDGE('',*,*,#1493,.T.);
#2365=ORIENTED_EDGE('',*,*,#1483,.T.);
#2366=ORIENTED_EDGE('',*,*,#1487,.T.);
#2367=ORIENTED_EDGE('',*,*,#1502,.T.);
#2368=ORIENTED_EDGE('',*,*,#1505,.T.);
#2369=ORIENTED_EDGE('',*,*,#1495,.T.);
#2370=ORIENTED_EDGE('',*,*,#1499,.T.);
#2371=ORIENTED_EDGE('',*,*,#1781,.T.);
#2372=ORIENTED_EDGE('',*,*,#1782,.F.);
#2373=ORIENTED_EDGE('',*,*,#1783,.F.);
#2374=ORIENTED_EDGE('',*,*,#1576,.F.);
#2375=ORIENTED_EDGE('',*,*,#1783,.T.);
#2376=ORIENTED_EDGE('',*,*,#1784,.F.);
#2377=ORIENTED_EDGE('',*,*,#1785,.F.);
#2378=ORIENTED_EDGE('',*,*,#1577,.F.);
#2379=ORIENTED_EDGE('',*,*,#1785,.T.);
#2380=ORIENTED_EDGE('',*,*,#1786,.F.);
#2381=ORIENTED_EDGE('',*,*,#1787,.F.);
#2382=ORIENTED_EDGE('',*,*,#1578,.F.);
#2383=ORIENTED_EDGE('',*,*,#1491,.T.);
#2384=ORIENTED_EDGE('',*,*,#1488,.T.);
#2385=ORIENTED_EDGE('',*,*,#1485,.T.);
#2386=ORIENTED_EDGE('',*,*,#1494,.T.);
#2387=ORIENTED_EDGE('',*,*,#1503,.T.);
#2388=ORIENTED_EDGE('',*,*,#1500,.T.);
#2389=ORIENTED_EDGE('',*,*,#1497,.T.);
#2390=ORIENTED_EDGE('',*,*,#1506,.T.);
#2391=ORIENTED_EDGE('',*,*,#1787,.T.);
#2392=ORIENTED_EDGE('',*,*,#1788,.F.);
#2393=ORIENTED_EDGE('',*,*,#1789,.F.);
#2394=ORIENTED_EDGE('',*,*,#1579,.F.);
#2395=ORIENTED_EDGE('',*,*,#1789,.T.);
#2396=ORIENTED_EDGE('',*,*,#1790,.F.);
#2397=ORIENTED_EDGE('',*,*,#1791,.F.);
#2398=ORIENTED_EDGE('',*,*,#1580,.F.);
#2399=ORIENTED_EDGE('',*,*,#1791,.T.);
#2400=ORIENTED_EDGE('',*,*,#1792,.F.);
#2401=ORIENTED_EDGE('',*,*,#1793,.F.);
#2402=ORIENTED_EDGE('',*,*,#1581,.F.);
#2403=ORIENTED_EDGE('',*,*,#1793,.T.);
#2404=ORIENTED_EDGE('',*,*,#1794,.F.);
#2405=ORIENTED_EDGE('',*,*,#1795,.F.);
#2406=ORIENTED_EDGE('',*,*,#1582,.F.);
#2407=ORIENTED_EDGE('',*,*,#1795,.T.);
#2408=ORIENTED_EDGE('',*,*,#1796,.F.);
#2409=ORIENTED_EDGE('',*,*,#1797,.F.);
#2410=ORIENTED_EDGE('',*,*,#1583,.F.);
#2411=ORIENTED_EDGE('',*,*,#1797,.T.);
#2412=ORIENTED_EDGE('',*,*,#1798,.F.);
#2413=ORIENTED_EDGE('',*,*,#1799,.F.);
#2414=ORIENTED_EDGE('',*,*,#1584,.F.);
#2415=ORIENTED_EDGE('',*,*,#1799,.T.);
#2416=ORIENTED_EDGE('',*,*,#1800,.F.);
#2417=ORIENTED_EDGE('',*,*,#1801,.F.);
#2418=ORIENTED_EDGE('',*,*,#1585,.F.);
#2419=ORIENTED_EDGE('',*,*,#1801,.T.);
#2420=ORIENTED_EDGE('',*,*,#1802,.F.);
#2421=ORIENTED_EDGE('',*,*,#1803,.F.);
#2422=ORIENTED_EDGE('',*,*,#1586,.F.);
#2423=ORIENTED_EDGE('',*,*,#1803,.T.);
#2424=ORIENTED_EDGE('',*,*,#1804,.F.);
#2425=ORIENTED_EDGE('',*,*,#1805,.F.);
#2426=ORIENTED_EDGE('',*,*,#1587,.F.);
#2427=ORIENTED_EDGE('',*,*,#1805,.T.);
#2428=ORIENTED_EDGE('',*,*,#1806,.F.);
#2429=ORIENTED_EDGE('',*,*,#1807,.F.);
#2430=ORIENTED_EDGE('',*,*,#1588,.F.);
#2431=ORIENTED_EDGE('',*,*,#1807,.T.);
#2432=ORIENTED_EDGE('',*,*,#1808,.F.);
#2433=ORIENTED_EDGE('',*,*,#1809,.F.);
#2434=ORIENTED_EDGE('',*,*,#1589,.F.);
#2435=ORIENTED_EDGE('',*,*,#1809,.T.);
#2436=ORIENTED_EDGE('',*,*,#1810,.F.);
#2437=ORIENTED_EDGE('',*,*,#1811,.F.);
#2438=ORIENTED_EDGE('',*,*,#1590,.F.);
#2439=ORIENTED_EDGE('',*,*,#1811,.T.);
#2440=ORIENTED_EDGE('',*,*,#1812,.F.);
#2441=ORIENTED_EDGE('',*,*,#1813,.F.);
#2442=ORIENTED_EDGE('',*,*,#1591,.F.);
#2443=ORIENTED_EDGE('',*,*,#1813,.T.);
#2444=ORIENTED_EDGE('',*,*,#1814,.F.);
#2445=ORIENTED_EDGE('',*,*,#1815,.F.);
#2446=ORIENTED_EDGE('',*,*,#1592,.F.);
#2447=ORIENTED_EDGE('',*,*,#1815,.T.);
#2448=ORIENTED_EDGE('',*,*,#1816,.F.);
#2449=ORIENTED_EDGE('',*,*,#1817,.F.);
#2450=ORIENTED_EDGE('',*,*,#1593,.F.);
#2451=ORIENTED_EDGE('',*,*,#1817,.T.);
#2452=ORIENTED_EDGE('',*,*,#1818,.F.);
#2453=ORIENTED_EDGE('',*,*,#1819,.F.);
#2454=ORIENTED_EDGE('',*,*,#1594,.F.);
#2455=ORIENTED_EDGE('',*,*,#1819,.T.);
#2456=ORIENTED_EDGE('',*,*,#1820,.F.);
#2457=ORIENTED_EDGE('',*,*,#1821,.F.);
#2458=ORIENTED_EDGE('',*,*,#1595,.F.);
#2459=ORIENTED_EDGE('',*,*,#1821,.T.);
#2460=ORIENTED_EDGE('',*,*,#1822,.F.);
#2461=ORIENTED_EDGE('',*,*,#1823,.F.);
#2462=ORIENTED_EDGE('',*,*,#1596,.F.);
#2463=ORIENTED_EDGE('',*,*,#1823,.T.);
#2464=ORIENTED_EDGE('',*,*,#1824,.F.);
#2465=ORIENTED_EDGE('',*,*,#1825,.F.);
#2466=ORIENTED_EDGE('',*,*,#1597,.F.);
#2467=ORIENTED_EDGE('',*,*,#1825,.T.);
#2468=ORIENTED_EDGE('',*,*,#1826,.F.);
#2469=ORIENTED_EDGE('',*,*,#1827,.F.);
#2470=ORIENTED_EDGE('',*,*,#1598,.F.);
#2471=ORIENTED_EDGE('',*,*,#1827,.T.);
#2472=ORIENTED_EDGE('',*,*,#1828,.F.);
#2473=ORIENTED_EDGE('',*,*,#1829,.F.);
#2474=ORIENTED_EDGE('',*,*,#1599,.F.);
#2475=ORIENTED_EDGE('',*,*,#1829,.T.);
#2476=ORIENTED_EDGE('',*,*,#1830,.F.);
#2477=ORIENTED_EDGE('',*,*,#1831,.F.);
#2478=ORIENTED_EDGE('',*,*,#1600,.F.);
#2479=ORIENTED_EDGE('',*,*,#1831,.T.);
#2480=ORIENTED_EDGE('',*,*,#1832,.F.);
#2481=ORIENTED_EDGE('',*,*,#1833,.F.);
#2482=ORIENTED_EDGE('',*,*,#1601,.F.);
#2483=ORIENTED_EDGE('',*,*,#1833,.T.);
#2484=ORIENTED_EDGE('',*,*,#1834,.F.);
#2485=ORIENTED_EDGE('',*,*,#1835,.F.);
#2486=ORIENTED_EDGE('',*,*,#1602,.F.);
#2487=ORIENTED_EDGE('',*,*,#1835,.T.);
#2488=ORIENTED_EDGE('',*,*,#1836,.F.);
#2489=ORIENTED_EDGE('',*,*,#1837,.F.);
#2490=ORIENTED_EDGE('',*,*,#1603,.F.);
#2491=ORIENTED_EDGE('',*,*,#1837,.T.);
#2492=ORIENTED_EDGE('',*,*,#1838,.F.);
#2493=ORIENTED_EDGE('',*,*,#1839,.F.);
#2494=ORIENTED_EDGE('',*,*,#1604,.F.);
#2495=ORIENTED_EDGE('',*,*,#1839,.T.);
#2496=ORIENTED_EDGE('',*,*,#1840,.F.);
#2497=ORIENTED_EDGE('',*,*,#1841,.F.);
#2498=ORIENTED_EDGE('',*,*,#1605,.F.);
#2499=ORIENTED_EDGE('',*,*,#1841,.T.);
#2500=ORIENTED_EDGE('',*,*,#1842,.F.);
#2501=ORIENTED_EDGE('',*,*,#1843,.F.);
#2502=ORIENTED_EDGE('',*,*,#1606,.F.);
#2503=ORIENTED_EDGE('',*,*,#1843,.T.);
#2504=ORIENTED_EDGE('',*,*,#1844,.F.);
#2505=ORIENTED_EDGE('',*,*,#1845,.F.);
#2506=ORIENTED_EDGE('',*,*,#1607,.F.);
#2507=ORIENTED_EDGE('',*,*,#1845,.T.);
#2508=ORIENTED_EDGE('',*,*,#1846,.F.);
#2509=ORIENTED_EDGE('',*,*,#1847,.F.);
#2510=ORIENTED_EDGE('',*,*,#1608,.F.);
#2511=ORIENTED_EDGE('',*,*,#1847,.T.);
#2512=ORIENTED_EDGE('',*,*,#1848,.F.);
#2513=ORIENTED_EDGE('',*,*,#1849,.F.);
#2514=ORIENTED_EDGE('',*,*,#1609,.F.);
#2515=ORIENTED_EDGE('',*,*,#1849,.T.);
#2516=ORIENTED_EDGE('',*,*,#1850,.F.);
#2517=ORIENTED_EDGE('',*,*,#1851,.F.);
#2518=ORIENTED_EDGE('',*,*,#1610,.F.);
#2519=ORIENTED_EDGE('',*,*,#1851,.T.);
#2520=ORIENTED_EDGE('',*,*,#1852,.F.);
#2521=ORIENTED_EDGE('',*,*,#1853,.F.);
#2522=ORIENTED_EDGE('',*,*,#1611,.F.);
#2523=ORIENTED_EDGE('',*,*,#1853,.T.);
#2524=ORIENTED_EDGE('',*,*,#1854,.F.);
#2525=ORIENTED_EDGE('',*,*,#1855,.F.);
#2526=ORIENTED_EDGE('',*,*,#1612,.F.);
#2527=ORIENTED_EDGE('',*,*,#1855,.T.);
#2528=ORIENTED_EDGE('',*,*,#1856,.F.);
#2529=ORIENTED_EDGE('',*,*,#1857,.F.);
#2530=ORIENTED_EDGE('',*,*,#1613,.F.);
#2531=ORIENTED_EDGE('',*,*,#1857,.T.);
#2532=ORIENTED_EDGE('',*,*,#1858,.F.);
#2533=ORIENTED_EDGE('',*,*,#1859,.F.);
#2534=ORIENTED_EDGE('',*,*,#1614,.F.);
#2535=ORIENTED_EDGE('',*,*,#1859,.T.);
#2536=ORIENTED_EDGE('',*,*,#1860,.F.);
#2537=ORIENTED_EDGE('',*,*,#1861,.F.);
#2538=ORIENTED_EDGE('',*,*,#1615,.F.);
#2539=ORIENTED_EDGE('',*,*,#1861,.T.);
#2540=ORIENTED_EDGE('',*,*,#1862,.F.);
#2541=ORIENTED_EDGE('',*,*,#1863,.F.);
#2542=ORIENTED_EDGE('',*,*,#1616,.F.);
#2543=ORIENTED_EDGE('',*,*,#1863,.T.);
#2544=ORIENTED_EDGE('',*,*,#1864,.F.);
#2545=ORIENTED_EDGE('',*,*,#1865,.F.);
#2546=ORIENTED_EDGE('',*,*,#1617,.F.);
#2547=ORIENTED_EDGE('',*,*,#1865,.T.);
#2548=ORIENTED_EDGE('',*,*,#1866,.F.);
#2549=ORIENTED_EDGE('',*,*,#1867,.F.);
#2550=ORIENTED_EDGE('',*,*,#1618,.F.);
#2551=ORIENTED_EDGE('',*,*,#1867,.T.);
#2552=ORIENTED_EDGE('',*,*,#1868,.F.);
#2553=ORIENTED_EDGE('',*,*,#1869,.F.);
#2554=ORIENTED_EDGE('',*,*,#1619,.F.);
#2555=ORIENTED_EDGE('',*,*,#1869,.T.);
#2556=ORIENTED_EDGE('',*,*,#1870,.F.);
#2557=ORIENTED_EDGE('',*,*,#1871,.F.);
#2558=ORIENTED_EDGE('',*,*,#1620,.F.);
#2559=ORIENTED_EDGE('',*,*,#1871,.T.);
#2560=ORIENTED_EDGE('',*,*,#1872,.F.);
#2561=ORIENTED_EDGE('',*,*,#1873,.F.);
#2562=ORIENTED_EDGE('',*,*,#1621,.F.);
#2563=ORIENTED_EDGE('',*,*,#1873,.T.);
#2564=ORIENTED_EDGE('',*,*,#1874,.F.);
#2565=ORIENTED_EDGE('',*,*,#1875,.F.);
#2566=ORIENTED_EDGE('',*,*,#1622,.F.);
#2567=ORIENTED_EDGE('',*,*,#1875,.T.);
#2568=ORIENTED_EDGE('',*,*,#1876,.F.);
#2569=ORIENTED_EDGE('',*,*,#1877,.F.);
#2570=ORIENTED_EDGE('',*,*,#1623,.F.);
#2571=ORIENTED_EDGE('',*,*,#1877,.T.);
#2572=ORIENTED_EDGE('',*,*,#1878,.F.);
#2573=ORIENTED_EDGE('',*,*,#1879,.F.);
#2574=ORIENTED_EDGE('',*,*,#1624,.F.);
#2575=ORIENTED_EDGE('',*,*,#1879,.T.);
#2576=ORIENTED_EDGE('',*,*,#1880,.F.);
#2577=ORIENTED_EDGE('',*,*,#1881,.F.);
#2578=ORIENTED_EDGE('',*,*,#1625,.F.);
#2579=ORIENTED_EDGE('',*,*,#1881,.T.);
#2580=ORIENTED_EDGE('',*,*,#1882,.F.);
#2581=ORIENTED_EDGE('',*,*,#1883,.F.);
#2582=ORIENTED_EDGE('',*,*,#1626,.F.);
#2583=ORIENTED_EDGE('',*,*,#1883,.T.);
#2584=ORIENTED_EDGE('',*,*,#1884,.F.);
#2585=ORIENTED_EDGE('',*,*,#1885,.F.);
#2586=ORIENTED_EDGE('',*,*,#1627,.F.);
#2587=ORIENTED_EDGE('',*,*,#1885,.T.);
#2588=ORIENTED_EDGE('',*,*,#1886,.F.);
#2589=ORIENTED_EDGE('',*,*,#1887,.F.);
#2590=ORIENTED_EDGE('',*,*,#1628,.F.);
#2591=ORIENTED_EDGE('',*,*,#1887,.T.);
#2592=ORIENTED_EDGE('',*,*,#1888,.F.);
#2593=ORIENTED_EDGE('',*,*,#1889,.F.);
#2594=ORIENTED_EDGE('',*,*,#1629,.F.);
#2595=ORIENTED_EDGE('',*,*,#1889,.T.);
#2596=ORIENTED_EDGE('',*,*,#1890,.F.);
#2597=ORIENTED_EDGE('',*,*,#1891,.F.);
#2598=ORIENTED_EDGE('',*,*,#1630,.F.);
#2599=ORIENTED_EDGE('',*,*,#1891,.T.);
#2600=ORIENTED_EDGE('',*,*,#1892,.F.);
#2601=ORIENTED_EDGE('',*,*,#1893,.F.);
#2602=ORIENTED_EDGE('',*,*,#1631,.F.);
#2603=ORIENTED_EDGE('',*,*,#1893,.T.);
#2604=ORIENTED_EDGE('',*,*,#1894,.F.);
#2605=ORIENTED_EDGE('',*,*,#1895,.F.);
#2606=ORIENTED_EDGE('',*,*,#1632,.F.);
#2607=ORIENTED_EDGE('',*,*,#1895,.T.);
#2608=ORIENTED_EDGE('',*,*,#1896,.F.);
#2609=ORIENTED_EDGE('',*,*,#1897,.F.);
#2610=ORIENTED_EDGE('',*,*,#1633,.F.);
#2611=ORIENTED_EDGE('',*,*,#1897,.T.);
#2612=ORIENTED_EDGE('',*,*,#1898,.F.);
#2613=ORIENTED_EDGE('',*,*,#1899,.F.);
#2614=ORIENTED_EDGE('',*,*,#1634,.F.);
#2615=ORIENTED_EDGE('',*,*,#1899,.T.);
#2616=ORIENTED_EDGE('',*,*,#1900,.F.);
#2617=ORIENTED_EDGE('',*,*,#1901,.F.);
#2618=ORIENTED_EDGE('',*,*,#1635,.F.);
#2619=ORIENTED_EDGE('',*,*,#1901,.T.);
#2620=ORIENTED_EDGE('',*,*,#1902,.F.);
#2621=ORIENTED_EDGE('',*,*,#1903,.F.);
#2622=ORIENTED_EDGE('',*,*,#1636,.F.);
#2623=ORIENTED_EDGE('',*,*,#1903,.T.);
#2624=ORIENTED_EDGE('',*,*,#1904,.F.);
#2625=ORIENTED_EDGE('',*,*,#1905,.F.);
#2626=ORIENTED_EDGE('',*,*,#1637,.F.);
#2627=ORIENTED_EDGE('',*,*,#1905,.T.);
#2628=ORIENTED_EDGE('',*,*,#1906,.F.);
#2629=ORIENTED_EDGE('',*,*,#1907,.F.);
#2630=ORIENTED_EDGE('',*,*,#1638,.F.);
#2631=ORIENTED_EDGE('',*,*,#1907,.T.);
#2632=ORIENTED_EDGE('',*,*,#1908,.F.);
#2633=ORIENTED_EDGE('',*,*,#1909,.F.);
#2634=ORIENTED_EDGE('',*,*,#1639,.F.);
#2635=ORIENTED_EDGE('',*,*,#1909,.T.);
#2636=ORIENTED_EDGE('',*,*,#1910,.F.);
#2637=ORIENTED_EDGE('',*,*,#1911,.F.);
#2638=ORIENTED_EDGE('',*,*,#1640,.F.);
#2639=ORIENTED_EDGE('',*,*,#1911,.T.);
#2640=ORIENTED_EDGE('',*,*,#1912,.F.);
#2641=ORIENTED_EDGE('',*,*,#1913,.F.);
#2642=ORIENTED_EDGE('',*,*,#1641,.F.);
#2643=ORIENTED_EDGE('',*,*,#1913,.T.);
#2644=ORIENTED_EDGE('',*,*,#1914,.F.);
#2645=ORIENTED_EDGE('',*,*,#1915,.F.);
#2646=ORIENTED_EDGE('',*,*,#1642,.F.);
#2647=ORIENTED_EDGE('',*,*,#1915,.T.);
#2648=ORIENTED_EDGE('',*,*,#1916,.F.);
#2649=ORIENTED_EDGE('',*,*,#1917,.F.);
#2650=ORIENTED_EDGE('',*,*,#1643,.F.);
#2651=ORIENTED_EDGE('',*,*,#1917,.T.);
#2652=ORIENTED_EDGE('',*,*,#1918,.F.);
#2653=ORIENTED_EDGE('',*,*,#1919,.F.);
#2654=ORIENTED_EDGE('',*,*,#1644,.F.);
#2655=ORIENTED_EDGE('',*,*,#1919,.T.);
#2656=ORIENTED_EDGE('',*,*,#1920,.F.);
#2657=ORIENTED_EDGE('',*,*,#1645,.T.);
#2658=ORIENTED_EDGE('',*,*,#1507,.F.);
#2659=ORIENTED_EDGE('',*,*,#1920,.T.);
#2660=ORIENTED_EDGE('',*,*,#1918,.T.);
#2661=ORIENTED_EDGE('',*,*,#1916,.T.);
#2662=ORIENTED_EDGE('',*,*,#1914,.T.);
#2663=ORIENTED_EDGE('',*,*,#1912,.T.);
#2664=ORIENTED_EDGE('',*,*,#1910,.T.);
#2665=ORIENTED_EDGE('',*,*,#1908,.T.);
#2666=ORIENTED_EDGE('',*,*,#1906,.T.);
#2667=ORIENTED_EDGE('',*,*,#1904,.T.);
#2668=ORIENTED_EDGE('',*,*,#1902,.T.);
#2669=ORIENTED_EDGE('',*,*,#1900,.T.);
#2670=ORIENTED_EDGE('',*,*,#1898,.T.);
#2671=ORIENTED_EDGE('',*,*,#1896,.T.);
#2672=ORIENTED_EDGE('',*,*,#1894,.T.);
#2673=ORIENTED_EDGE('',*,*,#1892,.T.);
#2674=ORIENTED_EDGE('',*,*,#1890,.T.);
#2675=ORIENTED_EDGE('',*,*,#1888,.T.);
#2676=ORIENTED_EDGE('',*,*,#1886,.T.);
#2677=ORIENTED_EDGE('',*,*,#1884,.T.);
#2678=ORIENTED_EDGE('',*,*,#1882,.T.);
#2679=ORIENTED_EDGE('',*,*,#1880,.T.);
#2680=ORIENTED_EDGE('',*,*,#1878,.T.);
#2681=ORIENTED_EDGE('',*,*,#1876,.T.);
#2682=ORIENTED_EDGE('',*,*,#1874,.T.);
#2683=ORIENTED_EDGE('',*,*,#1872,.T.);
#2684=ORIENTED_EDGE('',*,*,#1870,.T.);
#2685=ORIENTED_EDGE('',*,*,#1868,.T.);
#2686=ORIENTED_EDGE('',*,*,#1866,.T.);
#2687=ORIENTED_EDGE('',*,*,#1864,.T.);
#2688=ORIENTED_EDGE('',*,*,#1862,.T.);
#2689=ORIENTED_EDGE('',*,*,#1860,.T.);
#2690=ORIENTED_EDGE('',*,*,#1858,.T.);
#2691=ORIENTED_EDGE('',*,*,#1856,.T.);
#2692=ORIENTED_EDGE('',*,*,#1854,.T.);
#2693=ORIENTED_EDGE('',*,*,#1852,.T.);
#2694=ORIENTED_EDGE('',*,*,#1850,.T.);
#2695=ORIENTED_EDGE('',*,*,#1848,.T.);
#2696=ORIENTED_EDGE('',*,*,#1846,.T.);
#2697=ORIENTED_EDGE('',*,*,#1844,.T.);
#2698=ORIENTED_EDGE('',*,*,#1842,.T.);
#2699=ORIENTED_EDGE('',*,*,#1840,.T.);
#2700=ORIENTED_EDGE('',*,*,#1838,.T.);
#2701=ORIENTED_EDGE('',*,*,#1836,.T.);
#2702=ORIENTED_EDGE('',*,*,#1834,.T.);
#2703=ORIENTED_EDGE('',*,*,#1832,.T.);
#2704=ORIENTED_EDGE('',*,*,#1830,.T.);
#2705=ORIENTED_EDGE('',*,*,#1828,.T.);
#2706=ORIENTED_EDGE('',*,*,#1826,.T.);
#2707=ORIENTED_EDGE('',*,*,#1824,.T.);
#2708=ORIENTED_EDGE('',*,*,#1822,.T.);
#2709=ORIENTED_EDGE('',*,*,#1820,.T.);
#2710=ORIENTED_EDGE('',*,*,#1818,.T.);
#2711=ORIENTED_EDGE('',*,*,#1816,.T.);
#2712=ORIENTED_EDGE('',*,*,#1814,.T.);
#2713=ORIENTED_EDGE('',*,*,#1812,.T.);
#2714=ORIENTED_EDGE('',*,*,#1810,.T.);
#2715=ORIENTED_EDGE('',*,*,#1808,.T.);
#2716=ORIENTED_EDGE('',*,*,#1806,.T.);
#2717=ORIENTED_EDGE('',*,*,#1804,.T.);
#2718=ORIENTED_EDGE('',*,*,#1802,.T.);
#2719=ORIENTED_EDGE('',*,*,#1800,.T.);
#2720=ORIENTED_EDGE('',*,*,#1798,.T.);
#2721=ORIENTED_EDGE('',*,*,#1796,.T.);
#2722=ORIENTED_EDGE('',*,*,#1794,.T.);
#2723=ORIENTED_EDGE('',*,*,#1792,.T.);
#2724=ORIENTED_EDGE('',*,*,#1790,.T.);
#2725=ORIENTED_EDGE('',*,*,#1788,.T.);
#2726=ORIENTED_EDGE('',*,*,#1786,.T.);
#2727=ORIENTED_EDGE('',*,*,#1784,.T.);
#2728=ORIENTED_EDGE('',*,*,#1782,.T.);
#2729=ORIENTED_EDGE('',*,*,#1780,.T.);
#2730=ORIENTED_EDGE('',*,*,#1778,.T.);
#2731=ORIENTED_EDGE('',*,*,#1776,.T.);
#2732=ORIENTED_EDGE('',*,*,#1774,.T.);
#2733=ORIENTED_EDGE('',*,*,#1772,.T.);
#2734=ORIENTED_EDGE('',*,*,#1770,.T.);
#2735=ORIENTED_EDGE('',*,*,#1768,.T.);
#2736=ORIENTED_EDGE('',*,*,#1766,.T.);
#2737=ORIENTED_EDGE('',*,*,#1764,.T.);
#2738=ORIENTED_EDGE('',*,*,#1762,.T.);
#2739=ORIENTED_EDGE('',*,*,#1760,.T.);
#2740=ORIENTED_EDGE('',*,*,#1758,.T.);
#2741=ORIENTED_EDGE('',*,*,#1756,.T.);
#2742=ORIENTED_EDGE('',*,*,#1754,.T.);
#2743=ORIENTED_EDGE('',*,*,#1752,.T.);
#2744=ORIENTED_EDGE('',*,*,#1750,.T.);
#2745=ORIENTED_EDGE('',*,*,#1748,.T.);
#2746=ORIENTED_EDGE('',*,*,#1746,.T.);
#2747=ORIENTED_EDGE('',*,*,#1744,.T.);
#2748=ORIENTED_EDGE('',*,*,#1742,.T.);
#2749=ORIENTED_EDGE('',*,*,#1740,.T.);
#2750=ORIENTED_EDGE('',*,*,#1738,.T.);
#2751=ORIENTED_EDGE('',*,*,#1736,.T.);
#2752=ORIENTED_EDGE('',*,*,#1734,.T.);
#2753=ORIENTED_EDGE('',*,*,#1732,.T.);
#2754=ORIENTED_EDGE('',*,*,#1730,.T.);
#2755=ORIENTED_EDGE('',*,*,#1728,.T.);
#2756=ORIENTED_EDGE('',*,*,#1726,.T.);
#2757=ORIENTED_EDGE('',*,*,#1724,.T.);
#2758=ORIENTED_EDGE('',*,*,#1722,.T.);
#2759=ORIENTED_EDGE('',*,*,#1720,.T.);
#2760=ORIENTED_EDGE('',*,*,#1718,.T.);
#2761=ORIENTED_EDGE('',*,*,#1716,.T.);
#2762=ORIENTED_EDGE('',*,*,#1714,.T.);
#2763=ORIENTED_EDGE('',*,*,#1712,.T.);
#2764=ORIENTED_EDGE('',*,*,#1710,.T.);
#2765=ORIENTED_EDGE('',*,*,#1708,.T.);
#2766=ORIENTED_EDGE('',*,*,#1706,.T.);
#2767=ORIENTED_EDGE('',*,*,#1704,.T.);
#2768=ORIENTED_EDGE('',*,*,#1702,.T.);
#2769=ORIENTED_EDGE('',*,*,#1700,.T.);
#2770=ORIENTED_EDGE('',*,*,#1698,.T.);
#2771=ORIENTED_EDGE('',*,*,#1696,.T.);
#2772=ORIENTED_EDGE('',*,*,#1694,.T.);
#2773=ORIENTED_EDGE('',*,*,#1692,.T.);
#2774=ORIENTED_EDGE('',*,*,#1690,.T.);
#2775=ORIENTED_EDGE('',*,*,#1688,.T.);
#2776=ORIENTED_EDGE('',*,*,#1686,.T.);
#2777=ORIENTED_EDGE('',*,*,#1684,.T.);
#2778=ORIENTED_EDGE('',*,*,#1682,.T.);
#2779=ORIENTED_EDGE('',*,*,#1680,.T.);
#2780=ORIENTED_EDGE('',*,*,#1678,.T.);
#2781=ORIENTED_EDGE('',*,*,#1676,.T.);
#2782=ORIENTED_EDGE('',*,*,#1674,.T.);
#2783=ORIENTED_EDGE('',*,*,#1672,.T.);
#2784=ORIENTED_EDGE('',*,*,#1670,.T.);
#2785=ORIENTED_EDGE('',*,*,#1668,.T.);
#2786=ORIENTED_EDGE('',*,*,#1666,.T.);
#2787=ORIENTED_EDGE('',*,*,#1664,.T.);
#2788=ORIENTED_EDGE('',*,*,#1662,.T.);
#2789=ORIENTED_EDGE('',*,*,#1660,.T.);
#2790=ORIENTED_EDGE('',*,*,#1658,.T.);
#2791=ORIENTED_EDGE('',*,*,#1656,.T.);
#2792=ORIENTED_EDGE('',*,*,#1654,.T.);
#2793=ORIENTED_EDGE('',*,*,#1652,.T.);
#2794=ORIENTED_EDGE('',*,*,#1650,.T.);
#2795=ORIENTED_EDGE('',*,*,#1648,.T.);
#2796=ORIENTED_EDGE('',*,*,#1646,.T.);
#2797=PLANE('',#3103);
#2798=PLANE('',#3108);
#2799=PLANE('',#3111);
#2800=PLANE('',#3116);
#2801=PLANE('',#3119);
#2802=PLANE('',#3120);
#2803=PLANE('',#3121);
#2804=PLANE('',#3122);
#2805=PLANE('',#3123);
#2806=PLANE('',#3124);
#2807=PLANE('',#3125);
#2808=PLANE('',#3126);
#2809=PLANE('',#3127);
#2810=PLANE('',#3128);
#2811=PLANE('',#3129);
#2812=PLANE('',#3130);
#2813=PLANE('',#3131);
#2814=PLANE('',#3132);
#2815=PLANE('',#3133);
#2816=PLANE('',#3134);
#2817=PLANE('',#3135);
#2818=PLANE('',#3136);
#2819=PLANE('',#3137);
#2820=PLANE('',#3138);
#2821=PLANE('',#3139);
#2822=PLANE('',#3140);
#2823=PLANE('',#3141);
#2824=PLANE('',#3142);
#2825=PLANE('',#3143);
#2826=PLANE('',#3144);
#2827=PLANE('',#3145);
#2828=PLANE('',#3146);
#2829=PLANE('',#3147);
#2830=PLANE('',#3148);
#2831=PLANE('',#3149);
#2832=PLANE('',#3150);
#2833=PLANE('',#3151);
#2834=PLANE('',#3152);
#2835=PLANE('',#3153);
#2836=PLANE('',#3154);
#2837=PLANE('',#3155);
#2838=PLANE('',#3156);
#2839=PLANE('',#3157);
#2840=PLANE('',#3158);
#2841=PLANE('',#3159);
#2842=PLANE('',#3160);
#2843=PLANE('',#3161);
#2844=PLANE('',#3162);
#2845=PLANE('',#3163);
#2846=PLANE('',#3164);
#2847=PLANE('',#3165);
#2848=PLANE('',#3166);
#2849=PLANE('',#3167);
#2850=PLANE('',#3168);
#2851=PLANE('',#3169);
#2852=PLANE('',#3170);
#2853=PLANE('',#3171);
#2854=PLANE('',#3172);
#2855=PLANE('',#3173);
#2856=PLANE('',#3174);
#2857=PLANE('',#3175);
#2858=PLANE('',#3176);
#2859=PLANE('',#3177);
#2860=PLANE('',#3178);
#2861=PLANE('',#3179);
#2862=PLANE('',#3180);
#2863=PLANE('',#3181);
#2864=PLANE('',#3182);
#2865=PLANE('',#3183);
#2866=PLANE('',#3184);
#2867=PLANE('',#3185);
#2868=PLANE('',#3186);
#2869=PLANE('',#3187);
#2870=PLANE('',#3188);
#2871=PLANE('',#3189);
#2872=PLANE('',#3190);
#2873=PLANE('',#3191);
#2874=PLANE('',#3192);
#2875=PLANE('',#3193);
#2876=PLANE('',#3194);
#2877=PLANE('',#3195);
#2878=PLANE('',#3196);
#2879=PLANE('',#3197);
#2880=PLANE('',#3198);
#2881=PLANE('',#3199);
#2882=PLANE('',#3200);
#2883=PLANE('',#3201);
#2884=PLANE('',#3202);
#2885=PLANE('',#3203);
#2886=PLANE('',#3204);
#2887=PLANE('',#3205);
#2888=PLANE('',#3206);
#2889=PLANE('',#3207);
#2890=PLANE('',#3208);
#2891=PLANE('',#3209);
#2892=PLANE('',#3210);
#2893=PLANE('',#3211);
#2894=PLANE('',#3212);
#2895=PLANE('',#3213);
#2896=PLANE('',#3214);
#2897=PLANE('',#3215);
#2898=PLANE('',#3216);
#2899=PLANE('',#3217);
#2900=PLANE('',#3218);
#2901=PLANE('',#3219);
#2902=PLANE('',#3220);
#2903=PLANE('',#3221);
#2904=PLANE('',#3222);
#2905=PLANE('',#3223);
#2906=PLANE('',#3224);
#2907=PLANE('',#3225);
#2908=PLANE('',#3226);
#2909=PLANE('',#3227);
#2910=PLANE('',#3228);
#2911=PLANE('',#3229);
#2912=PLANE('',#3230);
#2913=PLANE('',#3231);
#2914=PLANE('',#3232);
#2915=PLANE('',#3233);
#2916=PLANE('',#3234);
#2917=PLANE('',#3235);
#2918=PLANE('',#3236);
#2919=PLANE('',#3237);
#2920=PLANE('',#3238);
#2921=PLANE('',#3239);
#2922=PLANE('',#3240);
#2923=PLANE('',#3241);
#2924=PLANE('',#3242);
#2925=PLANE('',#3243);
#2926=PLANE('',#3244);
#2927=PLANE('',#3245);
#2928=PLANE('',#3246);
#2929=PLANE('',#3247);
#2930=PLANE('',#3248);
#2931=PLANE('',#3249);
#2932=PLANE('',#3250);
#2933=PLANE('',#3251);
#2934=PLANE('',#3252);
#2935=PLANE('',#3253);
#2936=PLANE('',#3254);
#2937=PLANE('',#3255);
#2938=PLANE('',#3256);
#2939=PLANE('',#3257);
#2940=PLANE('',#3258);
#2941=ADVANCED_FACE('',(#23),#2797,.F.);
#2942=ADVANCED_FACE('',(#24),#19,.F.);
#2943=ADVANCED_FACE('',(#25),#2798,.T.);
#2944=ADVANCED_FACE('',(#26),#20,.F.);
#2945=ADVANCED_FACE('',(#27),#2799,.F.);
#2946=ADVANCED_FACE('',(#28),#21,.F.);
#2947=ADVANCED_FACE('',(#29),#2800,.T.);
#2948=ADVANCED_FACE('',(#30),#22,.F.);
#2949=ADVANCED_FACE('',(#31),#2801,.T.);
#2950=ADVANCED_FACE('',(#32),#2802,.T.);
#2951=ADVANCED_FACE('',(#33),#2803,.T.);
#2952=ADVANCED_FACE('',(#34),#2804,.T.);
#2953=ADVANCED_FACE('',(#35),#2805,.T.);
#2954=ADVANCED_FACE('',(#36),#2806,.T.);
#2955=ADVANCED_FACE('',(#37),#2807,.T.);
#2956=ADVANCED_FACE('',(#38),#2808,.T.);
#2957=ADVANCED_FACE('',(#39),#2809,.T.);
#2958=ADVANCED_FACE('',(#40),#2810,.T.);
#2959=ADVANCED_FACE('',(#41),#2811,.T.);
#2960=ADVANCED_FACE('',(#42),#2812,.T.);
#2961=ADVANCED_FACE('',(#43),#2813,.T.);
#2962=ADVANCED_FACE('',(#44),#2814,.T.);
#2963=ADVANCED_FACE('',(#45),#2815,.T.);
#2964=ADVANCED_FACE('',(#46),#2816,.T.);
#2965=ADVANCED_FACE('',(#47),#2817,.T.);
#2966=ADVANCED_FACE('',(#48),#2818,.T.);
#2967=ADVANCED_FACE('',(#49),#2819,.T.);
#2968=ADVANCED_FACE('',(#50),#2820,.T.);
#2969=ADVANCED_FACE('',(#51),#2821,.T.);
#2970=ADVANCED_FACE('',(#52),#2822,.T.);
#2971=ADVANCED_FACE('',(#53),#2823,.T.);
#2972=ADVANCED_FACE('',(#54),#2824,.T.);
#2973=ADVANCED_FACE('',(#55),#2825,.T.);
#2974=ADVANCED_FACE('',(#56),#2826,.T.);
#2975=ADVANCED_FACE('',(#57),#2827,.T.);
#2976=ADVANCED_FACE('',(#58),#2828,.T.);
#2977=ADVANCED_FACE('',(#59),#2829,.T.);
#2978=ADVANCED_FACE('',(#60),#2830,.T.);
#2979=ADVANCED_FACE('',(#61),#2831,.T.);
#2980=ADVANCED_FACE('',(#62),#2832,.T.);
#2981=ADVANCED_FACE('',(#63),#2833,.T.);
#2982=ADVANCED_FACE('',(#64),#2834,.T.);
#2983=ADVANCED_FACE('',(#65),#2835,.T.);
#2984=ADVANCED_FACE('',(#66),#2836,.T.);
#2985=ADVANCED_FACE('',(#67),#2837,.T.);
#2986=ADVANCED_FACE('',(#68),#2838,.T.);
#2987=ADVANCED_FACE('',(#69),#2839,.T.);
#2988=ADVANCED_FACE('',(#70),#2840,.T.);
#2989=ADVANCED_FACE('',(#71),#2841,.T.);
#2990=ADVANCED_FACE('',(#72),#2842,.T.);
#2991=ADVANCED_FACE('',(#73),#2843,.T.);
#2992=ADVANCED_FACE('',(#74),#2844,.T.);
#2993=ADVANCED_FACE('',(#75),#2845,.T.);
#2994=ADVANCED_FACE('',(#76),#2846,.T.);
#2995=ADVANCED_FACE('',(#77),#2847,.T.);
#2996=ADVANCED_FACE('',(#78),#2848,.T.);
#2997=ADVANCED_FACE('',(#79),#2849,.T.);
#2998=ADVANCED_FACE('',(#80),#2850,.T.);
#2999=ADVANCED_FACE('',(#81),#2851,.T.);
#3000=ADVANCED_FACE('',(#82),#2852,.T.);
#3001=ADVANCED_FACE('',(#83),#2853,.T.);
#3002=ADVANCED_FACE('',(#84),#2854,.T.);
#3003=ADVANCED_FACE('',(#85),#2855,.T.);
#3004=ADVANCED_FACE('',(#86),#2856,.T.);
#3005=ADVANCED_FACE('',(#87),#2857,.T.);
#3006=ADVANCED_FACE('',(#88),#2858,.T.);
#3007=ADVANCED_FACE('',(#89),#2859,.T.);
#3008=ADVANCED_FACE('',(#90),#2860,.T.);
#3009=ADVANCED_FACE('',(#91),#2861,.T.);
#3010=ADVANCED_FACE('',(#92),#2862,.T.);
#3011=ADVANCED_FACE('',(#93),#2863,.T.);
#3012=ADVANCED_FACE('',(#94),#2864,.T.);
#3013=ADVANCED_FACE('',(#95),#2865,.T.);
#3014=ADVANCED_FACE('',(#96),#2866,.T.);
#3015=ADVANCED_FACE('',(#97),#2867,.T.);
#3016=ADVANCED_FACE('',(#98),#2868,.T.);
#3017=ADVANCED_FACE('',(#99,#15,#16),#2869,.T.);
#3018=ADVANCED_FACE('',(#100),#2870,.T.);
#3019=ADVANCED_FACE('',(#101),#2871,.T.);
#3020=ADVANCED_FACE('',(#102,#17,#18),#2872,.T.);
#3021=ADVANCED_FACE('',(#103),#2873,.T.);
#3022=ADVANCED_FACE('',(#104),#2874,.T.);
#3023=ADVANCED_FACE('',(#105),#2875,.T.);
#3024=ADVANCED_FACE('',(#106),#2876,.T.);
#3025=ADVANCED_FACE('',(#107),#2877,.T.);
#3026=ADVANCED_FACE('',(#108),#2878,.T.);
#3027=ADVANCED_FACE('',(#109),#2879,.T.);
#3028=ADVANCED_FACE('',(#110),#2880,.T.);
#3029=ADVANCED_FACE('',(#111),#2881,.T.);
#3030=ADVANCED_FACE('',(#112),#2882,.T.);
#3031=ADVANCED_FACE('',(#113),#2883,.T.);
#3032=ADVANCED_FACE('',(#114),#2884,.T.);
#3033=ADVANCED_FACE('',(#115),#2885,.T.);
#3034=ADVANCED_FACE('',(#116),#2886,.T.);
#3035=ADVANCED_FACE('',(#117),#2887,.T.);
#3036=ADVANCED_FACE('',(#118),#2888,.T.);
#3037=ADVANCED_FACE('',(#119),#2889,.T.);
#3038=ADVANCED_FACE('',(#120),#2890,.T.);
#3039=ADVANCED_FACE('',(#121),#2891,.T.);
#3040=ADVANCED_FACE('',(#122),#2892,.T.);
#3041=ADVANCED_FACE('',(#123),#2893,.T.);
#3042=ADVANCED_FACE('',(#124),#2894,.T.);
#3043=ADVANCED_FACE('',(#125),#2895,.T.);
#3044=ADVANCED_FACE('',(#126),#2896,.T.);
#3045=ADVANCED_FACE('',(#127),#2897,.T.);
#3046=ADVANCED_FACE('',(#128),#2898,.T.);
#3047=ADVANCED_FACE('',(#129),#2899,.T.);
#3048=ADVANCED_FACE('',(#130),#2900,.T.);
#3049=ADVANCED_FACE('',(#131),#2901,.T.);
#3050=ADVANCED_FACE('',(#132),#2902,.T.);
#3051=ADVANCED_FACE('',(#133),#2903,.T.);
#3052=ADVANCED_FACE('',(#134),#2904,.T.);
#3053=ADVANCED_FACE('',(#135),#2905,.T.);
#3054=ADVANCED_FACE('',(#136),#2906,.T.);
#3055=ADVANCED_FACE('',(#137),#2907,.T.);
#3056=ADVANCED_FACE('',(#138),#2908,.T.);
#3057=ADVANCED_FACE('',(#139),#2909,.T.);
#3058=ADVANCED_FACE('',(#140),#2910,.T.);
#3059=ADVANCED_FACE('',(#141),#2911,.T.);
#3060=ADVANCED_FACE('',(#142),#2912,.T.);
#3061=ADVANCED_FACE('',(#143),#2913,.T.);
#3062=ADVANCED_FACE('',(#144),#2914,.T.);
#3063=ADVANCED_FACE('',(#145),#2915,.T.);
#3064=ADVANCED_FACE('',(#146),#2916,.T.);
#3065=ADVANCED_FACE('',(#147),#2917,.T.);
#3066=ADVANCED_FACE('',(#148),#2918,.T.);
#3067=ADVANCED_FACE('',(#149),#2919,.T.);
#3068=ADVANCED_FACE('',(#150),#2920,.T.);
#3069=ADVANCED_FACE('',(#151),#2921,.T.);
#3070=ADVANCED_FACE('',(#152),#2922,.T.);
#3071=ADVANCED_FACE('',(#153),#2923,.T.);
#3072=ADVANCED_FACE('',(#154),#2924,.T.);
#3073=ADVANCED_FACE('',(#155),#2925,.T.);
#3074=ADVANCED_FACE('',(#156),#2926,.T.);
#3075=ADVANCED_FACE('',(#157),#2927,.T.);
#3076=ADVANCED_FACE('',(#158),#2928,.T.);
#3077=ADVANCED_FACE('',(#159),#2929,.T.);
#3078=ADVANCED_FACE('',(#160),#2930,.T.);
#3079=ADVANCED_FACE('',(#161),#2931,.T.);
#3080=ADVANCED_FACE('',(#162),#2932,.T.);
#3081=ADVANCED_FACE('',(#163),#2933,.T.);
#3082=ADVANCED_FACE('',(#164),#2934,.T.);
#3083=ADVANCED_FACE('',(#165),#2935,.T.);
#3084=ADVANCED_FACE('',(#166),#2936,.T.);
#3085=ADVANCED_FACE('',(#167),#2937,.T.);
#3086=ADVANCED_FACE('',(#168),#2938,.T.);
#3087=ADVANCED_FACE('',(#169),#2939,.T.);
#3088=ADVANCED_FACE('',(#170),#2940,.T.);
#3089=CLOSED_SHELL('',(#2941,#2942,#2943,#2944,#2945,#2946,#2947,#2948,
#2949,#2950,#2951,#2952,#2953,#2954,#2955,#2956,#2957,#2958,#2959,#2960,
#2961,#2962,#2963,#2964,#2965,#2966,#2967,#2968,#2969,#2970,#2971,#2972,
#2973,#2974,#2975,#2976,#2977,#2978,#2979,#2980,#2981,#2982,#2983,#2984,
#2985,#2986,#2987,#2988,#2989,#2990,#2991,#2992,#2993,#2994,#2995,#2996,
#2997,#2998,#2999,#3000,#3001,#3002,#3003,#3004,#3005,#3006,#3007,#3008,
#3009,#3010,#3011,#3012,#3013,#3014,#3015,#3016,#3017,#3018,#3019,#3020,
#3021,#3022,#3023,#3024,#3025,#3026,#3027,#3028,#3029,#3030,#3031,#3032,
#3033,#3034,#3035,#3036,#3037,#3038,#3039,#3040,#3041,#3042,#3043,#3044,
#3045,#3046,#3047,#3048,#3049,#3050,#3051,#3052,#3053,#3054,#3055,#3056,
#3057,#3058,#3059,#3060,#3061,#3062,#3063,#3064,#3065,#3066,#3067,#3068,
#3069,#3070,#3071,#3072,#3073,#3074,#3075,#3076,#3077,#3078,#3079,#3080,
#3081,#3082,#3083,#3084,#3085,#3086,#3087,#3088));
#3090=DERIVED_UNIT_ELEMENT(#3092,1.);
#3091=DERIVED_UNIT_ELEMENT(#4887,-3.);
#3092=(
MASS_UNIT()
NAMED_UNIT(*)
SI_UNIT(.KILO.,.GRAM.)
);
#3093=DERIVED_UNIT((#3090,#3091));
#3094=MEASURE_REPRESENTATION_ITEM('density measure',
POSITIVE_RATIO_MEASURE(8940.),#3093);
#3095=PROPERTY_DEFINITION_REPRESENTATION(#3100,#3097);
#3096=PROPERTY_DEFINITION_REPRESENTATION(#3101,#3098);
#3097=REPRESENTATION('material name',(#3099),#4884);
#3098=REPRESENTATION('density',(#3094),#4884);
#3099=DESCRIPTIVE_REPRESENTATION_ITEM('Copper','Copper');
#3100=PROPERTY_DEFINITION('material property','material name',#4894);
#3101=PROPERTY_DEFINITION('material property','density of part',#4894);
#3102=AXIS2_PLACEMENT_3D('',#4003,#3259,#3260);
#3103=AXIS2_PLACEMENT_3D('',#4004,#3261,#3262);
#3104=AXIS2_PLACEMENT_3D('',#4009,#3264,#3265);
#3105=AXIS2_PLACEMENT_3D('',#4012,#3267,#3268);
#3106=AXIS2_PLACEMENT_3D('',#4013,#3269,#3270);
#3107=AXIS2_PLACEMENT_3D('',#4018,#3273,#3274);
#3108=AXIS2_PLACEMENT_3D('',#4019,#3275,#3276);
#3109=AXIS2_PLACEMENT_3D('',#4024,#3279,#3280);
#3110=AXIS2_PLACEMENT_3D('',#4025,#3281,#3282);
#3111=AXIS2_PLACEMENT_3D('',#4028,#3285,#3286);
#3112=AXIS2_PLACEMENT_3D('',#4033,#3288,#3289);
#3113=AXIS2_PLACEMENT_3D('',#4036,#3291,#3292);
#3114=AXIS2_PLACEMENT_3D('',#4037,#3293,#3294);
#3115=AXIS2_PLACEMENT_3D('',#4042,#3297,#3298);
#3116=AXIS2_PLACEMENT_3D('',#4043,#3299,#3300);
#3117=AXIS2_PLACEMENT_3D('',#4048,#3303,#3304);
#3118=AXIS2_PLACEMENT_3D('',#4049,#3305,#3306);
#3119=AXIS2_PLACEMENT_3D('',#4052,#3309,#3310);
#3120=AXIS2_PLACEMENT_3D('',#4329,#3449,#3450);
#3121=AXIS2_PLACEMENT_3D('',#4335,#3454,#3455);
#3122=AXIS2_PLACEMENT_3D('',#4339,#3458,#3459);
#3123=AXIS2_PLACEMENT_3D('',#4343,#3462,#3463);
#3124=AXIS2_PLACEMENT_3D('',#4347,#3466,#3467);
#3125=AXIS2_PLACEMENT_3D('',#4351,#3470,#3471);
#3126=AXIS2_PLACEMENT_3D('',#4355,#3474,#3475);
#3127=AXIS2_PLACEMENT_3D('',#4359,#3478,#3479);
#3128=AXIS2_PLACEMENT_3D('',#4363,#3482,#3483);
#3129=AXIS2_PLACEMENT_3D('',#4367,#3486,#3487);
#3130=AXIS2_PLACEMENT_3D('',#4371,#3490,#3491);
#3131=AXIS2_PLACEMENT_3D('',#4375,#3494,#3495);
#3132=AXIS2_PLACEMENT_3D('',#4379,#3498,#3499);
#3133=AXIS2_PLACEMENT_3D('',#4383,#3502,#3503);
#3134=AXIS2_PLACEMENT_3D('',#4387,#3506,#3507);
#3135=AXIS2_PLACEMENT_3D('',#4391,#3510,#3511);
#3136=AXIS2_PLACEMENT_3D('',#4395,#3514,#3515);
#3137=AXIS2_PLACEMENT_3D('',#4399,#3518,#3519);
#3138=AXIS2_PLACEMENT_3D('',#4403,#3522,#3523);
#3139=AXIS2_PLACEMENT_3D('',#4407,#3526,#3527);
#3140=AXIS2_PLACEMENT_3D('',#4411,#3530,#3531);
#3141=AXIS2_PLACEMENT_3D('',#4415,#3534,#3535);
#3142=AXIS2_PLACEMENT_3D('',#4419,#3538,#3539);
#3143=AXIS2_PLACEMENT_3D('',#4423,#3542,#3543);
#3144=AXIS2_PLACEMENT_3D('',#4427,#3546,#3547);
#3145=AXIS2_PLACEMENT_3D('',#4431,#3550,#3551);
#3146=AXIS2_PLACEMENT_3D('',#4435,#3554,#3555);
#3147=AXIS2_PLACEMENT_3D('',#4439,#3558,#3559);
#3148=AXIS2_PLACEMENT_3D('',#4443,#3562,#3563);
#3149=AXIS2_PLACEMENT_3D('',#4447,#3566,#3567);
#3150=AXIS2_PLACEMENT_3D('',#4451,#3570,#3571);
#3151=AXIS2_PLACEMENT_3D('',#4455,#3574,#3575);
#3152=AXIS2_PLACEMENT_3D('',#4459,#3578,#3579);
#3153=AXIS2_PLACEMENT_3D('',#4463,#3582,#3583);
#3154=AXIS2_PLACEMENT_3D('',#4467,#3586,#3587);
#3155=AXIS2_PLACEMENT_3D('',#4471,#3590,#3591);
#3156=AXIS2_PLACEMENT_3D('',#4475,#3594,#3595);
#3157=AXIS2_PLACEMENT_3D('',#4479,#3598,#3599);
#3158=AXIS2_PLACEMENT_3D('',#4483,#3602,#3603);
#3159=AXIS2_PLACEMENT_3D('',#4487,#3606,#3607);
#3160=AXIS2_PLACEMENT_3D('',#4491,#3610,#3611);
#3161=AXIS2_PLACEMENT_3D('',#4495,#3614,#3615);
#3162=AXIS2_PLACEMENT_3D('',#4499,#3618,#3619);
#3163=AXIS2_PLACEMENT_3D('',#4503,#3622,#3623);
#3164=AXIS2_PLACEMENT_3D('',#4507,#3626,#3627);
#3165=AXIS2_PLACEMENT_3D('',#4511,#3630,#3631);
#3166=AXIS2_PLACEMENT_3D('',#4515,#3634,#3635);
#3167=AXIS2_PLACEMENT_3D('',#4519,#3638,#3639);
#3168=AXIS2_PLACEMENT_3D('',#4523,#3642,#3643);
#3169=AXIS2_PLACEMENT_3D('',#4527,#3646,#3647);
#3170=AXIS2_PLACEMENT_3D('',#4531,#3650,#3651);
#3171=AXIS2_PLACEMENT_3D('',#4535,#3654,#3655);
#3172=AXIS2_PLACEMENT_3D('',#4539,#3658,#3659);
#3173=AXIS2_PLACEMENT_3D('',#4543,#3662,#3663);
#3174=AXIS2_PLACEMENT_3D('',#4547,#3666,#3667);
#3175=AXIS2_PLACEMENT_3D('',#4551,#3670,#3671);
#3176=AXIS2_PLACEMENT_3D('',#4555,#3674,#3675);
#3177=AXIS2_PLACEMENT_3D('',#4559,#3678,#3679);
#3178=AXIS2_PLACEMENT_3D('',#4563,#3682,#3683);
#3179=AXIS2_PLACEMENT_3D('',#4567,#3686,#3687);
#3180=AXIS2_PLACEMENT_3D('',#4571,#3690,#3691);
#3181=AXIS2_PLACEMENT_3D('',#4575,#3694,#3695);
#3182=AXIS2_PLACEMENT_3D('',#4579,#3698,#3699);
#3183=AXIS2_PLACEMENT_3D('',#4583,#3702,#3703);
#3184=AXIS2_PLACEMENT_3D('',#4587,#3706,#3707);
#3185=AXIS2_PLACEMENT_3D('',#4591,#3710,#3711);
#3186=AXIS2_PLACEMENT_3D('',#4595,#3714,#3715);
#3187=AXIS2_PLACEMENT_3D('',#4599,#3718,#3719);
#3188=AXIS2_PLACEMENT_3D('',#4603,#3722,#3723);
#3189=AXIS2_PLACEMENT_3D('',#4607,#3726,#3727);
#3190=AXIS2_PLACEMENT_3D('',#4611,#3730,#3731);
#3191=AXIS2_PLACEMENT_3D('',#4615,#3734,#3735);
#3192=AXIS2_PLACEMENT_3D('',#4619,#3738,#3739);
#3193=AXIS2_PLACEMENT_3D('',#4623,#3742,#3743);
#3194=AXIS2_PLACEMENT_3D('',#4627,#3746,#3747);
#3195=AXIS2_PLACEMENT_3D('',#4631,#3750,#3751);
#3196=AXIS2_PLACEMENT_3D('',#4635,#3754,#3755);
#3197=AXIS2_PLACEMENT_3D('',#4639,#3758,#3759);
#3198=AXIS2_PLACEMENT_3D('',#4643,#3762,#3763);
#3199=AXIS2_PLACEMENT_3D('',#4647,#3766,#3767);
#3200=AXIS2_PLACEMENT_3D('',#4651,#3770,#3771);
#3201=AXIS2_PLACEMENT_3D('',#4655,#3774,#3775);
#3202=AXIS2_PLACEMENT_3D('',#4659,#3778,#3779);
#3203=AXIS2_PLACEMENT_3D('',#4663,#3782,#3783);
#3204=AXIS2_PLACEMENT_3D('',#4667,#3786,#3787);
#3205=AXIS2_PLACEMENT_3D('',#4671,#3790,#3791);
#3206=AXIS2_PLACEMENT_3D('',#4675,#3794,#3795);
#3207=AXIS2_PLACEMENT_3D('',#4679,#3798,#3799);
#3208=AXIS2_PLACEMENT_3D('',#4683,#3802,#3803);
#3209=AXIS2_PLACEMENT_3D('',#4687,#3806,#3807);
#3210=AXIS2_PLACEMENT_3D('',#4691,#3810,#3811);
#3211=AXIS2_PLACEMENT_3D('',#4695,#3814,#3815);
#3212=AXIS2_PLACEMENT_3D('',#4699,#3818,#3819);
#3213=AXIS2_PLACEMENT_3D('',#4703,#3822,#3823);
#3214=AXIS2_PLACEMENT_3D('',#4707,#3826,#3827);
#3215=AXIS2_PLACEMENT_3D('',#4711,#3830,#3831);
#3216=AXIS2_PLACEMENT_3D('',#4715,#3834,#3835);
#3217=AXIS2_PLACEMENT_3D('',#4719,#3838,#3839);
#3218=AXIS2_PLACEMENT_3D('',#4723,#3842,#3843);
#3219=AXIS2_PLACEMENT_3D('',#4727,#3846,#3847);
#3220=AXIS2_PLACEMENT_3D('',#4731,#3850,#3851);
#3221=AXIS2_PLACEMENT_3D('',#4735,#3854,#3855);
#3222=AXIS2_PLACEMENT_3D('',#4739,#3858,#3859);
#3223=AXIS2_PLACEMENT_3D('',#4743,#3862,#3863);
#3224=AXIS2_PLACEMENT_3D('',#4747,#3866,#3867);
#3225=AXIS2_PLACEMENT_3D('',#4751,#3870,#3871);
#3226=AXIS2_PLACEMENT_3D('',#4755,#3874,#3875);
#3227=AXIS2_PLACEMENT_3D('',#4759,#3878,#3879);
#3228=AXIS2_PLACEMENT_3D('',#4763,#3882,#3883);
#3229=AXIS2_PLACEMENT_3D('',#4767,#3886,#3887);
#3230=AXIS2_PLACEMENT_3D('',#4771,#3890,#3891);
#3231=AXIS2_PLACEMENT_3D('',#4775,#3894,#3895);
#3232=AXIS2_PLACEMENT_3D('',#4779,#3898,#3899);
#3233=AXIS2_PLACEMENT_3D('',#4783,#3902,#3903);
#3234=AXIS2_PLACEMENT_3D('',#4787,#3906,#3907);
#3235=AXIS2_PLACEMENT_3D('',#4791,#3910,#3911);
#3236=AXIS2_PLACEMENT_3D('',#4795,#3914,#3915);
#3237=AXIS2_PLACEMENT_3D('',#4799,#3918,#3919);
#3238=AXIS2_PLACEMENT_3D('',#4803,#3922,#3923);
#3239=AXIS2_PLACEMENT_3D('',#4807,#3926,#3927);
#3240=AXIS2_PLACEMENT_3D('',#4811,#3930,#3931);
#3241=AXIS2_PLACEMENT_3D('',#4815,#3934,#3935);
#3242=AXIS2_PLACEMENT_3D('',#4819,#3938,#3939);
#3243=AXIS2_PLACEMENT_3D('',#4823,#3942,#3943);
#3244=AXIS2_PLACEMENT_3D('',#4827,#3946,#3947);
#3245=AXIS2_PLACEMENT_3D('',#4831,#3950,#3951);
#3246=AXIS2_PLACEMENT_3D('',#4835,#3954,#3955);
#3247=AXIS2_PLACEMENT_3D('',#4839,#3958,#3959);
#3248=AXIS2_PLACEMENT_3D('',#4843,#3962,#3963);
#3249=AXIS2_PLACEMENT_3D('',#4847,#3966,#3967);
#3250=AXIS2_PLACEMENT_3D('',#4851,#3970,#3971);
#3251=AXIS2_PLACEMENT_3D('',#4855,#3974,#3975);
#3252=AXIS2_PLACEMENT_3D('',#4859,#3978,#3979);
#3253=AXIS2_PLACEMENT_3D('',#4863,#3982,#3983);
#3254=AXIS2_PLACEMENT_3D('',#4867,#3986,#3987);
#3255=AXIS2_PLACEMENT_3D('',#4871,#3990,#3991);
#3256=AXIS2_PLACEMENT_3D('',#4875,#3994,#3995);
#3257=AXIS2_PLACEMENT_3D('',#4879,#3998,#3999);
#3258=AXIS2_PLACEMENT_3D('',#4881,#4001,#4002);
#3259=DIRECTION('axis',(0.,0.,1.));
#3260=DIRECTION('refdir',(1.,0.,0.));
#3261=DIRECTION('center_axis',(0.,1.,0.));
#3262=DIRECTION('ref_axis',(1.,0.,0.));
#3263=DIRECTION('',(-1.,0.,0.));
#3264=DIRECTION('center_axis',(0.,1.,0.));
#3265=DIRECTION('ref_axis',(1.,0.,0.));
#3266=DIRECTION('',(1.,0.,0.));
#3267=DIRECTION('center_axis',(0.,1.,0.));
#3268=DIRECTION('ref_axis',(1.,0.,0.));
#3269=DIRECTION('center_axis',(0.,1.,0.));
#3270=DIRECTION('ref_axis',(-1.,0.,-1.22464679914735E-16));
#3271=DIRECTION('',(0.,-1.,0.));
#3272=DIRECTION('',(0.,1.,0.));
#3273=DIRECTION('center_axis',(0.,-1.,0.));
#3274=DIRECTION('ref_axis',(1.,0.,0.));
#3275=DIRECTION('center_axis',(0.,1.,0.));
#3276=DIRECTION('ref_axis',(1.,0.,0.));
#3277=DIRECTION('',(1.,0.,0.));
#3278=DIRECTION('',(-1.,0.,0.));
#3279=DIRECTION('center_axis',(0.,-1.,0.));
#3280=DIRECTION('ref_axis',(1.,0.,0.));
#3281=DIRECTION('center_axis',(0.,1.,0.));
#3282=DIRECTION('ref_axis',(1.,0.,0.));
#3283=DIRECTION('',(0.,1.,0.));
#3284=DIRECTION('',(0.,-1.,0.));
#3285=DIRECTION('center_axis',(0.,1.,0.));
#3286=DIRECTION('ref_axis',(1.,0.,0.));
#3287=DIRECTION('',(-1.,0.,0.));
#3288=DIRECTION('center_axis',(0.,1.,0.));
#3289=DIRECTION('ref_axis',(1.,0.,0.));
#3290=DIRECTION('',(1.,0.,0.));
#3291=DIRECTION('center_axis',(0.,1.,0.));
#3292=DIRECTION('ref_axis',(1.,0.,0.));
#3293=DIRECTION('center_axis',(0.,1.,0.));
#3294=DIRECTION('ref_axis',(-1.,0.,-1.22464679914735E-16));
#3295=DIRECTION('',(0.,-1.,0.));
#3296=DIRECTION('',(0.,1.,0.));
#3297=DIRECTION('center_axis',(0.,-1.,0.));
#3298=DIRECTION('ref_axis',(1.,0.,0.));
#3299=DIRECTION('center_axis',(0.,1.,0.));
#3300=DIRECTION('ref_axis',(1.,0.,0.));
#3301=DIRECTION('',(1.,0.,0.));
#3302=DIRECTION('',(-1.,0.,0.));
#3303=DIRECTION('center_axis',(0.,-1.,0.));
#3304=DIRECTION('ref_axis',(1.,0.,0.));
#3305=DIRECTION('center_axis',(0.,1.,0.));
#3306=DIRECTION('ref_axis',(1.,0.,0.));
#3307=DIRECTION('',(0.,1.,0.));
#3308=DIRECTION('',(0.,-1.,0.));
#3309=DIRECTION('center_axis',(0.,-1.,0.));
#3310=DIRECTION('ref_axis',(0.,0.,-1.));
#3311=DIRECTION('',(0.707106781186554,0.,-0.707106781186541));
#3312=DIRECTION('',(0.707106781186554,0.,0.707106781186541));
#3313=DIRECTION('',(0.,0.,1.));
#3314=DIRECTION('',(0.0245414097668277,0.,0.999698814246899));
#3315=DIRECTION('',(0.0735627535420728,0.,0.997290590194908));
#3316=DIRECTION('',(0.122408151534395,0.,0.99247984585982));
#3317=DIRECTION('',(0.170966324076584,0.,0.985276872778277));
#3318=DIRECTION('',(0.219098069040146,0.,0.975702842131189));
#3319=DIRECTION('',(0.266717968207339,0.,0.963774623776404));
#3320=DIRECTION('',(0.313676525318064,0.,0.949529903407147));
#3321=DIRECTION('',(0.359897596441225,0.,0.932991811365903));
#3322=DIRECTION('',(0.405241420997746,0.,0.914209708276896));
#3323=DIRECTION('',(0.449613498291582,0.,0.893223209592096));
#3324=DIRECTION('',(0.49289596004126,0.,0.870088255624109));
#3325=DIRECTION('',(0.535002505106792,0.,0.844850471698665));
#3326=DIRECTION('',(0.575803580506615,0.,0.817588060502208));
#3327=DIRECTION('',(0.615228168537042,0.,0.788349098203681));
#3328=DIRECTION('',(0.653178753898981,0.,0.757203747649847));
#3329=DIRECTION('',(0.68953718634662,0.,0.724250280390133));
#3330=DIRECTION('',(0.724250280390132,0.,0.689537186346622));
#3331=DIRECTION('',(0.757203747649848,0.,0.65317875389898));
#3332=DIRECTION('',(0.788349098203682,0.,0.615228168537041));
#3333=DIRECTION('',(0.817588060502208,0.,0.575803580506616));
#3334=DIRECTION('',(0.844850471698664,0.,0.535002505106794));
#3335=DIRECTION('',(0.87008825562411,0.,0.492895960041258));
#3336=DIRECTION('',(0.893223209592096,0.,0.449613498291582));
#3337=DIRECTION('',(0.914209708276896,0.,0.405241420997746));
#3338=DIRECTION('',(0.932991811365903,0.,0.359897596441224));
#3339=DIRECTION('',(0.949529903407147,0.,0.313676525318063));
#3340=DIRECTION('',(0.963774623776404,0.,0.26671796820734));
#3341=DIRECTION('',(0.975702842131188,0.,0.219098069040148));
#3342=DIRECTION('',(0.985276872778277,0.,0.170966324076584));
#3343=DIRECTION('',(0.99247984585982,0.,0.122408151534394));
#3344=DIRECTION('',(0.997290590194908,0.,0.0735627535420729));
#3345=DIRECTION('',(0.999698814246899,0.,0.0245414097668265));
#3346=DIRECTION('',(1.,0.,0.));
#3347=DIRECTION('',(0.999697821221171,0.,0.0245818275488941));
#3348=DIRECTION('',(0.997282316986504,0.,0.0736748276280938));
#3349=DIRECTION('',(0.992456423124112,0.,0.122597912705291));
#3350=DIRECTION('',(0.98523298148811,0.,0.171219076589175));
#3351=DIRECTION('',(0.975626480130544,0.,0.219437852860632));
#3352=DIRECTION('',(0.963664564424714,0.,0.267115344508933));
#3353=DIRECTION('',(0.949374168869691,0.,0.314147556862986));
#3354=DIRECTION('',(0.932790689123483,0.,0.360418548752057));
#3355=DIRECTION('',(0.913946131267137,0.,0.405835519812932));
#3356=DIRECTION('',(0.892903120420503,0.,0.450248839580213));
#3357=DIRECTION('',(0.869692791709927,0.,0.493593403569976));
#3358=DIRECTION('',(0.844388323154834,0.,0.53573161164875));
#3359=DIRECTION('',(0.817041354460786,0.,0.576579070987566));
#3360=DIRECTION('',(0.787713124566908,0.,0.616042233442675));
#3361=DIRECTION('',(0.756490641371967,0.,0.654004517963469));
#3362=DIRECTION('',(0.723438782179012,0.,0.69038853440606));
#3363=DIRECTION('',(0.723439954063426,0.,0.690387306419164));
#3364=DIRECTION('',(0.756490564227164,0.,0.654004607197279));
#3365=DIRECTION('',(0.787716652150082,0.,0.616037722810435));
#3366=DIRECTION('',(0.817042644883716,0.,0.57657724238945));
#3367=DIRECTION('',(0.844385961085019,0.,0.535735334584651));
#3368=DIRECTION('',(0.869695355844816,0.,0.493588885634552));
#3369=DIRECTION('',(0.892901751866331,0.,0.450251553594251));
#3370=DIRECTION('',(0.913948688055444,0.,0.405829761848158));
#3371=DIRECTION('',(0.932785935793932,0.,0.360430850490131));
#3372=DIRECTION('',(0.949374203194592,0.,0.314147453130904));
#3373=DIRECTION('',(0.963665476114408,0.,0.267112055409692));
#3374=DIRECTION('',(0.975627895745546,0.,0.219431558904181));
#3375=DIRECTION('',(0.98523170547667,0.,0.171226418883102));
#3376=DIRECTION('',(0.992456060802036,0.,0.12260084574466));
#3377=DIRECTION('',(0.997282208789458,0.,0.0736762921978344));
#3378=DIRECTION('',(0.999697969072033,0.,0.0245758139896317));
#3379=DIRECTION('',(1.,0.,0.));
#3380=DIRECTION('',(0.707106781186551,0.,0.707106781186544));
#3381=DIRECTION('',(-0.707106781186554,0.,0.707106781186541));
#3382=DIRECTION('',(-1.,0.,0.));
#3383=DIRECTION('',(-0.999697821221171,0.,-0.0245818275488955));
#3384=DIRECTION('',(-0.997282316986505,0.,-0.0736748276280909));
#3385=DIRECTION('',(-0.992456423124111,0.,-0.122597912705294));
#3386=DIRECTION('',(-0.98523298148811,0.,-0.171219076589174));
#3387=DIRECTION('',(-0.975626480130544,0.,-0.219437852860634));
#3388=DIRECTION('',(-0.963664564424714,0.,-0.267115344508932));
#3389=DIRECTION('',(-0.949374168869692,0.,-0.314147556862983));
#3390=DIRECTION('',(-0.932790689123481,0.,-0.36041854875206));
#3391=DIRECTION('',(-0.913946131267139,0.,-0.405835519812929));
#3392=DIRECTION('',(-0.892903120420503,0.,-0.450248839580214));
#3393=DIRECTION('',(-0.869692791709927,0.,-0.493593403569976));
#3394=DIRECTION('',(-0.844388323154834,0.,-0.53573161164875));
#3395=DIRECTION('',(-0.817041354460785,0.,-0.576579070987567));
#3396=DIRECTION('',(-0.787713124566908,0.,-0.616042233442675));
#3397=DIRECTION('',(-0.756490641371967,0.,-0.654004517963469));
#3398=DIRECTION('',(-0.723438782179013,0.,-0.690388534406059));
#3399=DIRECTION('',(-0.723439954063425,0.,-0.690387306419165));
#3400=DIRECTION('',(-0.756490564227165,0.,-0.654004607197278));
#3401=DIRECTION('',(-0.787716652150081,0.,-0.616037722810436));
#3402=DIRECTION('',(-0.817042644883715,0.,-0.576577242389451));
#3403=DIRECTION('',(-0.844385961085021,0.,-0.535735334584648));
#3404=DIRECTION('',(-0.869695355844814,0.,-0.493588885634556));
#3405=DIRECTION('',(-0.892901751866334,0.,-0.450251553594246));
#3406=DIRECTION('',(-0.913948688055443,0.,-0.40582976184816));
#3407=DIRECTION('',(-0.932785935793932,0.,-0.360430850490131));
#3408=DIRECTION('',(-0.949374203194592,0.,-0.314147453130904));
#3409=DIRECTION('',(-0.963665476114409,0.,-0.267112055409691));
#3410=DIRECTION('',(-0.975627895745545,0.,-0.219431558904182));
#3411=DIRECTION('',(-0.98523170547667,0.,-0.171226418883103));
#3412=DIRECTION('',(-0.992456060802036,0.,-0.122600845744659));
#3413=DIRECTION('',(-0.997282208789458,0.,-0.0736762921978344));
#3414=DIRECTION('',(-0.999697969072033,0.,-0.024575813989635));
#3415=DIRECTION('',(-1.,0.,0.));
#3416=DIRECTION('',(-0.999698868108939,0.,-0.0245392155886322));
#3417=DIRECTION('',(-0.997290273429776,0.,-0.0735670478024122));
#3418=DIRECTION('',(-0.992479017498439,0.,-0.122414867664566));
#3419=DIRECTION('',(-0.985278139666315,0.,-0.170959022855439));
#3420=DIRECTION('',(-0.975701944163806,0.,-0.219102067892955));
#3421=DIRECTION('',(-0.963775910216594,0.,-0.266713319663973));
#3422=DIRECTION('',(-0.949530035814315,0.,-0.31367612450817));
#3423=DIRECTION('',(-0.93299171660033,0.,-0.359897842109631));
#3424=DIRECTION('',(-0.914208579250515,0.,-0.405243968030069));
#3425=DIRECTION('',(-0.893226698208469,0.,-0.449606567576138));
#3426=DIRECTION('',(-0.870084034888215,0.,-0.492903410652273));
#3427=DIRECTION('',(-0.844856669217109,0.,-0.534992718155464));
#3428=DIRECTION('',(-0.817582223539358,0.,-0.575811868367126));
#3429=DIRECTION('',(-0.788345657451302,0.,-0.615232577467801));
#3430=DIRECTION('',(-0.757211757867558,0.,-0.653169467861996));
#3431=DIRECTION('',(-0.724244396308506,0.,-0.689543366595406));
#3432=DIRECTION('',(-0.689543366595405,0.,-0.724244396308508));
#3433=DIRECTION('',(-0.653169467861998,0.,-0.757211757867556));
#3434=DIRECTION('',(-0.615232577467802,0.,-0.788345657451302));
#3435=DIRECTION('',(-0.575811868367127,0.,-0.817582223539357));
#3436=DIRECTION('',(-0.534992718155462,0.,-0.84485666921711));
#3437=DIRECTION('',(-0.492903410652275,0.,-0.870084034888214));
#3438=DIRECTION('',(-0.449606567576135,0.,-0.893226698208471));
#3439=DIRECTION('',(-0.405243968030069,0.,-0.914208579250514));
#3440=DIRECTION('',(-0.359897842109632,0.,-0.93299171660033));
#3441=DIRECTION('',(-0.313676124508171,0.,-0.949530035814315));
#3442=DIRECTION('',(-0.266713319663973,0.,-0.963775910216594));
#3443=DIRECTION('',(-0.219102067892958,0.,-0.975701944163806));
#3444=DIRECTION('',(-0.170959022855435,0.,-0.985278139666315));
#3445=DIRECTION('',(-0.122414867664567,0.,-0.992479017498439));
#3446=DIRECTION('',(-0.0735670478024122,0.,-0.997290273429776));
#3447=DIRECTION('',(-0.0245392155886311,0.,-0.999698868108939));
#3448=DIRECTION('',(0.,0.,-1.));
#3449=DIRECTION('center_axis',(0.707106781186541,0.,-0.707106781186554));
#3450=DIRECTION('ref_axis',(-0.707106781186554,0.,-0.707106781186541));
#3451=DIRECTION('',(0.,-1.,0.));
#3452=DIRECTION('',(-0.707106781186554,0.,-0.707106781186541));
#3453=DIRECTION('',(0.,1.,0.));
#3454=DIRECTION('center_axis',(1.,0.,0.));
#3455=DIRECTION('ref_axis',(0.,0.,-1.));
#3456=DIRECTION('',(0.,0.,-1.));
#3457=DIRECTION('',(0.,1.,0.));
#3458=DIRECTION('center_axis',(0.999698814246899,0.,-0.0245414097668277));
#3459=DIRECTION('ref_axis',(-0.0245414097668277,0.,-0.999698814246899));
#3460=DIRECTION('',(-0.0245414097668277,0.,-0.999698814246899));
#3461=DIRECTION('',(0.,1.,0.));
#3462=DIRECTION('center_axis',(0.997290590194908,0.,-0.0735627535420728));
#3463=DIRECTION('ref_axis',(-0.0735627535420728,0.,-0.997290590194908));
#3464=DIRECTION('',(-0.0735627535420728,0.,-0.997290590194908));
#3465=DIRECTION('',(0.,1.,0.));
#3466=DIRECTION('center_axis',(0.99247984585982,0.,-0.122408151534395));
#3467=DIRECTION('ref_axis',(-0.122408151534395,0.,-0.99247984585982));
#3468=DIRECTION('',(-0.122408151534395,0.,-0.99247984585982));
#3469=DIRECTION('',(0.,1.,0.));
#3470=DIRECTION('center_axis',(0.985276872778277,0.,-0.170966324076584));
#3471=DIRECTION('ref_axis',(-0.170966324076584,0.,-0.985276872778277));
#3472=DIRECTION('',(-0.170966324076584,0.,-0.985276872778277));
#3473=DIRECTION('',(0.,1.,0.));
#3474=DIRECTION('center_axis',(0.975702842131189,0.,-0.219098069040146));
#3475=DIRECTION('ref_axis',(-0.219098069040146,0.,-0.975702842131189));
#3476=DIRECTION('',(-0.219098069040146,0.,-0.975702842131189));
#3477=DIRECTION('',(0.,1.,0.));
#3478=DIRECTION('center_axis',(0.963774623776404,0.,-0.266717968207339));
#3479=DIRECTION('ref_axis',(-0.266717968207339,0.,-0.963774623776404));
#3480=DIRECTION('',(-0.266717968207339,0.,-0.963774623776404));
#3481=DIRECTION('',(0.,1.,0.));
#3482=DIRECTION('center_axis',(0.949529903407147,0.,-0.313676525318064));
#3483=DIRECTION('ref_axis',(-0.313676525318064,0.,-0.949529903407147));
#3484=DIRECTION('',(-0.313676525318064,0.,-0.949529903407147));
#3485=DIRECTION('',(0.,1.,0.));
#3486=DIRECTION('center_axis',(0.932991811365903,0.,-0.359897596441225));
#3487=DIRECTION('ref_axis',(-0.359897596441225,0.,-0.932991811365903));
#3488=DIRECTION('',(-0.359897596441225,0.,-0.932991811365903));
#3489=DIRECTION('',(0.,1.,0.));
#3490=DIRECTION('center_axis',(0.914209708276896,0.,-0.405241420997746));
#3491=DIRECTION('ref_axis',(-0.405241420997746,0.,-0.914209708276896));
#3492=DIRECTION('',(-0.405241420997746,0.,-0.914209708276896));
#3493=DIRECTION('',(0.,1.,0.));
#3494=DIRECTION('center_axis',(0.893223209592096,0.,-0.449613498291582));
#3495=DIRECTION('ref_axis',(-0.449613498291582,0.,-0.893223209592096));
#3496=DIRECTION('',(-0.449613498291582,0.,-0.893223209592096));
#3497=DIRECTION('',(0.,1.,0.));
#3498=DIRECTION('center_axis',(0.870088255624109,0.,-0.49289596004126));
#3499=DIRECTION('ref_axis',(-0.49289596004126,0.,-0.870088255624109));
#3500=DIRECTION('',(-0.49289596004126,0.,-0.870088255624109));
#3501=DIRECTION('',(0.,1.,0.));
#3502=DIRECTION('center_axis',(0.844850471698665,0.,-0.535002505106792));
#3503=DIRECTION('ref_axis',(-0.535002505106792,0.,-0.844850471698665));
#3504=DIRECTION('',(-0.535002505106792,0.,-0.844850471698665));
#3505=DIRECTION('',(0.,1.,0.));
#3506=DIRECTION('center_axis',(0.817588060502208,0.,-0.575803580506615));
#3507=DIRECTION('ref_axis',(-0.575803580506615,0.,-0.817588060502208));
#3508=DIRECTION('',(-0.575803580506615,0.,-0.817588060502208));
#3509=DIRECTION('',(0.,1.,0.));
#3510=DIRECTION('center_axis',(0.788349098203681,0.,-0.615228168537042));
#3511=DIRECTION('ref_axis',(-0.615228168537042,0.,-0.788349098203681));
#3512=DIRECTION('',(-0.615228168537042,0.,-0.788349098203681));
#3513=DIRECTION('',(0.,1.,0.));
#3514=DIRECTION('center_axis',(0.757203747649847,0.,-0.653178753898981));
#3515=DIRECTION('ref_axis',(-0.653178753898981,0.,-0.757203747649847));
#3516=DIRECTION('',(-0.653178753898981,0.,-0.757203747649847));
#3517=DIRECTION('',(0.,1.,0.));
#3518=DIRECTION('center_axis',(0.724250280390133,0.,-0.68953718634662));
#3519=DIRECTION('ref_axis',(-0.68953718634662,0.,-0.724250280390133));
#3520=DIRECTION('',(-0.68953718634662,0.,-0.724250280390133));
#3521=DIRECTION('',(0.,1.,0.));
#3522=DIRECTION('center_axis',(0.689537186346622,0.,-0.724250280390132));
#3523=DIRECTION('ref_axis',(-0.724250280390132,0.,-0.689537186346622));
#3524=DIRECTION('',(-0.724250280390132,0.,-0.689537186346622));
#3525=DIRECTION('',(0.,1.,0.));
#3526=DIRECTION('center_axis',(0.65317875389898,0.,-0.757203747649848));
#3527=DIRECTION('ref_axis',(-0.757203747649848,0.,-0.65317875389898));
#3528=DIRECTION('',(-0.757203747649848,0.,-0.65317875389898));
#3529=DIRECTION('',(0.,1.,0.));
#3530=DIRECTION('center_axis',(0.615228168537041,0.,-0.788349098203682));
#3531=DIRECTION('ref_axis',(-0.788349098203682,0.,-0.615228168537041));
#3532=DIRECTION('',(-0.788349098203682,0.,-0.615228168537041));
#3533=DIRECTION('',(0.,1.,0.));
#3534=DIRECTION('center_axis',(0.575803580506616,0.,-0.817588060502208));
#3535=DIRECTION('ref_axis',(-0.817588060502208,0.,-0.575803580506616));
#3536=DIRECTION('',(-0.817588060502208,0.,-0.575803580506616));
#3537=DIRECTION('',(0.,1.,0.));
#3538=DIRECTION('center_axis',(0.535002505106794,0.,-0.844850471698664));
#3539=DIRECTION('ref_axis',(-0.844850471698664,0.,-0.535002505106794));
#3540=DIRECTION('',(-0.844850471698664,0.,-0.535002505106794));
#3541=DIRECTION('',(0.,1.,0.));
#3542=DIRECTION('center_axis',(0.492895960041258,0.,-0.87008825562411));
#3543=DIRECTION('ref_axis',(-0.87008825562411,0.,-0.492895960041258));
#3544=DIRECTION('',(-0.87008825562411,0.,-0.492895960041258));
#3545=DIRECTION('',(0.,1.,0.));
#3546=DIRECTION('center_axis',(0.449613498291582,0.,-0.893223209592096));
#3547=DIRECTION('ref_axis',(-0.893223209592096,0.,-0.449613498291582));
#3548=DIRECTION('',(-0.893223209592096,0.,-0.449613498291582));
#3549=DIRECTION('',(0.,1.,0.));
#3550=DIRECTION('center_axis',(0.405241420997746,0.,-0.914209708276896));
#3551=DIRECTION('ref_axis',(-0.914209708276896,0.,-0.405241420997746));
#3552=DIRECTION('',(-0.914209708276896,0.,-0.405241420997746));
#3553=DIRECTION('',(0.,1.,0.));
#3554=DIRECTION('center_axis',(0.359897596441224,0.,-0.932991811365903));
#3555=DIRECTION('ref_axis',(-0.932991811365903,0.,-0.359897596441224));
#3556=DIRECTION('',(-0.932991811365903,0.,-0.359897596441224));
#3557=DIRECTION('',(0.,1.,0.));
#3558=DIRECTION('center_axis',(0.313676525318063,0.,-0.949529903407147));
#3559=DIRECTION('ref_axis',(-0.949529903407147,0.,-0.313676525318063));
#3560=DIRECTION('',(-0.949529903407147,0.,-0.313676525318063));
#3561=DIRECTION('',(0.,1.,0.));
#3562=DIRECTION('center_axis',(0.26671796820734,0.,-0.963774623776404));
#3563=DIRECTION('ref_axis',(-0.963774623776404,0.,-0.26671796820734));
#3564=DIRECTION('',(-0.963774623776404,0.,-0.26671796820734));
#3565=DIRECTION('',(0.,1.,0.));
#3566=DIRECTION('center_axis',(0.219098069040148,0.,-0.975702842131188));
#3567=DIRECTION('ref_axis',(-0.975702842131188,0.,-0.219098069040148));
#3568=DIRECTION('',(-0.975702842131188,0.,-0.219098069040148));
#3569=DIRECTION('',(0.,1.,0.));
#3570=DIRECTION('center_axis',(0.170966324076584,0.,-0.985276872778277));
#3571=DIRECTION('ref_axis',(-0.985276872778277,0.,-0.170966324076584));
#3572=DIRECTION('',(-0.985276872778277,0.,-0.170966324076584));
#3573=DIRECTION('',(0.,1.,0.));
#3574=DIRECTION('center_axis',(0.122408151534394,0.,-0.99247984585982));
#3575=DIRECTION('ref_axis',(-0.99247984585982,0.,-0.122408151534394));
#3576=DIRECTION('',(-0.99247984585982,0.,-0.122408151534394));
#3577=DIRECTION('',(0.,1.,0.));
#3578=DIRECTION('center_axis',(0.0735627535420729,0.,-0.997290590194908));
#3579=DIRECTION('ref_axis',(-0.997290590194908,0.,-0.0735627535420729));
#3580=DIRECTION('',(-0.997290590194908,0.,-0.0735627535420729));
#3581=DIRECTION('',(0.,1.,0.));
#3582=DIRECTION('center_axis',(0.0245414097668265,0.,-0.999698814246899));
#3583=DIRECTION('ref_axis',(-0.999698814246899,0.,-0.0245414097668265));
#3584=DIRECTION('',(-0.999698814246899,0.,-0.0245414097668265));
#3585=DIRECTION('',(0.,1.,0.));
#3586=DIRECTION('center_axis',(0.,0.,-1.));
#3587=DIRECTION('ref_axis',(-1.,0.,0.));
#3588=DIRECTION('',(-1.,0.,0.));
#3589=DIRECTION('',(0.,1.,0.));
#3590=DIRECTION('center_axis',(0.0245818275488941,0.,-0.999697821221171));
#3591=DIRECTION('ref_axis',(-0.999697821221171,0.,-0.0245818275488941));
#3592=DIRECTION('',(-0.999697821221171,0.,-0.0245818275488941));
#3593=DIRECTION('',(0.,1.,0.));
#3594=DIRECTION('center_axis',(0.0736748276280938,0.,-0.997282316986504));
#3595=DIRECTION('ref_axis',(-0.997282316986504,0.,-0.0736748276280938));
#3596=DIRECTION('',(-0.997282316986504,0.,-0.0736748276280938));
#3597=DIRECTION('',(0.,1.,0.));
#3598=DIRECTION('center_axis',(0.122597912705291,0.,-0.992456423124112));
#3599=DIRECTION('ref_axis',(-0.992456423124112,0.,-0.122597912705291));
#3600=DIRECTION('',(-0.992456423124112,0.,-0.122597912705291));
#3601=DIRECTION('',(0.,1.,0.));
#3602=DIRECTION('center_axis',(0.171219076589175,0.,-0.98523298148811));
#3603=DIRECTION('ref_axis',(-0.98523298148811,0.,-0.171219076589175));
#3604=DIRECTION('',(-0.98523298148811,0.,-0.171219076589175));
#3605=DIRECTION('',(0.,1.,0.));
#3606=DIRECTION('center_axis',(0.219437852860632,0.,-0.975626480130544));
#3607=DIRECTION('ref_axis',(-0.975626480130544,0.,-0.219437852860632));
#3608=DIRECTION('',(-0.975626480130544,0.,-0.219437852860632));
#3609=DIRECTION('',(0.,1.,0.));
#3610=DIRECTION('center_axis',(0.267115344508933,0.,-0.963664564424714));
#3611=DIRECTION('ref_axis',(-0.963664564424714,0.,-0.267115344508933));
#3612=DIRECTION('',(-0.963664564424714,0.,-0.267115344508933));
#3613=DIRECTION('',(0.,1.,0.));
#3614=DIRECTION('center_axis',(0.314147556862986,0.,-0.949374168869691));
#3615=DIRECTION('ref_axis',(-0.949374168869691,0.,-0.314147556862986));
#3616=DIRECTION('',(-0.949374168869691,0.,-0.314147556862986));
#3617=DIRECTION('',(0.,1.,0.));
#3618=DIRECTION('center_axis',(0.360418548752057,0.,-0.932790689123483));
#3619=DIRECTION('ref_axis',(-0.932790689123483,0.,-0.360418548752057));
#3620=DIRECTION('',(-0.932790689123483,0.,-0.360418548752057));
#3621=DIRECTION('',(0.,1.,0.));
#3622=DIRECTION('center_axis',(0.405835519812932,0.,-0.913946131267137));
#3623=DIRECTION('ref_axis',(-0.913946131267137,0.,-0.405835519812932));
#3624=DIRECTION('',(-0.913946131267137,0.,-0.405835519812932));
#3625=DIRECTION('',(0.,1.,0.));
#3626=DIRECTION('center_axis',(0.450248839580213,0.,-0.892903120420503));
#3627=DIRECTION('ref_axis',(-0.892903120420503,0.,-0.450248839580213));
#3628=DIRECTION('',(-0.892903120420503,0.,-0.450248839580213));
#3629=DIRECTION('',(0.,1.,0.));
#3630=DIRECTION('center_axis',(0.493593403569976,0.,-0.869692791709927));
#3631=DIRECTION('ref_axis',(-0.869692791709927,0.,-0.493593403569976));
#3632=DIRECTION('',(-0.869692791709927,0.,-0.493593403569976));
#3633=DIRECTION('',(0.,1.,0.));
#3634=DIRECTION('center_axis',(0.53573161164875,0.,-0.844388323154834));
#3635=DIRECTION('ref_axis',(-0.844388323154834,0.,-0.53573161164875));
#3636=DIRECTION('',(-0.844388323154834,0.,-0.53573161164875));
#3637=DIRECTION('',(0.,1.,0.));
#3638=DIRECTION('center_axis',(0.576579070987566,0.,-0.817041354460786));
#3639=DIRECTION('ref_axis',(-0.817041354460786,0.,-0.576579070987566));
#3640=DIRECTION('',(-0.817041354460786,0.,-0.576579070987566));
#3641=DIRECTION('',(0.,1.,0.));
#3642=DIRECTION('center_axis',(0.616042233442675,0.,-0.787713124566908));
#3643=DIRECTION('ref_axis',(-0.787713124566908,0.,-0.616042233442675));
#3644=DIRECTION('',(-0.787713124566908,0.,-0.616042233442675));
#3645=DIRECTION('',(0.,1.,0.));
#3646=DIRECTION('center_axis',(0.654004517963469,0.,-0.756490641371968));
#3647=DIRECTION('ref_axis',(-0.756490641371968,0.,-0.654004517963469));
#3648=DIRECTION('',(-0.756490641371967,0.,-0.654004517963469));
#3649=DIRECTION('',(0.,1.,0.));
#3650=DIRECTION('center_axis',(0.69038853440606,0.,-0.723438782179012));
#3651=DIRECTION('ref_axis',(-0.723438782179012,0.,-0.69038853440606));
#3652=DIRECTION('',(-0.723438782179012,0.,-0.69038853440606));
#3653=DIRECTION('',(0.,1.,0.));
#3654=DIRECTION('center_axis',(0.690387306419164,0.,-0.723439954063426));
#3655=DIRECTION('ref_axis',(-0.723439954063426,0.,-0.690387306419164));
#3656=DIRECTION('',(-0.723439954063426,0.,-0.690387306419164));
#3657=DIRECTION('',(0.,1.,0.));
#3658=DIRECTION('center_axis',(0.654004607197279,0.,-0.756490564227164));
#3659=DIRECTION('ref_axis',(-0.756490564227164,0.,-0.654004607197279));
#3660=DIRECTION('',(-0.756490564227164,0.,-0.654004607197279));
#3661=DIRECTION('',(0.,1.,0.));
#3662=DIRECTION('center_axis',(0.616037722810435,0.,-0.787716652150082));
#3663=DIRECTION('ref_axis',(-0.787716652150082,0.,-0.616037722810435));
#3664=DIRECTION('',(-0.787716652150082,0.,-0.616037722810435));
#3665=DIRECTION('',(0.,1.,0.));
#3666=DIRECTION('center_axis',(0.57657724238945,0.,-0.817042644883716));
#3667=DIRECTION('ref_axis',(-0.817042644883716,0.,-0.57657724238945));
#3668=DIRECTION('',(-0.817042644883716,0.,-0.57657724238945));
#3669=DIRECTION('',(0.,1.,0.));
#3670=DIRECTION('center_axis',(0.535735334584651,0.,-0.844385961085019));
#3671=DIRECTION('ref_axis',(-0.844385961085019,0.,-0.535735334584651));
#3672=DIRECTION('',(-0.844385961085019,0.,-0.535735334584651));
#3673=DIRECTION('',(0.,1.,0.));
#3674=DIRECTION('center_axis',(0.493588885634552,0.,-0.869695355844816));
#3675=DIRECTION('ref_axis',(-0.869695355844816,0.,-0.493588885634552));
#3676=DIRECTION('',(-0.869695355844816,0.,-0.493588885634552));
#3677=DIRECTION('',(0.,1.,0.));
#3678=DIRECTION('center_axis',(0.450251553594251,0.,-0.892901751866331));
#3679=DIRECTION('ref_axis',(-0.892901751866331,0.,-0.450251553594251));
#3680=DIRECTION('',(-0.892901751866331,0.,-0.450251553594251));
#3681=DIRECTION('',(0.,1.,0.));
#3682=DIRECTION('center_axis',(0.405829761848158,0.,-0.913948688055444));
#3683=DIRECTION('ref_axis',(-0.913948688055444,0.,-0.405829761848158));
#3684=DIRECTION('',(-0.913948688055444,0.,-0.405829761848158));
#3685=DIRECTION('',(0.,1.,0.));
#3686=DIRECTION('center_axis',(0.360430850490131,0.,-0.932785935793932));
#3687=DIRECTION('ref_axis',(-0.932785935793932,0.,-0.360430850490131));
#3688=DIRECTION('',(-0.932785935793932,0.,-0.360430850490131));
#3689=DIRECTION('',(0.,1.,0.));
#3690=DIRECTION('center_axis',(0.314147453130904,0.,-0.949374203194592));
#3691=DIRECTION('ref_axis',(-0.949374203194592,0.,-0.314147453130904));
#3692=DIRECTION('',(-0.949374203194592,0.,-0.314147453130904));
#3693=DIRECTION('',(0.,1.,0.));
#3694=DIRECTION('center_axis',(0.267112055409692,0.,-0.963665476114408));
#3695=DIRECTION('ref_axis',(-0.963665476114408,0.,-0.267112055409692));
#3696=DIRECTION('',(-0.963665476114408,0.,-0.267112055409692));
#3697=DIRECTION('',(0.,1.,0.));
#3698=DIRECTION('center_axis',(0.219431558904181,0.,-0.975627895745546));
#3699=DIRECTION('ref_axis',(-0.975627895745546,0.,-0.219431558904181));
#3700=DIRECTION('',(-0.975627895745546,0.,-0.219431558904181));
#3701=DIRECTION('',(0.,1.,0.));
#3702=DIRECTION('center_axis',(0.171226418883102,0.,-0.98523170547667));
#3703=DIRECTION('ref_axis',(-0.98523170547667,0.,-0.171226418883102));
#3704=DIRECTION('',(-0.98523170547667,0.,-0.171226418883102));
#3705=DIRECTION('',(0.,1.,0.));
#3706=DIRECTION('center_axis',(0.12260084574466,0.,-0.992456060802036));
#3707=DIRECTION('ref_axis',(-0.992456060802036,0.,-0.12260084574466));
#3708=DIRECTION('',(-0.992456060802036,0.,-0.12260084574466));
#3709=DIRECTION('',(0.,1.,0.));
#3710=DIRECTION('center_axis',(0.0736762921978344,0.,-0.997282208789458));
#3711=DIRECTION('ref_axis',(-0.997282208789458,0.,-0.0736762921978344));
#3712=DIRECTION('',(-0.997282208789458,0.,-0.0736762921978344));
#3713=DIRECTION('',(0.,1.,0.));
#3714=DIRECTION('center_axis',(0.0245758139896317,0.,-0.999697969072033));
#3715=DIRECTION('ref_axis',(-0.999697969072033,0.,-0.0245758139896317));
#3716=DIRECTION('',(-0.999697969072033,0.,-0.0245758139896317));
#3717=DIRECTION('',(0.,1.,0.));
#3718=DIRECTION('center_axis',(0.,0.,-1.));
#3719=DIRECTION('ref_axis',(-1.,0.,0.));
#3720=DIRECTION('',(-1.,0.,0.));
#3721=DIRECTION('',(0.,1.,0.));
#3722=DIRECTION('center_axis',(0.707106781186544,0.,-0.707106781186551));
#3723=DIRECTION('ref_axis',(-0.707106781186551,0.,-0.707106781186544));
#3724=DIRECTION('',(-0.707106781186551,0.,-0.707106781186544));
#3725=DIRECTION('',(0.,1.,0.));
#3726=DIRECTION('center_axis',(0.707106781186541,0.,0.707106781186554));
#3727=DIRECTION('ref_axis',(0.707106781186554,0.,-0.707106781186541));
#3728=DIRECTION('',(0.707106781186554,0.,-0.707106781186541));
#3729=DIRECTION('',(0.,1.,0.));
#3730=DIRECTION('center_axis',(0.,0.,1.));
#3731=DIRECTION('ref_axis',(1.,0.,0.));
#3732=DIRECTION('',(1.,0.,0.));
#3733=DIRECTION('',(0.,1.,0.));
#3734=DIRECTION('center_axis',(-0.0245818275488955,0.,0.999697821221171));
#3735=DIRECTION('ref_axis',(0.999697821221171,0.,0.0245818275488955));
#3736=DIRECTION('',(0.999697821221171,0.,0.0245818275488955));
#3737=DIRECTION('',(0.,1.,0.));
#3738=DIRECTION('center_axis',(-0.0736748276280909,0.,0.997282316986505));
#3739=DIRECTION('ref_axis',(0.997282316986505,0.,0.0736748276280909));
#3740=DIRECTION('',(0.997282316986505,0.,0.0736748276280909));
#3741=DIRECTION('',(0.,1.,0.));
#3742=DIRECTION('center_axis',(-0.122597912705294,0.,0.992456423124111));
#3743=DIRECTION('ref_axis',(0.992456423124111,0.,0.122597912705294));
#3744=DIRECTION('',(0.992456423124111,0.,0.122597912705294));
#3745=DIRECTION('',(0.,1.,0.));
#3746=DIRECTION('center_axis',(-0.171219076589174,0.,0.98523298148811));
#3747=DIRECTION('ref_axis',(0.98523298148811,0.,0.171219076589174));
#3748=DIRECTION('',(0.98523298148811,0.,0.171219076589174));
#3749=DIRECTION('',(0.,1.,0.));
#3750=DIRECTION('center_axis',(-0.219437852860634,0.,0.975626480130544));
#3751=DIRECTION('ref_axis',(0.975626480130544,0.,0.219437852860634));
#3752=DIRECTION('',(0.975626480130544,0.,0.219437852860634));
#3753=DIRECTION('',(0.,1.,0.));
#3754=DIRECTION('center_axis',(-0.267115344508932,0.,0.963664564424714));
#3755=DIRECTION('ref_axis',(0.963664564424714,0.,0.267115344508932));
#3756=DIRECTION('',(0.963664564424714,0.,0.267115344508932));
#3757=DIRECTION('',(0.,1.,0.));
#3758=DIRECTION('center_axis',(-0.314147556862983,0.,0.949374168869692));
#3759=DIRECTION('ref_axis',(0.949374168869692,0.,0.314147556862983));
#3760=DIRECTION('',(0.949374168869692,0.,0.314147556862983));
#3761=DIRECTION('',(0.,1.,0.));
#3762=DIRECTION('center_axis',(-0.36041854875206,0.,0.932790689123481));
#3763=DIRECTION('ref_axis',(0.932790689123481,0.,0.36041854875206));
#3764=DIRECTION('',(0.932790689123481,0.,0.36041854875206));
#3765=DIRECTION('',(0.,1.,0.));
#3766=DIRECTION('center_axis',(-0.405835519812929,0.,0.913946131267139));
#3767=DIRECTION('ref_axis',(0.913946131267139,0.,0.405835519812929));
#3768=DIRECTION('',(0.913946131267139,0.,0.405835519812929));
#3769=DIRECTION('',(0.,1.,0.));
#3770=DIRECTION('center_axis',(-0.450248839580214,0.,0.892903120420503));
#3771=DIRECTION('ref_axis',(0.892903120420503,0.,0.450248839580214));
#3772=DIRECTION('',(0.892903120420503,0.,0.450248839580214));
#3773=DIRECTION('',(0.,1.,0.));
#3774=DIRECTION('center_axis',(-0.493593403569976,0.,0.869692791709927));
#3775=DIRECTION('ref_axis',(0.869692791709927,0.,0.493593403569976));
#3776=DIRECTION('',(0.869692791709927,0.,0.493593403569976));
#3777=DIRECTION('',(0.,1.,0.));
#3778=DIRECTION('center_axis',(-0.53573161164875,0.,0.844388323154834));
#3779=DIRECTION('ref_axis',(0.844388323154834,0.,0.53573161164875));
#3780=DIRECTION('',(0.844388323154834,0.,0.53573161164875));
#3781=DIRECTION('',(0.,1.,0.));
#3782=DIRECTION('center_axis',(-0.576579070987567,0.,0.817041354460785));
#3783=DIRECTION('ref_axis',(0.817041354460785,0.,0.576579070987567));
#3784=DIRECTION('',(0.817041354460785,0.,0.576579070987567));
#3785=DIRECTION('',(0.,1.,0.));
#3786=DIRECTION('center_axis',(-0.616042233442675,0.,0.787713124566908));
#3787=DIRECTION('ref_axis',(0.787713124566908,0.,0.616042233442675));
#3788=DIRECTION('',(0.787713124566908,0.,0.616042233442675));
#3789=DIRECTION('',(0.,1.,0.));
#3790=DIRECTION('center_axis',(-0.654004517963469,0.,0.756490641371968));
#3791=DIRECTION('ref_axis',(0.756490641371968,0.,0.654004517963469));
#3792=DIRECTION('',(0.756490641371967,0.,0.654004517963469));
#3793=DIRECTION('',(0.,1.,0.));
#3794=DIRECTION('center_axis',(-0.690388534406059,0.,0.723438782179013));
#3795=DIRECTION('ref_axis',(0.723438782179013,0.,0.690388534406059));
#3796=DIRECTION('',(0.723438782179013,0.,0.690388534406059));
#3797=DIRECTION('',(0.,1.,0.));
#3798=DIRECTION('center_axis',(-0.690387306419165,0.,0.723439954063425));
#3799=DIRECTION('ref_axis',(0.723439954063425,0.,0.690387306419165));
#3800=DIRECTION('',(0.723439954063425,0.,0.690387306419165));
#3801=DIRECTION('',(0.,1.,0.));
#3802=DIRECTION('center_axis',(-0.654004607197278,0.,0.756490564227165));
#3803=DIRECTION('ref_axis',(0.756490564227165,0.,0.654004607197278));
#3804=DIRECTION('',(0.756490564227165,0.,0.654004607197278));
#3805=DIRECTION('',(0.,1.,0.));
#3806=DIRECTION('center_axis',(-0.616037722810437,0.,0.787716652150081));
#3807=DIRECTION('ref_axis',(0.787716652150081,0.,0.616037722810437));
#3808=DIRECTION('',(0.787716652150081,0.,0.616037722810436));
#3809=DIRECTION('',(0.,1.,0.));
#3810=DIRECTION('center_axis',(-0.576577242389451,0.,0.817042644883715));
#3811=DIRECTION('ref_axis',(0.817042644883715,0.,0.576577242389451));
#3812=DIRECTION('',(0.817042644883715,0.,0.576577242389451));
#3813=DIRECTION('',(0.,1.,0.));
#3814=DIRECTION('center_axis',(-0.535735334584648,0.,0.844385961085021));
#3815=DIRECTION('ref_axis',(0.844385961085021,0.,0.535735334584648));
#3816=DIRECTION('',(0.844385961085021,0.,0.535735334584648));
#3817=DIRECTION('',(0.,1.,0.));
#3818=DIRECTION('center_axis',(-0.493588885634556,0.,0.869695355844814));
#3819=DIRECTION('ref_axis',(0.869695355844814,0.,0.493588885634556));
#3820=DIRECTION('',(0.869695355844814,0.,0.493588885634556));
#3821=DIRECTION('',(0.,1.,0.));
#3822=DIRECTION('center_axis',(-0.450251553594246,0.,0.892901751866334));
#3823=DIRECTION('ref_axis',(0.892901751866334,0.,0.450251553594246));
#3824=DIRECTION('',(0.892901751866334,0.,0.450251553594246));
#3825=DIRECTION('',(0.,1.,0.));
#3826=DIRECTION('center_axis',(-0.40582976184816,0.,0.913948688055443));
#3827=DIRECTION('ref_axis',(0.913948688055443,0.,0.40582976184816));
#3828=DIRECTION('',(0.913948688055443,0.,0.40582976184816));
#3829=DIRECTION('',(0.,1.,0.));
#3830=DIRECTION('center_axis',(-0.360430850490131,0.,0.932785935793932));
#3831=DIRECTION('ref_axis',(0.932785935793932,0.,0.360430850490131));
#3832=DIRECTION('',(0.932785935793932,0.,0.360430850490131));
#3833=DIRECTION('',(0.,1.,0.));
#3834=DIRECTION('center_axis',(-0.314147453130904,0.,0.949374203194592));
#3835=DIRECTION('ref_axis',(0.949374203194592,0.,0.314147453130904));
#3836=DIRECTION('',(0.949374203194592,0.,0.314147453130904));
#3837=DIRECTION('',(0.,1.,0.));
#3838=DIRECTION('center_axis',(-0.267112055409691,0.,0.963665476114409));
#3839=DIRECTION('ref_axis',(0.963665476114409,0.,0.267112055409691));
#3840=DIRECTION('',(0.963665476114409,0.,0.267112055409691));
#3841=DIRECTION('',(0.,1.,0.));
#3842=DIRECTION('center_axis',(-0.219431558904182,0.,0.975627895745545));
#3843=DIRECTION('ref_axis',(0.975627895745545,0.,0.219431558904182));
#3844=DIRECTION('',(0.975627895745545,0.,0.219431558904182));
#3845=DIRECTION('',(0.,1.,0.));
#3846=DIRECTION('center_axis',(-0.171226418883103,0.,0.98523170547667));
#3847=DIRECTION('ref_axis',(0.98523170547667,0.,0.171226418883103));
#3848=DIRECTION('',(0.98523170547667,0.,0.171226418883103));
#3849=DIRECTION('',(0.,1.,0.));
#3850=DIRECTION('center_axis',(-0.122600845744659,0.,0.992456060802036));
#3851=DIRECTION('ref_axis',(0.992456060802036,0.,0.122600845744659));
#3852=DIRECTION('',(0.992456060802036,0.,0.122600845744659));
#3853=DIRECTION('',(0.,1.,0.));
#3854=DIRECTION('center_axis',(-0.0736762921978344,0.,0.997282208789458));
#3855=DIRECTION('ref_axis',(0.997282208789458,0.,0.0736762921978344));
#3856=DIRECTION('',(0.997282208789458,0.,0.0736762921978344));
#3857=DIRECTION('',(0.,1.,0.));
#3858=DIRECTION('center_axis',(-0.024575813989635,0.,0.999697969072033));
#3859=DIRECTION('ref_axis',(0.999697969072033,0.,0.024575813989635));
#3860=DIRECTION('',(0.999697969072033,0.,0.024575813989635));
#3861=DIRECTION('',(0.,1.,0.));
#3862=DIRECTION('center_axis',(0.,0.,1.));
#3863=DIRECTION('ref_axis',(1.,0.,0.));
#3864=DIRECTION('',(1.,0.,0.));
#3865=DIRECTION('',(0.,1.,0.));
#3866=DIRECTION('center_axis',(-0.0245392155886322,0.,0.999698868108939));
#3867=DIRECTION('ref_axis',(0.999698868108939,0.,0.0245392155886322));
#3868=DIRECTION('',(0.999698868108939,0.,0.0245392155886322));
#3869=DIRECTION('',(0.,1.,0.));
#3870=DIRECTION('center_axis',(-0.0735670478024122,0.,0.997290273429776));
#3871=DIRECTION('ref_axis',(0.997290273429776,0.,0.0735670478024122));
#3872=DIRECTION('',(0.997290273429776,0.,0.0735670478024122));
#3873=DIRECTION('',(0.,1.,0.));
#3874=DIRECTION('center_axis',(-0.122414867664566,0.,0.992479017498439));
#3875=DIRECTION('ref_axis',(0.992479017498439,0.,0.122414867664566));
#3876=DIRECTION('',(0.992479017498439,0.,0.122414867664566));
#3877=DIRECTION('',(0.,1.,0.));
#3878=DIRECTION('center_axis',(-0.170959022855439,0.,0.985278139666315));
#3879=DIRECTION('ref_axis',(0.985278139666315,0.,0.170959022855439));
#3880=DIRECTION('',(0.985278139666315,0.,0.170959022855439));
#3881=DIRECTION('',(0.,1.,0.));
#3882=DIRECTION('center_axis',(-0.219102067892955,0.,0.975701944163806));
#3883=DIRECTION('ref_axis',(0.975701944163806,0.,0.219102067892955));
#3884=DIRECTION('',(0.975701944163806,0.,0.219102067892955));
#3885=DIRECTION('',(0.,1.,0.));
#3886=DIRECTION('center_axis',(-0.266713319663973,0.,0.963775910216594));
#3887=DIRECTION('ref_axis',(0.963775910216594,0.,0.266713319663973));
#3888=DIRECTION('',(0.963775910216594,0.,0.266713319663973));
#3889=DIRECTION('',(0.,1.,0.));
#3890=DIRECTION('center_axis',(-0.31367612450817,0.,0.949530035814315));
#3891=DIRECTION('ref_axis',(0.949530035814315,0.,0.31367612450817));
#3892=DIRECTION('',(0.949530035814315,0.,0.31367612450817));
#3893=DIRECTION('',(0.,1.,0.));
#3894=DIRECTION('center_axis',(-0.359897842109631,0.,0.93299171660033));
#3895=DIRECTION('ref_axis',(0.93299171660033,0.,0.359897842109631));
#3896=DIRECTION('',(0.93299171660033,0.,0.359897842109631));
#3897=DIRECTION('',(0.,1.,0.));
#3898=DIRECTION('center_axis',(-0.405243968030069,0.,0.914208579250515));
#3899=DIRECTION('ref_axis',(0.914208579250515,0.,0.405243968030069));
#3900=DIRECTION('',(0.914208579250515,0.,0.405243968030069));
#3901=DIRECTION('',(0.,1.,0.));
#3902=DIRECTION('center_axis',(-0.449606567576138,0.,0.893226698208469));
#3903=DIRECTION('ref_axis',(0.893226698208469,0.,0.449606567576138));
#3904=DIRECTION('',(0.893226698208469,0.,0.449606567576138));
#3905=DIRECTION('',(0.,1.,0.));
#3906=DIRECTION('center_axis',(-0.492903410652273,0.,0.870084034888215));
#3907=DIRECTION('ref_axis',(0.870084034888215,0.,0.492903410652273));
#3908=DIRECTION('',(0.870084034888215,0.,0.492903410652273));
#3909=DIRECTION('',(0.,1.,0.));
#3910=DIRECTION('center_axis',(-0.534992718155464,0.,0.844856669217109));
#3911=DIRECTION('ref_axis',(0.844856669217109,0.,0.534992718155464));
#3912=DIRECTION('',(0.844856669217109,0.,0.534992718155464));
#3913=DIRECTION('',(0.,1.,0.));
#3914=DIRECTION('center_axis',(-0.575811868367126,0.,0.817582223539358));
#3915=DIRECTION('ref_axis',(0.817582223539358,0.,0.575811868367126));
#3916=DIRECTION('',(0.817582223539358,0.,0.575811868367126));
#3917=DIRECTION('',(0.,1.,0.));
#3918=DIRECTION('center_axis',(-0.615232577467801,0.,0.788345657451302));
#3919=DIRECTION('ref_axis',(0.788345657451302,0.,0.615232577467801));
#3920=DIRECTION('',(0.788345657451302,0.,0.615232577467801));
#3921=DIRECTION('',(0.,1.,0.));
#3922=DIRECTION('center_axis',(-0.653169467861996,0.,0.757211757867558));
#3923=DIRECTION('ref_axis',(0.757211757867558,0.,0.653169467861996));
#3924=DIRECTION('',(0.757211757867558,0.,0.653169467861996));
#3925=DIRECTION('',(0.,1.,0.));
#3926=DIRECTION('center_axis',(-0.689543366595406,0.,0.724244396308506));
#3927=DIRECTION('ref_axis',(0.724244396308506,0.,0.689543366595406));
#3928=DIRECTION('',(0.724244396308506,0.,0.689543366595406));
#3929=DIRECTION('',(0.,1.,0.));
#3930=DIRECTION('center_axis',(-0.724244396308508,0.,0.689543366595405));
#3931=DIRECTION('ref_axis',(0.689543366595405,0.,0.724244396308508));
#3932=DIRECTION('',(0.689543366595405,0.,0.724244396308508));
#3933=DIRECTION('',(0.,1.,0.));
#3934=DIRECTION('center_axis',(-0.757211757867556,0.,0.653169467861998));
#3935=DIRECTION('ref_axis',(0.653169467861998,0.,0.757211757867556));
#3936=DIRECTION('',(0.653169467861998,0.,0.757211757867556));
#3937=DIRECTION('',(0.,1.,0.));
#3938=DIRECTION('center_axis',(-0.788345657451302,0.,0.615232577467802));
#3939=DIRECTION('ref_axis',(0.615232577467802,0.,0.788345657451302));
#3940=DIRECTION('',(0.615232577467802,0.,0.788345657451302));
#3941=DIRECTION('',(0.,1.,0.));
#3942=DIRECTION('center_axis',(-0.817582223539357,0.,0.575811868367127));
#3943=DIRECTION('ref_axis',(0.575811868367127,0.,0.817582223539357));
#3944=DIRECTION('',(0.575811868367127,0.,0.817582223539357));
#3945=DIRECTION('',(0.,1.,0.));
#3946=DIRECTION('center_axis',(-0.84485666921711,0.,0.534992718155462));
#3947=DIRECTION('ref_axis',(0.534992718155462,0.,0.84485666921711));
#3948=DIRECTION('',(0.534992718155462,0.,0.84485666921711));
#3949=DIRECTION('',(0.,1.,0.));
#3950=DIRECTION('center_axis',(-0.870084034888214,0.,0.492903410652275));
#3951=DIRECTION('ref_axis',(0.492903410652275,0.,0.870084034888214));
#3952=DIRECTION('',(0.492903410652275,0.,0.870084034888214));
#3953=DIRECTION('',(0.,1.,0.));
#3954=DIRECTION('center_axis',(-0.893226698208471,0.,0.449606567576135));
#3955=DIRECTION('ref_axis',(0.449606567576135,0.,0.893226698208471));
#3956=DIRECTION('',(0.449606567576135,0.,0.893226698208471));
#3957=DIRECTION('',(0.,1.,0.));
#3958=DIRECTION('center_axis',(-0.914208579250514,0.,0.405243968030069));
#3959=DIRECTION('ref_axis',(0.405243968030069,0.,0.914208579250514));
#3960=DIRECTION('',(0.405243968030069,0.,0.914208579250514));
#3961=DIRECTION('',(0.,1.,0.));
#3962=DIRECTION('center_axis',(-0.93299171660033,0.,0.359897842109632));
#3963=DIRECTION('ref_axis',(0.359897842109632,0.,0.93299171660033));
#3964=DIRECTION('',(0.359897842109632,0.,0.93299171660033));
#3965=DIRECTION('',(0.,1.,0.));
#3966=DIRECTION('center_axis',(-0.949530035814315,0.,0.313676124508171));
#3967=DIRECTION('ref_axis',(0.313676124508171,0.,0.949530035814315));
#3968=DIRECTION('',(0.313676124508171,0.,0.949530035814315));
#3969=DIRECTION('',(0.,1.,0.));
#3970=DIRECTION('center_axis',(-0.963775910216594,0.,0.266713319663973));
#3971=DIRECTION('ref_axis',(0.266713319663973,0.,0.963775910216594));
#3972=DIRECTION('',(0.266713319663973,0.,0.963775910216594));
#3973=DIRECTION('',(0.,1.,0.));
#3974=DIRECTION('center_axis',(-0.975701944163806,0.,0.219102067892958));
#3975=DIRECTION('ref_axis',(0.219102067892958,0.,0.975701944163806));
#3976=DIRECTION('',(0.219102067892958,0.,0.975701944163806));
#3977=DIRECTION('',(0.,1.,0.));
#3978=DIRECTION('center_axis',(-0.985278139666315,0.,0.170959022855435));
#3979=DIRECTION('ref_axis',(0.170959022855435,0.,0.985278139666315));
#3980=DIRECTION('',(0.170959022855435,0.,0.985278139666315));
#3981=DIRECTION('',(0.,1.,0.));
#3982=DIRECTION('center_axis',(-0.992479017498439,0.,0.122414867664567));
#3983=DIRECTION('ref_axis',(0.122414867664567,0.,0.992479017498439));
#3984=DIRECTION('',(0.122414867664567,0.,0.992479017498439));
#3985=DIRECTION('',(0.,1.,0.));
#3986=DIRECTION('center_axis',(-0.997290273429776,0.,0.0735670478024122));
#3987=DIRECTION('ref_axis',(0.0735670478024122,0.,0.997290273429776));
#3988=DIRECTION('',(0.0735670478024122,0.,0.997290273429776));
#3989=DIRECTION('',(0.,1.,0.));
#3990=DIRECTION('center_axis',(-0.999698868108939,0.,0.0245392155886311));
#3991=DIRECTION('ref_axis',(0.0245392155886311,0.,0.999698868108939));
#3992=DIRECTION('',(0.0245392155886311,0.,0.999698868108939));
#3993=DIRECTION('',(0.,1.,0.));
#3994=DIRECTION('center_axis',(-1.,0.,0.));
#3995=DIRECTION('ref_axis',(0.,0.,1.));
#3996=DIRECTION('',(0.,0.,1.));
#3997=DIRECTION('',(0.,1.,0.));
#3998=DIRECTION('center_axis',(-0.707106781186541,0.,-0.707106781186554));
#3999=DIRECTION('ref_axis',(-0.707106781186554,0.,0.707106781186541));
#4000=DIRECTION('',(-0.707106781186554,0.,0.707106781186541));
#4001=DIRECTION('center_axis',(0.,1.,0.));
#4002=DIRECTION('ref_axis',(0.,0.,1.));
#4003=CARTESIAN_POINT('',(0.,0.,0.));
#4004=CARTESIAN_POINT('Origin',(13.617965,-1.297005,1.975));
#4005=CARTESIAN_POINT('',(13.9470166676755,-1.297005,1.95));
#4006=CARTESIAN_POINT('',(13.2889133323245,-1.297005,1.95));
#4007=CARTESIAN_POINT('',(14.1089825,-1.297005,1.95));
#4008=CARTESIAN_POINT('',(13.9470166676755,-1.297005,2.));
#4009=CARTESIAN_POINT('Origin',(13.617965,-1.297005,1.975));
#4010=CARTESIAN_POINT('',(13.2889133323245,-1.297005,2.));
#4011=CARTESIAN_POINT('',(12.1089825,-1.297005,2.));
#4012=CARTESIAN_POINT('Origin',(13.617965,-1.297005,1.975));
#4013=CARTESIAN_POINT('Origin',(13.617965,-1.497005,1.975));
#4014=CARTESIAN_POINT('',(13.2889133323245,-1.697005,1.95));
#4015=CARTESIAN_POINT('',(13.2889133323245,-1.497005,1.95));
#4016=CARTESIAN_POINT('',(13.2889133323245,-1.697005,2.));
#4017=CARTESIAN_POINT('',(13.2889133323245,-1.497005,2.));
#4018=CARTESIAN_POINT('Origin',(13.617965,-1.697005,1.975));
#4019=CARTESIAN_POINT('Origin',(13.617965,-1.697005,1.975));
#4020=CARTESIAN_POINT('',(13.9470166676755,-1.697005,1.95));
#4021=CARTESIAN_POINT('',(14.1089825,-1.697005,1.95));
#4022=CARTESIAN_POINT('',(13.9470166676755,-1.697005,2.));
#4023=CARTESIAN_POINT('',(12.1089825,-1.697005,2.));
#4024=CARTESIAN_POINT('Origin',(13.617965,-1.697005,1.975));
#4025=CARTESIAN_POINT('Origin',(13.617965,-1.497005,1.975));
#4026=CARTESIAN_POINT('',(13.9470166676755,-1.497005,1.95));
#4027=CARTESIAN_POINT('',(13.9470166676755,-1.497005,2.));
#4028=CARTESIAN_POINT('Origin',(13.617965,1.697005,1.975));
#4029=CARTESIAN_POINT('',(13.9470166676755,1.697005,1.95));
#4030=CARTESIAN_POINT('',(13.2889133323245,1.697005,1.95));
#4031=CARTESIAN_POINT('',(14.1089825,1.697005,1.95));
#4032=CARTESIAN_POINT('',(13.9470166676755,1.697005,2.));
#4033=CARTESIAN_POINT('Origin',(13.617965,1.697005,1.975));
#4034=CARTESIAN_POINT('',(13.2889133323245,1.697005,2.));
#4035=CARTESIAN_POINT('',(12.1089825,1.697005,2.));
#4036=CARTESIAN_POINT('Origin',(13.617965,1.697005,1.975));
#4037=CARTESIAN_POINT('Origin',(13.617965,1.497005,1.975));
#4038=CARTESIAN_POINT('',(13.2889133323245,1.297005,1.95));
#4039=CARTESIAN_POINT('',(13.2889133323245,1.497005,1.95));
#4040=CARTESIAN_POINT('',(13.2889133323245,1.297005,2.));
#4041=CARTESIAN_POINT('',(13.2889133323245,1.497005,2.));
#4042=CARTESIAN_POINT('Origin',(13.617965,1.297005,1.975));
#4043=CARTESIAN_POINT('Origin',(13.617965,1.297005,1.975));
#4044=CARTESIAN_POINT('',(13.9470166676755,1.297005,1.95));
#4045=CARTESIAN_POINT('',(14.1089825,1.297005,1.95));
#4046=CARTESIAN_POINT('',(13.9470166676755,1.297005,2.));
#4047=CARTESIAN_POINT('',(12.1089825,1.297005,2.));
#4048=CARTESIAN_POINT('Origin',(13.617965,1.297005,1.975));
#4049=CARTESIAN_POINT('Origin',(13.617965,1.497005,1.975));
#4050=CARTESIAN_POINT('',(13.9470166676755,1.497005,1.95));
#4051=CARTESIAN_POINT('',(13.9470166676755,1.497005,2.));
#4052=CARTESIAN_POINT('Origin',(8.05,-2.5,-1.3344105));
#4053=CARTESIAN_POINT('',(1.475,-2.5,-4.643821));
#4054=CARTESIAN_POINT('',(1.5,-2.5,-4.668821));
#4055=CARTESIAN_POINT('',(1.5,-2.5,-4.668821));
#4056=CARTESIAN_POINT('',(1.525,-2.5,-4.643821));
#4057=CARTESIAN_POINT('',(1.525,-2.5,-4.643821));
#4058=CARTESIAN_POINT('',(1.525,-2.5,-1.2));
#4059=CARTESIAN_POINT('',(1.525,-2.5,-1.2));
#4060=CARTESIAN_POINT('',(1.527379,-2.5,-1.103091));
#4061=CARTESIAN_POINT('',(1.527379,-2.5,-1.103091));
#4062=CARTESIAN_POINT('',(1.53451,-2.5,-1.006416));
#4063=CARTESIAN_POINT('',(1.53451,-2.5,-1.006416));
#4064=CARTESIAN_POINT('',(1.546376,-2.5,-0.910207));
#4065=CARTESIAN_POINT('',(1.546376,-2.5,-0.910207));
#4066=CARTESIAN_POINT('',(1.562949,-2.5,-0.814697));
#4067=CARTESIAN_POINT('',(1.562949,-2.5,-0.814697));
#4068=CARTESIAN_POINT('',(1.584188,-2.5,-0.720114));
#4069=CARTESIAN_POINT('',(1.584188,-2.5,-0.720114));
#4070=CARTESIAN_POINT('',(1.610043,-2.5,-0.626688));
#4071=CARTESIAN_POINT('',(1.610043,-2.5,-0.626688));
#4072=CARTESIAN_POINT('',(1.64045,-2.5,-0.534643));
#4073=CARTESIAN_POINT('',(1.64045,-2.5,-0.534643));
#4074=CARTESIAN_POINT('',(1.675338,-2.5,-0.4442));
#4075=CARTESIAN_POINT('',(1.675338,-2.5,-0.4442));
#4076=CARTESIAN_POINT('',(1.714621,-2.5,-0.355579));
#4077=CARTESIAN_POINT('',(1.714621,-2.5,-0.355579));
#4078=CARTESIAN_POINT('',(1.758206,-2.5,-0.268991));
#4079=CARTESIAN_POINT('',(1.758206,-2.5,-0.268991));
#4080=CARTESIAN_POINT('',(1.805986,-2.5,-0.184647));
#4081=CARTESIAN_POINT('',(1.805986,-2.5,-0.184647));
#4082=CARTESIAN_POINT('',(1.857848,-2.5,-0.102749));
#4083=CARTESIAN_POINT('',(1.857848,-2.5,-0.102749));
#4084=CARTESIAN_POINT('',(1.913665,-2.5,-0.0234940000000003));
#4085=CARTESIAN_POINT('',(1.913665,-2.5,-0.023494));
#4086=CARTESIAN_POINT('',(1.973304,-2.5,0.0529270000000004));
#4087=CARTESIAN_POINT('',(1.973304,-2.5,0.052927));
#4088=CARTESIAN_POINT('',(2.036622,-2.5,0.126329));
#4089=CARTESIAN_POINT('',(2.036622,-2.5,0.126329));
#4090=CARTESIAN_POINT('',(2.103464,-2.5,0.196536));
#4091=CARTESIAN_POINT('',(2.103464,-2.5,0.196536));
#4092=CARTESIAN_POINT('',(2.173671,-2.5,0.263378));
#4093=CARTESIAN_POINT('',(2.173671,-2.5,0.263378));
#4094=CARTESIAN_POINT('',(2.247073,-2.5,0.326696));
#4095=CARTESIAN_POINT('',(2.247073,-2.5,0.326696));
#4096=CARTESIAN_POINT('',(2.323494,-2.5,0.386335));
#4097=CARTESIAN_POINT('',(2.323494,-2.5,0.386335));
#4098=CARTESIAN_POINT('',(2.402749,-2.5,0.442152));
#4099=CARTESIAN_POINT('',(2.402749,-2.5,0.442152));
#4100=CARTESIAN_POINT('',(2.484647,-2.5,0.494014));
#4101=CARTESIAN_POINT('',(2.484647,-2.5,0.494014));
#4102=CARTESIAN_POINT('',(2.568991,-2.5,0.541794));
#4103=CARTESIAN_POINT('',(2.568991,-2.5,0.541794));
#4104=CARTESIAN_POINT('',(2.655579,-2.5,0.585379));
#4105=CARTESIAN_POINT('',(2.655579,-2.5,0.585379));
#4106=CARTESIAN_POINT('',(2.7442,-2.5,0.624662));
#4107=CARTESIAN_POINT('',(2.7442,-2.5,0.624662));
#4108=CARTESIAN_POINT('',(2.834643,-2.5,0.65955));
#4109=CARTESIAN_POINT('',(2.834643,-2.5,0.65955));
#4110=CARTESIAN_POINT('',(2.926688,-2.5,0.689957));
#4111=CARTESIAN_POINT('',(2.926688,-2.5,0.689957));
#4112=CARTESIAN_POINT('',(3.020114,-2.5,0.715812));
#4113=CARTESIAN_POINT('',(3.020114,-2.5,0.715812));
#4114=CARTESIAN_POINT('',(3.114697,-2.5,0.737051));
#4115=CARTESIAN_POINT('',(3.114697,-2.5,0.737051));
#4116=CARTESIAN_POINT('',(3.210207,-2.5,0.753624));
#4117=CARTESIAN_POINT('',(3.210207,-2.5,0.753624));
#4118=CARTESIAN_POINT('',(3.306416,-2.5,0.76549));
#4119=CARTESIAN_POINT('',(3.306416,-2.5,0.76549));
#4120=CARTESIAN_POINT('',(3.403091,-2.5,0.772621));
#4121=CARTESIAN_POINT('',(3.403091,-2.5,0.772621));
#4122=CARTESIAN_POINT('',(3.5,-2.5,0.775));
#4123=CARTESIAN_POINT('',(3.5,-2.5,0.775));
#4124=CARTESIAN_POINT('',(7.76815,-2.5,0.775));
#4125=CARTESIAN_POINT('',(7.76815,-2.5,0.775));
#4126=CARTESIAN_POINT('',(7.867665,-2.5,0.777447));
#4127=CARTESIAN_POINT('',(7.867665,-2.5,0.777447));
#4128=CARTESIAN_POINT('',(7.96694,-2.5,0.784781));
#4129=CARTESIAN_POINT('',(7.96694,-2.5,0.784781));
#4130=CARTESIAN_POINT('',(8.065734,-2.5,0.796985));
#4131=CARTESIAN_POINT('',(8.065734,-2.5,0.796985));
#4132=CARTESIAN_POINT('',(8.163809,-2.5,0.814029));
#4133=CARTESIAN_POINT('',(8.163809,-2.5,0.814029));
#4134=CARTESIAN_POINT('',(8.260928,-2.5,0.835873));
#4135=CARTESIAN_POINT('',(8.260928,-2.5,0.835873));
#4136=CARTESIAN_POINT('',(8.356856,-2.5,0.862463));
#4137=CARTESIAN_POINT('',(8.356856,-2.5,0.862463));
#4138=CARTESIAN_POINT('',(8.451362,-2.5,0.893735));
#4139=CARTESIAN_POINT('',(8.451362,-2.5,0.893735));
#4140=CARTESIAN_POINT('',(8.544217,-2.5,0.929613));
#4141=CARTESIAN_POINT('',(8.544217,-2.5,0.929613));
#4142=CARTESIAN_POINT('',(8.635196,-2.5,0.970012));
#4143=CARTESIAN_POINT('',(8.635196,-2.5,0.970012));
#4144=CARTESIAN_POINT('',(8.72408,-2.5,1.014832));
#4145=CARTESIAN_POINT('',(8.72408,-2.5,1.014832));
#4146=CARTESIAN_POINT('',(8.810654,-2.5,1.063967));
#4147=CARTESIAN_POINT('',(8.810654,-2.5,1.063967));
#4148=CARTESIAN_POINT('',(8.894708,-2.5,1.117296));
#4149=CARTESIAN_POINT('',(8.894708,-2.5,1.117296));
#4150=CARTESIAN_POINT('',(8.976041,-2.5,1.174692));
#4151=CARTESIAN_POINT('',(8.976041,-2.5,1.174692));
#4152=CARTESIAN_POINT('',(9.054454,-2.5,1.236016));
#4153=CARTESIAN_POINT('',(9.054454,-2.5,1.236016));
#4154=CARTESIAN_POINT('',(9.129759,-2.5,1.301119));
#4155=CARTESIAN_POINT('',(9.129759,-2.5,1.301119));
#4156=CARTESIAN_POINT('',(9.201774,-2.5,1.369844));
#4157=CARTESIAN_POINT('',(9.201774,-2.5,1.369844));
#4158=CARTESIAN_POINT('',(9.272011,-2.5,1.436872));
#4159=CARTESIAN_POINT('',(9.272011,-2.5,1.436872));
#4160=CARTESIAN_POINT('',(9.345456,-2.5,1.500367));
#4161=CARTESIAN_POINT('',(9.345456,-2.5,1.500367));
#4162=CARTESIAN_POINT('',(9.421934,-2.5,1.560177));
#4163=CARTESIAN_POINT('',(9.421934,-2.5,1.560177));
#4164=CARTESIAN_POINT('',(9.501258,-2.5,1.616155));
#4165=CARTESIAN_POINT('',(9.501258,-2.5,1.616155));
#4166=CARTESIAN_POINT('',(9.583237,-2.5,1.668168));
#4167=CARTESIAN_POINT('',(9.583237,-2.5,1.668168));
#4168=CARTESIAN_POINT('',(9.667673,-2.5,1.716089));
#4169=CARTESIAN_POINT('',(9.667673,-2.5,1.716089));
#4170=CARTESIAN_POINT('',(9.754363,-2.5,1.759803));
#4171=CARTESIAN_POINT('',(9.754363,-2.5,1.759803));
#4172=CARTESIAN_POINT('',(9.843096,-2.5,1.799204));
#4173=CARTESIAN_POINT('',(9.843096,-2.5,1.799204));
#4174=CARTESIAN_POINT('',(9.933657,-2.5,1.834197));
#4175=CARTESIAN_POINT('',(9.933657,-2.5,1.834197));
#4176=CARTESIAN_POINT('',(10.02583,-2.5,1.864697));
#4177=CARTESIAN_POINT('',(10.02583,-2.5,1.864697));
#4178=CARTESIAN_POINT('',(10.119389,-2.5,1.89063));
#4179=CARTESIAN_POINT('',(10.119389,-2.5,1.89063));
#4180=CARTESIAN_POINT('',(10.21411,-2.5,1.911934));
#4181=CARTESIAN_POINT('',(10.21411,-2.5,1.911934));
#4182=CARTESIAN_POINT('',(10.309764,-2.5,1.928558));
#4183=CARTESIAN_POINT('',(10.309764,-2.5,1.928558));
#4184=CARTESIAN_POINT('',(10.406119,-2.5,1.940461));
#4185=CARTESIAN_POINT('',(10.406119,-2.5,1.940461));
#4186=CARTESIAN_POINT('',(10.502942,-2.5,1.947614));
#4187=CARTESIAN_POINT('',(10.502942,-2.5,1.947614));
#4188=CARTESIAN_POINT('',(10.6,-2.5,1.95));
#4189=CARTESIAN_POINT('',(10.6,-2.5,1.95));
#4190=CARTESIAN_POINT('',(14.6,-2.5,1.95));
#4191=CARTESIAN_POINT('',(14.6,-2.5,1.95));
#4192=CARTESIAN_POINT('',(14.625,-2.5,1.975));
#4193=CARTESIAN_POINT('',(14.625,-2.5,1.975));
#4194=CARTESIAN_POINT('',(14.6,-2.5,2.));
#4195=CARTESIAN_POINT('',(14.6,-2.5,2.));
#4196=CARTESIAN_POINT('',(10.6,-2.5,2.));
#4197=CARTESIAN_POINT('',(10.6,-2.5,2.));
#4198=CARTESIAN_POINT('',(10.500485,-2.5,1.997553));
#4199=CARTESIAN_POINT('',(10.500485,-2.5,1.997553));
#4200=CARTESIAN_POINT('',(10.40121,-2.5,1.990219));
#4201=CARTESIAN_POINT('',(10.40121,-2.5,1.990219));
#4202=CARTESIAN_POINT('',(10.302416,-2.5,1.978015));
#4203=CARTESIAN_POINT('',(10.302416,-2.5,1.978015));
#4204=CARTESIAN_POINT('',(10.204341,-2.5,1.960971));
#4205=CARTESIAN_POINT('',(10.204341,-2.5,1.960971));
#4206=CARTESIAN_POINT('',(10.107222,-2.5,1.939127));
#4207=CARTESIAN_POINT('',(10.107222,-2.5,1.939127));
#4208=CARTESIAN_POINT('',(10.011294,-2.5,1.912537));
#4209=CARTESIAN_POINT('',(10.011294,-2.5,1.912537));
#4210=CARTESIAN_POINT('',(9.916788,-2.5,1.881265));
#4211=CARTESIAN_POINT('',(9.916788,-2.5,1.881265));
#4212=CARTESIAN_POINT('',(9.823933,-2.5,1.845387));
#4213=CARTESIAN_POINT('',(9.823933,-2.5,1.845387));
#4214=CARTESIAN_POINT('',(9.732954,-2.5,1.804988));
#4215=CARTESIAN_POINT('',(9.732954,-2.5,1.804988));
#4216=CARTESIAN_POINT('',(9.64407,-2.5,1.760168));
#4217=CARTESIAN_POINT('',(9.64407,-2.5,1.760168));
#4218=CARTESIAN_POINT('',(9.557496,-2.5,1.711033));
#4219=CARTESIAN_POINT('',(9.557496,-2.5,1.711033));
#4220=CARTESIAN_POINT('',(9.473442,-2.5,1.657704));
#4221=CARTESIAN_POINT('',(9.473442,-2.5,1.657704));
#4222=CARTESIAN_POINT('',(9.392109,-2.5,1.600308));
#4223=CARTESIAN_POINT('',(9.392109,-2.5,1.600308));
#4224=CARTESIAN_POINT('',(9.313696,-2.5,1.538984));
#4225=CARTESIAN_POINT('',(9.313696,-2.5,1.538984));
#4226=CARTESIAN_POINT('',(9.238391,-2.5,1.473881));
#4227=CARTESIAN_POINT('',(9.238391,-2.5,1.473881));
#4228=CARTESIAN_POINT('',(9.166376,-2.5,1.405156));
#4229=CARTESIAN_POINT('',(9.166376,-2.5,1.405156));
#4230=CARTESIAN_POINT('',(9.096139,-2.5,1.338128));
#4231=CARTESIAN_POINT('',(9.096139,-2.5,1.338128));
#4232=CARTESIAN_POINT('',(9.022694,-2.5,1.274633));
#4233=CARTESIAN_POINT('',(9.022694,-2.5,1.274633));
#4234=CARTESIAN_POINT('',(8.946216,-2.5,1.214823));
#4235=CARTESIAN_POINT('',(8.946216,-2.5,1.214823));
#4236=CARTESIAN_POINT('',(8.866892,-2.5,1.158845));
#4237=CARTESIAN_POINT('',(8.866892,-2.5,1.158845));
#4238=CARTESIAN_POINT('',(8.784913,-2.5,1.106832));
#4239=CARTESIAN_POINT('',(8.784913,-2.5,1.106832));
#4240=CARTESIAN_POINT('',(8.700477,-2.5,1.058911));
#4241=CARTESIAN_POINT('',(8.700477,-2.5,1.058911));
#4242=CARTESIAN_POINT('',(8.613787,-2.5,1.015197));
#4243=CARTESIAN_POINT('',(8.613787,-2.5,1.015197));
#4244=CARTESIAN_POINT('',(8.525054,-2.5,0.975796));
#4245=CARTESIAN_POINT('',(8.525054,-2.5,0.975796));
#4246=CARTESIAN_POINT('',(8.434493,-2.5,0.940803));
#4247=CARTESIAN_POINT('',(8.434493,-2.5,0.940803));
#4248=CARTESIAN_POINT('',(8.34232,-2.5,0.910303));
#4249=CARTESIAN_POINT('',(8.34232,-2.5,0.910303));
#4250=CARTESIAN_POINT('',(8.248761,-2.5,0.88437));
#4251=CARTESIAN_POINT('',(8.248761,-2.5,0.88437));
#4252=CARTESIAN_POINT('',(8.15404,-2.5,0.863066));
#4253=CARTESIAN_POINT('',(8.15404,-2.5,0.863066));
#4254=CARTESIAN_POINT('',(8.058386,-2.5,0.846442));
#4255=CARTESIAN_POINT('',(8.058386,-2.5,0.846442));
#4256=CARTESIAN_POINT('',(7.962031,-2.5,0.834539));
#4257=CARTESIAN_POINT('',(7.962031,-2.5,0.834539));
#4258=CARTESIAN_POINT('',(7.865208,-2.5,0.827386));
#4259=CARTESIAN_POINT('',(7.865208,-2.5,0.827386));
#4260=CARTESIAN_POINT('',(7.76815,-2.5,0.825));
#4261=CARTESIAN_POINT('',(7.76815,-2.5,0.825));
#4262=CARTESIAN_POINT('',(3.5,-2.5,0.825));
#4263=CARTESIAN_POINT('',(3.5,-2.5,0.825));
#4264=CARTESIAN_POINT('',(3.400638,-2.5,0.822561));
#4265=CARTESIAN_POINT('',(3.400638,-2.5,0.822561));
#4266=CARTESIAN_POINT('',(3.301515,-2.5,0.815249));
#4267=CARTESIAN_POINT('',(3.301515,-2.5,0.815249));
#4268=CARTESIAN_POINT('',(3.202871,-2.5,0.803082));
#4269=CARTESIAN_POINT('',(3.202871,-2.5,0.803082));
#4270=CARTESIAN_POINT('',(3.104942,-2.5,0.78609));
#4271=CARTESIAN_POINT('',(3.104942,-2.5,0.78609));
#4272=CARTESIAN_POINT('',(3.007965,-2.5,0.764313));
#4273=CARTESIAN_POINT('',(3.007965,-2.5,0.764313));
#4274=CARTESIAN_POINT('',(2.912174,-2.5,0.737804));
#4275=CARTESIAN_POINT('',(2.912174,-2.5,0.737804));
#4276=CARTESIAN_POINT('',(2.817798,-2.5,0.706627));
#4277=CARTESIAN_POINT('',(2.817798,-2.5,0.706627));
#4278=CARTESIAN_POINT('',(2.725066,-2.5,0.670856));
#4279=CARTESIAN_POINT('',(2.725066,-2.5,0.670856));
#4280=CARTESIAN_POINT('',(2.634201,-2.5,0.630578));
#4281=CARTESIAN_POINT('',(2.634201,-2.5,0.630578));
#4282=CARTESIAN_POINT('',(2.545422,-2.5,0.585891));
#4283=CARTESIAN_POINT('',(2.545422,-2.5,0.585891));
#4284=CARTESIAN_POINT('',(2.458942,-2.5,0.5369));
#4285=CARTESIAN_POINT('',(2.458942,-2.5,0.5369));
#4286=CARTESIAN_POINT('',(2.37497,-2.5,0.483726));
#4287=CARTESIAN_POINT('',(2.37497,-2.5,0.483726));
#4288=CARTESIAN_POINT('',(2.293709,-2.5,0.426495));
#4289=CARTESIAN_POINT('',(2.293709,-2.5,0.426495));
#4290=CARTESIAN_POINT('',(2.215354,-2.5,0.365346));
#4291=CARTESIAN_POINT('',(2.215354,-2.5,0.365346));
#4292=CARTESIAN_POINT('',(2.140093,-2.5,0.300426));
#4293=CARTESIAN_POINT('',(2.140093,-2.5,0.300426));
#4294=CARTESIAN_POINT('',(2.068109,-2.5,0.231891));
#4295=CARTESIAN_POINT('',(2.068109,-2.5,0.231891));
#4296=CARTESIAN_POINT('',(1.999574,-2.5,0.159907));
#4297=CARTESIAN_POINT('',(1.999574,-2.5,0.159907));
#4298=CARTESIAN_POINT('',(1.934654,-2.5,0.0846460000000002));
#4299=CARTESIAN_POINT('',(1.934654,-2.5,0.084646));
#4300=CARTESIAN_POINT('',(1.873505,-2.5,0.00629100000000005));
#4301=CARTESIAN_POINT('',(1.873505,-2.5,0.006291));
#4302=CARTESIAN_POINT('',(1.816274,-2.5,-0.0749700000000004));
#4303=CARTESIAN_POINT('',(1.816274,-2.5,-0.07497));
#4304=CARTESIAN_POINT('',(1.7631,-2.5,-0.158942));
#4305=CARTESIAN_POINT('',(1.7631,-2.5,-0.158942));
#4306=CARTESIAN_POINT('',(1.714109,-2.5,-0.245422));
#4307=CARTESIAN_POINT('',(1.714109,-2.5,-0.245422));
#4308=CARTESIAN_POINT('',(1.669422,-2.5,-0.334201));
#4309=CARTESIAN_POINT('',(1.669422,-2.5,-0.334201));
#4310=CARTESIAN_POINT('',(1.629144,-2.5,-0.425066));
#4311=CARTESIAN_POINT('',(1.629144,-2.5,-0.425066));
#4312=CARTESIAN_POINT('',(1.593373,-2.5,-0.517798));
#4313=CARTESIAN_POINT('',(1.593373,-2.5,-0.517798));
#4314=CARTESIAN_POINT('',(1.562196,-2.5,-0.612174));
#4315=CARTESIAN_POINT('',(1.562196,-2.5,-0.612174));
#4316=CARTESIAN_POINT('',(1.535687,-2.5,-0.707965));
#4317=CARTESIAN_POINT('',(1.535687,-2.5,-0.707965));
#4318=CARTESIAN_POINT('',(1.51391,-2.5,-0.804942));
#4319=CARTESIAN_POINT('',(1.51391,-2.5,-0.804942));
#4320=CARTESIAN_POINT('',(1.496918,-2.5,-0.902871));
#4321=CARTESIAN_POINT('',(1.496918,-2.5,-0.902871));
#4322=CARTESIAN_POINT('',(1.484751,-2.5,-1.001515));
#4323=CARTESIAN_POINT('',(1.484751,-2.5,-1.001515));
#4324=CARTESIAN_POINT('',(1.477439,-2.5,-1.100638));
#4325=CARTESIAN_POINT('',(1.477439,-2.5,-1.100638));
#4326=CARTESIAN_POINT('',(1.475,-2.5,-1.2));
#4327=CARTESIAN_POINT('',(1.475,-2.5,-1.2));
#4328=CARTESIAN_POINT('',(1.475,-2.5,-4.643821));
#4329=CARTESIAN_POINT('Origin',(1.525,0.,-4.643821));
#4330=CARTESIAN_POINT('',(1.5,2.5,-4.668821));
#4331=CARTESIAN_POINT('',(1.5,0.,-4.668821));
#4332=CARTESIAN_POINT('',(1.525,2.5,-4.643821));
#4333=CARTESIAN_POINT('',(1.525,2.5,-4.643821));
#4334=CARTESIAN_POINT('',(1.525,0.,-4.643821));
#4335=CARTESIAN_POINT('Origin',(1.525,0.,-1.2));
#4336=CARTESIAN_POINT('',(1.525,2.5,-1.2));
#4337=CARTESIAN_POINT('',(1.525,2.5,-1.2));
#4338=CARTESIAN_POINT('',(1.525,0.,-1.2));
#4339=CARTESIAN_POINT('Origin',(1.527379,0.,-1.103091));
#4340=CARTESIAN_POINT('',(1.527379,2.5,-1.103091));
#4341=CARTESIAN_POINT('',(1.527379,2.5,-1.103091));
#4342=CARTESIAN_POINT('',(1.527379,0.,-1.103091));
#4343=CARTESIAN_POINT('Origin',(1.53451,0.,-1.006416));
#4344=CARTESIAN_POINT('',(1.53451,2.5,-1.006416));
#4345=CARTESIAN_POINT('',(1.53451,2.5,-1.006416));
#4346=CARTESIAN_POINT('',(1.53451,0.,-1.006416));
#4347=CARTESIAN_POINT('Origin',(1.546376,0.,-0.910207));
#4348=CARTESIAN_POINT('',(1.546376,2.5,-0.910207));
#4349=CARTESIAN_POINT('',(1.546376,2.5,-0.910207));
#4350=CARTESIAN_POINT('',(1.546376,0.,-0.910207));
#4351=CARTESIAN_POINT('Origin',(1.562949,0.,-0.814697));
#4352=CARTESIAN_POINT('',(1.562949,2.5,-0.814697));
#4353=CARTESIAN_POINT('',(1.562949,2.5,-0.814697));
#4354=CARTESIAN_POINT('',(1.562949,0.,-0.814697));
#4355=CARTESIAN_POINT('Origin',(1.584188,0.,-0.720114));
#4356=CARTESIAN_POINT('',(1.584188,2.5,-0.720114));
#4357=CARTESIAN_POINT('',(1.584188,2.5,-0.720114));
#4358=CARTESIAN_POINT('',(1.584188,0.,-0.720114));
#4359=CARTESIAN_POINT('Origin',(1.610043,0.,-0.626688));
#4360=CARTESIAN_POINT('',(1.610043,2.5,-0.626688));
#4361=CARTESIAN_POINT('',(1.610043,2.5,-0.626688));
#4362=CARTESIAN_POINT('',(1.610043,0.,-0.626688));
#4363=CARTESIAN_POINT('Origin',(1.64045,0.,-0.534643));
#4364=CARTESIAN_POINT('',(1.64045,2.5,-0.534643));
#4365=CARTESIAN_POINT('',(1.64045,2.5,-0.534643));
#4366=CARTESIAN_POINT('',(1.64045,0.,-0.534643));
#4367=CARTESIAN_POINT('Origin',(1.675338,0.,-0.4442));
#4368=CARTESIAN_POINT('',(1.675338,2.5,-0.4442));
#4369=CARTESIAN_POINT('',(1.675338,2.5,-0.4442));
#4370=CARTESIAN_POINT('',(1.675338,0.,-0.4442));
#4371=CARTESIAN_POINT('Origin',(1.714621,0.,-0.355579));
#4372=CARTESIAN_POINT('',(1.714621,2.5,-0.355579));
#4373=CARTESIAN_POINT('',(1.714621,2.5,-0.355579));
#4374=CARTESIAN_POINT('',(1.714621,0.,-0.355579));
#4375=CARTESIAN_POINT('Origin',(1.758206,0.,-0.268991));
#4376=CARTESIAN_POINT('',(1.758206,2.5,-0.268991));
#4377=CARTESIAN_POINT('',(1.758206,2.5,-0.268991));
#4378=CARTESIAN_POINT('',(1.758206,0.,-0.268991));
#4379=CARTESIAN_POINT('Origin',(1.805986,0.,-0.184647));
#4380=CARTESIAN_POINT('',(1.805986,2.5,-0.184647));
#4381=CARTESIAN_POINT('',(1.805986,2.5,-0.184647));
#4382=CARTESIAN_POINT('',(1.805986,0.,-0.184647));
#4383=CARTESIAN_POINT('Origin',(1.857848,0.,-0.102749));
#4384=CARTESIAN_POINT('',(1.857848,2.5,-0.102749));
#4385=CARTESIAN_POINT('',(1.857848,2.5,-0.102749));
#4386=CARTESIAN_POINT('',(1.857848,0.,-0.102749));
#4387=CARTESIAN_POINT('Origin',(1.913665,0.,-0.023494));
#4388=CARTESIAN_POINT('',(1.913665,2.5,-0.0234940000000003));
#4389=CARTESIAN_POINT('',(1.913665,2.5,-0.023494));
#4390=CARTESIAN_POINT('',(1.913665,0.,-0.023494));
#4391=CARTESIAN_POINT('Origin',(1.973304,0.,0.052927));
#4392=CARTESIAN_POINT('',(1.973304,2.5,0.0529270000000004));
#4393=CARTESIAN_POINT('',(1.973304,2.5,0.052927));
#4394=CARTESIAN_POINT('',(1.973304,0.,0.052927));
#4395=CARTESIAN_POINT('Origin',(2.036622,0.,0.126329));
#4396=CARTESIAN_POINT('',(2.036622,2.5,0.126329));
#4397=CARTESIAN_POINT('',(2.036622,2.5,0.126329));
#4398=CARTESIAN_POINT('',(2.036622,0.,0.126329));
#4399=CARTESIAN_POINT('Origin',(2.103464,0.,0.196536));
#4400=CARTESIAN_POINT('',(2.103464,2.5,0.196536));
#4401=CARTESIAN_POINT('',(2.103464,2.5,0.196536));
#4402=CARTESIAN_POINT('',(2.103464,0.,0.196536));
#4403=CARTESIAN_POINT('Origin',(2.173671,0.,0.263378));
#4404=CARTESIAN_POINT('',(2.173671,2.5,0.263378));
#4405=CARTESIAN_POINT('',(2.173671,2.5,0.263378));
#4406=CARTESIAN_POINT('',(2.173671,0.,0.263378));
#4407=CARTESIAN_POINT('Origin',(2.247073,0.,0.326696));
#4408=CARTESIAN_POINT('',(2.247073,2.5,0.326696));
#4409=CARTESIAN_POINT('',(2.247073,2.5,0.326696));
#4410=CARTESIAN_POINT('',(2.247073,0.,0.326696));
#4411=CARTESIAN_POINT('Origin',(2.323494,0.,0.386335));
#4412=CARTESIAN_POINT('',(2.323494,2.5,0.386335));
#4413=CARTESIAN_POINT('',(2.323494,2.5,0.386335));
#4414=CARTESIAN_POINT('',(2.323494,0.,0.386335));
#4415=CARTESIAN_POINT('Origin',(2.402749,0.,0.442152));
#4416=CARTESIAN_POINT('',(2.402749,2.5,0.442152));
#4417=CARTESIAN_POINT('',(2.402749,2.5,0.442152));
#4418=CARTESIAN_POINT('',(2.402749,0.,0.442152));
#4419=CARTESIAN_POINT('Origin',(2.484647,0.,0.494014));
#4420=CARTESIAN_POINT('',(2.484647,2.5,0.494014));
#4421=CARTESIAN_POINT('',(2.484647,2.5,0.494014));
#4422=CARTESIAN_POINT('',(2.484647,0.,0.494014));
#4423=CARTESIAN_POINT('Origin',(2.568991,0.,0.541794));
#4424=CARTESIAN_POINT('',(2.568991,2.5,0.541794));
#4425=CARTESIAN_POINT('',(2.568991,2.5,0.541794));
#4426=CARTESIAN_POINT('',(2.568991,0.,0.541794));
#4427=CARTESIAN_POINT('Origin',(2.655579,0.,0.585379));
#4428=CARTESIAN_POINT('',(2.655579,2.5,0.585379));
#4429=CARTESIAN_POINT('',(2.655579,2.5,0.585379));
#4430=CARTESIAN_POINT('',(2.655579,0.,0.585379));
#4431=CARTESIAN_POINT('Origin',(2.7442,0.,0.624662));
#4432=CARTESIAN_POINT('',(2.7442,2.5,0.624662));
#4433=CARTESIAN_POINT('',(2.7442,2.5,0.624662));
#4434=CARTESIAN_POINT('',(2.7442,0.,0.624662));
#4435=CARTESIAN_POINT('Origin',(2.834643,0.,0.65955));
#4436=CARTESIAN_POINT('',(2.834643,2.5,0.65955));
#4437=CARTESIAN_POINT('',(2.834643,2.5,0.65955));
#4438=CARTESIAN_POINT('',(2.834643,0.,0.65955));
#4439=CARTESIAN_POINT('Origin',(2.926688,0.,0.689957));
#4440=CARTESIAN_POINT('',(2.926688,2.5,0.689957));
#4441=CARTESIAN_POINT('',(2.926688,2.5,0.689957));
#4442=CARTESIAN_POINT('',(2.926688,0.,0.689957));
#4443=CARTESIAN_POINT('Origin',(3.020114,0.,0.715812));
#4444=CARTESIAN_POINT('',(3.020114,2.5,0.715812));
#4445=CARTESIAN_POINT('',(3.020114,2.5,0.715812));
#4446=CARTESIAN_POINT('',(3.020114,0.,0.715812));
#4447=CARTESIAN_POINT('Origin',(3.114697,0.,0.737051));
#4448=CARTESIAN_POINT('',(3.114697,2.5,0.737051));
#4449=CARTESIAN_POINT('',(3.114697,2.5,0.737051));
#4450=CARTESIAN_POINT('',(3.114697,0.,0.737051));
#4451=CARTESIAN_POINT('Origin',(3.210207,0.,0.753624));
#4452=CARTESIAN_POINT('',(3.210207,2.5,0.753624));
#4453=CARTESIAN_POINT('',(3.210207,2.5,0.753624));
#4454=CARTESIAN_POINT('',(3.210207,0.,0.753624));
#4455=CARTESIAN_POINT('Origin',(3.306416,0.,0.76549));
#4456=CARTESIAN_POINT('',(3.306416,2.5,0.76549));
#4457=CARTESIAN_POINT('',(3.306416,2.5,0.76549));
#4458=CARTESIAN_POINT('',(3.306416,0.,0.76549));
#4459=CARTESIAN_POINT('Origin',(3.403091,0.,0.772621));
#4460=CARTESIAN_POINT('',(3.403091,2.5,0.772621));
#4461=CARTESIAN_POINT('',(3.403091,2.5,0.772621));
#4462=CARTESIAN_POINT('',(3.403091,0.,0.772621));
#4463=CARTESIAN_POINT('Origin',(3.5,0.,0.775));
#4464=CARTESIAN_POINT('',(3.5,2.5,0.775));
#4465=CARTESIAN_POINT('',(3.5,2.5,0.775));
#4466=CARTESIAN_POINT('',(3.5,0.,0.775));
#4467=CARTESIAN_POINT('Origin',(7.76815,0.,0.775));
#4468=CARTESIAN_POINT('',(7.76815,2.5,0.775));
#4469=CARTESIAN_POINT('',(7.76815,2.5,0.775));
#4470=CARTESIAN_POINT('',(7.76815,0.,0.775));
#4471=CARTESIAN_POINT('Origin',(7.867665,0.,0.777447));
#4472=CARTESIAN_POINT('',(7.867665,2.5,0.777447));
#4473=CARTESIAN_POINT('',(7.867665,2.5,0.777447));
#4474=CARTESIAN_POINT('',(7.867665,0.,0.777447));
#4475=CARTESIAN_POINT('Origin',(7.96694,0.,0.784781));
#4476=CARTESIAN_POINT('',(7.96694,2.5,0.784781));
#4477=CARTESIAN_POINT('',(7.96694,2.5,0.784781));
#4478=CARTESIAN_POINT('',(7.96694,0.,0.784781));
#4479=CARTESIAN_POINT('Origin',(8.065734,0.,0.796985));
#4480=CARTESIAN_POINT('',(8.065734,2.5,0.796985));
#4481=CARTESIAN_POINT('',(8.065734,2.5,0.796985));
#4482=CARTESIAN_POINT('',(8.065734,0.,0.796985));
#4483=CARTESIAN_POINT('Origin',(8.163809,0.,0.814029));
#4484=CARTESIAN_POINT('',(8.163809,2.5,0.814029));
#4485=CARTESIAN_POINT('',(8.163809,2.5,0.814029));
#4486=CARTESIAN_POINT('',(8.163809,0.,0.814029));
#4487=CARTESIAN_POINT('Origin',(8.260928,0.,0.835873));
#4488=CARTESIAN_POINT('',(8.260928,2.5,0.835873));
#4489=CARTESIAN_POINT('',(8.260928,2.5,0.835873));
#4490=CARTESIAN_POINT('',(8.260928,0.,0.835873));
#4491=CARTESIAN_POINT('Origin',(8.356856,0.,0.862463));
#4492=CARTESIAN_POINT('',(8.356856,2.5,0.862463));
#4493=CARTESIAN_POINT('',(8.356856,2.5,0.862463));
#4494=CARTESIAN_POINT('',(8.356856,0.,0.862463));
#4495=CARTESIAN_POINT('Origin',(8.451362,0.,0.893735));
#4496=CARTESIAN_POINT('',(8.451362,2.5,0.893735));
#4497=CARTESIAN_POINT('',(8.451362,2.5,0.893735));
#4498=CARTESIAN_POINT('',(8.451362,0.,0.893735));
#4499=CARTESIAN_POINT('Origin',(8.544217,0.,0.929613));
#4500=CARTESIAN_POINT('',(8.544217,2.5,0.929613));
#4501=CARTESIAN_POINT('',(8.544217,2.5,0.929613));
#4502=CARTESIAN_POINT('',(8.544217,0.,0.929613));
#4503=CARTESIAN_POINT('Origin',(8.635196,0.,0.970012));
#4504=CARTESIAN_POINT('',(8.635196,2.5,0.970012));
#4505=CARTESIAN_POINT('',(8.635196,2.5,0.970012));
#4506=CARTESIAN_POINT('',(8.635196,0.,0.970012));
#4507=CARTESIAN_POINT('Origin',(8.72408,0.,1.014832));
#4508=CARTESIAN_POINT('',(8.72408,2.5,1.014832));
#4509=CARTESIAN_POINT('',(8.72408,2.5,1.014832));
#4510=CARTESIAN_POINT('',(8.72408,0.,1.014832));
#4511=CARTESIAN_POINT('Origin',(8.810654,0.,1.063967));
#4512=CARTESIAN_POINT('',(8.810654,2.5,1.063967));
#4513=CARTESIAN_POINT('',(8.810654,2.5,1.063967));
#4514=CARTESIAN_POINT('',(8.810654,0.,1.063967));
#4515=CARTESIAN_POINT('Origin',(8.894708,0.,1.117296));
#4516=CARTESIAN_POINT('',(8.894708,2.5,1.117296));
#4517=CARTESIAN_POINT('',(8.894708,2.5,1.117296));
#4518=CARTESIAN_POINT('',(8.894708,0.,1.117296));
#4519=CARTESIAN_POINT('Origin',(8.976041,0.,1.174692));
#4520=CARTESIAN_POINT('',(8.976041,2.5,1.174692));
#4521=CARTESIAN_POINT('',(8.976041,2.5,1.174692));
#4522=CARTESIAN_POINT('',(8.976041,0.,1.174692));
#4523=CARTESIAN_POINT('Origin',(9.054454,0.,1.236016));
#4524=CARTESIAN_POINT('',(9.054454,2.5,1.236016));
#4525=CARTESIAN_POINT('',(9.054454,2.5,1.236016));
#4526=CARTESIAN_POINT('',(9.054454,0.,1.236016));
#4527=CARTESIAN_POINT('Origin',(9.129759,0.,1.301119));
#4528=CARTESIAN_POINT('',(9.129759,2.5,1.301119));
#4529=CARTESIAN_POINT('',(9.129759,2.5,1.301119));
#4530=CARTESIAN_POINT('',(9.129759,0.,1.301119));
#4531=CARTESIAN_POINT('Origin',(9.201774,0.,1.369844));
#4532=CARTESIAN_POINT('',(9.201774,2.5,1.369844));
#4533=CARTESIAN_POINT('',(9.201774,2.5,1.369844));
#4534=CARTESIAN_POINT('',(9.201774,0.,1.369844));
#4535=CARTESIAN_POINT('Origin',(9.272011,0.,1.436872));
#4536=CARTESIAN_POINT('',(9.272011,2.5,1.436872));
#4537=CARTESIAN_POINT('',(9.272011,2.5,1.436872));
#4538=CARTESIAN_POINT('',(9.272011,0.,1.436872));
#4539=CARTESIAN_POINT('Origin',(9.345456,0.,1.500367));
#4540=CARTESIAN_POINT('',(9.345456,2.5,1.500367));
#4541=CARTESIAN_POINT('',(9.345456,2.5,1.500367));
#4542=CARTESIAN_POINT('',(9.345456,0.,1.500367));
#4543=CARTESIAN_POINT('Origin',(9.421934,0.,1.560177));
#4544=CARTESIAN_POINT('',(9.421934,2.5,1.560177));
#4545=CARTESIAN_POINT('',(9.421934,2.5,1.560177));
#4546=CARTESIAN_POINT('',(9.421934,0.,1.560177));
#4547=CARTESIAN_POINT('Origin',(9.501258,0.,1.616155));
#4548=CARTESIAN_POINT('',(9.501258,2.5,1.616155));
#4549=CARTESIAN_POINT('',(9.501258,2.5,1.616155));
#4550=CARTESIAN_POINT('',(9.501258,0.,1.616155));
#4551=CARTESIAN_POINT('Origin',(9.583237,0.,1.668168));
#4552=CARTESIAN_POINT('',(9.583237,2.5,1.668168));
#4553=CARTESIAN_POINT('',(9.583237,2.5,1.668168));
#4554=CARTESIAN_POINT('',(9.583237,0.,1.668168));
#4555=CARTESIAN_POINT('Origin',(9.667673,0.,1.716089));
#4556=CARTESIAN_POINT('',(9.667673,2.5,1.716089));
#4557=CARTESIAN_POINT('',(9.667673,2.5,1.716089));
#4558=CARTESIAN_POINT('',(9.667673,0.,1.716089));
#4559=CARTESIAN_POINT('Origin',(9.754363,0.,1.759803));
#4560=CARTESIAN_POINT('',(9.754363,2.5,1.759803));
#4561=CARTESIAN_POINT('',(9.754363,2.5,1.759803));
#4562=CARTESIAN_POINT('',(9.754363,0.,1.759803));
#4563=CARTESIAN_POINT('Origin',(9.843096,0.,1.799204));
#4564=CARTESIAN_POINT('',(9.843096,2.5,1.799204));
#4565=CARTESIAN_POINT('',(9.843096,2.5,1.799204));
#4566=CARTESIAN_POINT('',(9.843096,0.,1.799204));
#4567=CARTESIAN_POINT('Origin',(9.933657,0.,1.834197));
#4568=CARTESIAN_POINT('',(9.933657,2.5,1.834197));
#4569=CARTESIAN_POINT('',(9.933657,2.5,1.834197));
#4570=CARTESIAN_POINT('',(9.933657,0.,1.834197));
#4571=CARTESIAN_POINT('Origin',(10.02583,0.,1.864697));
#4572=CARTESIAN_POINT('',(10.02583,2.5,1.864697));
#4573=CARTESIAN_POINT('',(10.02583,2.5,1.864697));
#4574=CARTESIAN_POINT('',(10.02583,0.,1.864697));
#4575=CARTESIAN_POINT('Origin',(10.119389,0.,1.89063));
#4576=CARTESIAN_POINT('',(10.119389,2.5,1.89063));
#4577=CARTESIAN_POINT('',(10.119389,2.5,1.89063));
#4578=CARTESIAN_POINT('',(10.119389,0.,1.89063));
#4579=CARTESIAN_POINT('Origin',(10.21411,0.,1.911934));
#4580=CARTESIAN_POINT('',(10.21411,2.5,1.911934));
#4581=CARTESIAN_POINT('',(10.21411,2.5,1.911934));
#4582=CARTESIAN_POINT('',(10.21411,0.,1.911934));
#4583=CARTESIAN_POINT('Origin',(10.309764,0.,1.928558));
#4584=CARTESIAN_POINT('',(10.309764,2.5,1.928558));
#4585=CARTESIAN_POINT('',(10.309764,2.5,1.928558));
#4586=CARTESIAN_POINT('',(10.309764,0.,1.928558));
#4587=CARTESIAN_POINT('Origin',(10.406119,0.,1.940461));
#4588=CARTESIAN_POINT('',(10.406119,2.5,1.940461));
#4589=CARTESIAN_POINT('',(10.406119,2.5,1.940461));
#4590=CARTESIAN_POINT('',(10.406119,0.,1.940461));
#4591=CARTESIAN_POINT('Origin',(10.502942,0.,1.947614));
#4592=CARTESIAN_POINT('',(10.502942,2.5,1.947614));
#4593=CARTESIAN_POINT('',(10.502942,2.5,1.947614));
#4594=CARTESIAN_POINT('',(10.502942,0.,1.947614));
#4595=CARTESIAN_POINT('Origin',(10.6,0.,1.95));
#4596=CARTESIAN_POINT('',(10.6,2.5,1.95));
#4597=CARTESIAN_POINT('',(10.6,2.5,1.95));
#4598=CARTESIAN_POINT('',(10.6,0.,1.95));
#4599=CARTESIAN_POINT('Origin',(14.6,0.,1.95));
#4600=CARTESIAN_POINT('',(14.6,2.5,1.95));
#4601=CARTESIAN_POINT('',(14.6,2.5,1.95));
#4602=CARTESIAN_POINT('',(14.6,0.,1.95));
#4603=CARTESIAN_POINT('Origin',(14.625,0.,1.975));
#4604=CARTESIAN_POINT('',(14.625,2.5,1.975));
#4605=CARTESIAN_POINT('',(14.625,2.5,1.975));
#4606=CARTESIAN_POINT('',(14.625,0.,1.975));
#4607=CARTESIAN_POINT('Origin',(14.6,0.,2.));
#4608=CARTESIAN_POINT('',(14.6,2.5,2.));
#4609=CARTESIAN_POINT('',(14.6,2.5,2.));
#4610=CARTESIAN_POINT('',(14.6,0.,2.));
#4611=CARTESIAN_POINT('Origin',(10.6,0.,2.));
#4612=CARTESIAN_POINT('',(10.6,2.5,2.));
#4613=CARTESIAN_POINT('',(10.6,2.5,2.));
#4614=CARTESIAN_POINT('',(10.6,0.,2.));
#4615=CARTESIAN_POINT('Origin',(10.500485,0.,1.997553));
#4616=CARTESIAN_POINT('',(10.500485,2.5,1.997553));
#4617=CARTESIAN_POINT('',(10.500485,2.5,1.997553));
#4618=CARTESIAN_POINT('',(10.500485,0.,1.997553));
#4619=CARTESIAN_POINT('Origin',(10.40121,0.,1.990219));
#4620=CARTESIAN_POINT('',(10.40121,2.5,1.990219));
#4621=CARTESIAN_POINT('',(10.40121,2.5,1.990219));
#4622=CARTESIAN_POINT('',(10.40121,0.,1.990219));
#4623=CARTESIAN_POINT('Origin',(10.302416,0.,1.978015));
#4624=CARTESIAN_POINT('',(10.302416,2.5,1.978015));
#4625=CARTESIAN_POINT('',(10.302416,2.5,1.978015));
#4626=CARTESIAN_POINT('',(10.302416,0.,1.978015));
#4627=CARTESIAN_POINT('Origin',(10.204341,0.,1.960971));
#4628=CARTESIAN_POINT('',(10.204341,2.5,1.960971));
#4629=CARTESIAN_POINT('',(10.204341,2.5,1.960971));
#4630=CARTESIAN_POINT('',(10.204341,0.,1.960971));
#4631=CARTESIAN_POINT('Origin',(10.107222,0.,1.939127));
#4632=CARTESIAN_POINT('',(10.107222,2.5,1.939127));
#4633=CARTESIAN_POINT('',(10.107222,2.5,1.939127));
#4634=CARTESIAN_POINT('',(10.107222,0.,1.939127));
#4635=CARTESIAN_POINT('Origin',(10.011294,0.,1.912537));
#4636=CARTESIAN_POINT('',(10.011294,2.5,1.912537));
#4637=CARTESIAN_POINT('',(10.011294,2.5,1.912537));
#4638=CARTESIAN_POINT('',(10.011294,0.,1.912537));
#4639=CARTESIAN_POINT('Origin',(9.916788,0.,1.881265));
#4640=CARTESIAN_POINT('',(9.916788,2.5,1.881265));
#4641=CARTESIAN_POINT('',(9.916788,2.5,1.881265));
#4642=CARTESIAN_POINT('',(9.916788,0.,1.881265));
#4643=CARTESIAN_POINT('Origin',(9.823933,0.,1.845387));
#4644=CARTESIAN_POINT('',(9.823933,2.5,1.845387));
#4645=CARTESIAN_POINT('',(9.823933,2.5,1.845387));
#4646=CARTESIAN_POINT('',(9.823933,0.,1.845387));
#4647=CARTESIAN_POINT('Origin',(9.732954,0.,1.804988));
#4648=CARTESIAN_POINT('',(9.732954,2.5,1.804988));
#4649=CARTESIAN_POINT('',(9.732954,2.5,1.804988));
#4650=CARTESIAN_POINT('',(9.732954,0.,1.804988));
#4651=CARTESIAN_POINT('Origin',(9.64407,0.,1.760168));
#4652=CARTESIAN_POINT('',(9.64407,2.5,1.760168));
#4653=CARTESIAN_POINT('',(9.64407,2.5,1.760168));
#4654=CARTESIAN_POINT('',(9.64407,0.,1.760168));
#4655=CARTESIAN_POINT('Origin',(9.557496,0.,1.711033));
#4656=CARTESIAN_POINT('',(9.557496,2.5,1.711033));
#4657=CARTESIAN_POINT('',(9.557496,2.5,1.711033));
#4658=CARTESIAN_POINT('',(9.557496,0.,1.711033));
#4659=CARTESIAN_POINT('Origin',(9.473442,0.,1.657704));
#4660=CARTESIAN_POINT('',(9.473442,2.5,1.657704));
#4661=CARTESIAN_POINT('',(9.473442,2.5,1.657704));
#4662=CARTESIAN_POINT('',(9.473442,0.,1.657704));
#4663=CARTESIAN_POINT('Origin',(9.392109,0.,1.600308));
#4664=CARTESIAN_POINT('',(9.392109,2.5,1.600308));
#4665=CARTESIAN_POINT('',(9.392109,2.5,1.600308));
#4666=CARTESIAN_POINT('',(9.392109,0.,1.600308));
#4667=CARTESIAN_POINT('Origin',(9.313696,0.,1.538984));
#4668=CARTESIAN_POINT('',(9.313696,2.5,1.538984));
#4669=CARTESIAN_POINT('',(9.313696,2.5,1.538984));
#4670=CARTESIAN_POINT('',(9.313696,0.,1.538984));
#4671=CARTESIAN_POINT('Origin',(9.238391,0.,1.473881));
#4672=CARTESIAN_POINT('',(9.238391,2.5,1.473881));
#4673=CARTESIAN_POINT('',(9.238391,2.5,1.473881));
#4674=CARTESIAN_POINT('',(9.238391,0.,1.473881));
#4675=CARTESIAN_POINT('Origin',(9.166376,0.,1.405156));
#4676=CARTESIAN_POINT('',(9.166376,2.5,1.405156));
#4677=CARTESIAN_POINT('',(9.166376,2.5,1.405156));
#4678=CARTESIAN_POINT('',(9.166376,0.,1.405156));
#4679=CARTESIAN_POINT('Origin',(9.096139,0.,1.338128));
#4680=CARTESIAN_POINT('',(9.096139,2.5,1.338128));
#4681=CARTESIAN_POINT('',(9.096139,2.5,1.338128));
#4682=CARTESIAN_POINT('',(9.096139,0.,1.338128));
#4683=CARTESIAN_POINT('Origin',(9.022694,0.,1.274633));
#4684=CARTESIAN_POINT('',(9.022694,2.5,1.274633));
#4685=CARTESIAN_POINT('',(9.022694,2.5,1.274633));
#4686=CARTESIAN_POINT('',(9.022694,0.,1.274633));
#4687=CARTESIAN_POINT('Origin',(8.946216,0.,1.214823));
#4688=CARTESIAN_POINT('',(8.946216,2.5,1.214823));
#4689=CARTESIAN_POINT('',(8.946216,2.5,1.214823));
#4690=CARTESIAN_POINT('',(8.946216,0.,1.214823));
#4691=CARTESIAN_POINT('Origin',(8.866892,0.,1.158845));
#4692=CARTESIAN_POINT('',(8.866892,2.5,1.158845));
#4693=CARTESIAN_POINT('',(8.866892,2.5,1.158845));
#4694=CARTESIAN_POINT('',(8.866892,0.,1.158845));
#4695=CARTESIAN_POINT('Origin',(8.784913,0.,1.106832));
#4696=CARTESIAN_POINT('',(8.784913,2.5,1.106832));
#4697=CARTESIAN_POINT('',(8.784913,2.5,1.106832));
#4698=CARTESIAN_POINT('',(8.784913,0.,1.106832));
#4699=CARTESIAN_POINT('Origin',(8.700477,0.,1.058911));
#4700=CARTESIAN_POINT('',(8.700477,2.5,1.058911));
#4701=CARTESIAN_POINT('',(8.700477,2.5,1.058911));
#4702=CARTESIAN_POINT('',(8.700477,0.,1.058911));
#4703=CARTESIAN_POINT('Origin',(8.613787,0.,1.015197));
#4704=CARTESIAN_POINT('',(8.613787,2.5,1.015197));
#4705=CARTESIAN_POINT('',(8.613787,2.5,1.015197));
#4706=CARTESIAN_POINT('',(8.613787,0.,1.015197));
#4707=CARTESIAN_POINT('Origin',(8.525054,0.,0.975796));
#4708=CARTESIAN_POINT('',(8.525054,2.5,0.975796));
#4709=CARTESIAN_POINT('',(8.525054,2.5,0.975796));
#4710=CARTESIAN_POINT('',(8.525054,0.,0.975796));
#4711=CARTESIAN_POINT('Origin',(8.434493,0.,0.940803));
#4712=CARTESIAN_POINT('',(8.434493,2.5,0.940803));
#4713=CARTESIAN_POINT('',(8.434493,2.5,0.940803));
#4714=CARTESIAN_POINT('',(8.434493,0.,0.940803));
#4715=CARTESIAN_POINT('Origin',(8.34232,0.,0.910303));
#4716=CARTESIAN_POINT('',(8.34232,2.5,0.910303));
#4717=CARTESIAN_POINT('',(8.34232,2.5,0.910303));
#4718=CARTESIAN_POINT('',(8.34232,0.,0.910303));
#4719=CARTESIAN_POINT('Origin',(8.248761,0.,0.88437));
#4720=CARTESIAN_POINT('',(8.248761,2.5,0.88437));
#4721=CARTESIAN_POINT('',(8.248761,2.5,0.88437));
#4722=CARTESIAN_POINT('',(8.248761,0.,0.88437));
#4723=CARTESIAN_POINT('Origin',(8.15404,0.,0.863066));
#4724=CARTESIAN_POINT('',(8.15404,2.5,0.863066));
#4725=CARTESIAN_POINT('',(8.15404,2.5,0.863066));
#4726=CARTESIAN_POINT('',(8.15404,0.,0.863066));
#4727=CARTESIAN_POINT('Origin',(8.058386,0.,0.846442));
#4728=CARTESIAN_POINT('',(8.058386,2.5,0.846442));
#4729=CARTESIAN_POINT('',(8.058386,2.5,0.846442));
#4730=CARTESIAN_POINT('',(8.058386,0.,0.846442));
#4731=CARTESIAN_POINT('Origin',(7.962031,0.,0.834539));
#4732=CARTESIAN_POINT('',(7.962031,2.5,0.834539));
#4733=CARTESIAN_POINT('',(7.962031,2.5,0.834539));
#4734=CARTESIAN_POINT('',(7.962031,0.,0.834539));
#4735=CARTESIAN_POINT('Origin',(7.865208,0.,0.827386));
#4736=CARTESIAN_POINT('',(7.865208,2.5,0.827386));
#4737=CARTESIAN_POINT('',(7.865208,2.5,0.827386));
#4738=CARTESIAN_POINT('',(7.865208,0.,0.827386));
#4739=CARTESIAN_POINT('Origin',(7.76815,0.,0.825));
#4740=CARTESIAN_POINT('',(7.76815,2.5,0.825));
#4741=CARTESIAN_POINT('',(7.76815,2.5,0.825));
#4742=CARTESIAN_POINT('',(7.76815,0.,0.825));
#4743=CARTESIAN_POINT('Origin',(3.5,0.,0.825));
#4744=CARTESIAN_POINT('',(3.5,2.5,0.825));
#4745=CARTESIAN_POINT('',(3.5,2.5,0.825));
#4746=CARTESIAN_POINT('',(3.5,0.,0.825));
#4747=CARTESIAN_POINT('Origin',(3.400638,0.,0.822561));
#4748=CARTESIAN_POINT('',(3.400638,2.5,0.822561));
#4749=CARTESIAN_POINT('',(3.400638,2.5,0.822561));
#4750=CARTESIAN_POINT('',(3.400638,0.,0.822561));
#4751=CARTESIAN_POINT('Origin',(3.301515,0.,0.815249));
#4752=CARTESIAN_POINT('',(3.301515,2.5,0.815249));
#4753=CARTESIAN_POINT('',(3.301515,2.5,0.815249));
#4754=CARTESIAN_POINT('',(3.301515,0.,0.815249));
#4755=CARTESIAN_POINT('Origin',(3.202871,0.,0.803082));
#4756=CARTESIAN_POINT('',(3.202871,2.5,0.803082));
#4757=CARTESIAN_POINT('',(3.202871,2.5,0.803082));
#4758=CARTESIAN_POINT('',(3.202871,0.,0.803082));
#4759=CARTESIAN_POINT('Origin',(3.104942,0.,0.78609));
#4760=CARTESIAN_POINT('',(3.104942,2.5,0.78609));
#4761=CARTESIAN_POINT('',(3.104942,2.5,0.78609));
#4762=CARTESIAN_POINT('',(3.104942,0.,0.78609));
#4763=CARTESIAN_POINT('Origin',(3.007965,0.,0.764313));
#4764=CARTESIAN_POINT('',(3.007965,2.5,0.764313));
#4765=CARTESIAN_POINT('',(3.007965,2.5,0.764313));
#4766=CARTESIAN_POINT('',(3.007965,0.,0.764313));
#4767=CARTESIAN_POINT('Origin',(2.912174,0.,0.737804));
#4768=CARTESIAN_POINT('',(2.912174,2.5,0.737804));
#4769=CARTESIAN_POINT('',(2.912174,2.5,0.737804));
#4770=CARTESIAN_POINT('',(2.912174,0.,0.737804));
#4771=CARTESIAN_POINT('Origin',(2.817798,0.,0.706627));
#4772=CARTESIAN_POINT('',(2.817798,2.5,0.706627));
#4773=CARTESIAN_POINT('',(2.817798,2.5,0.706627));
#4774=CARTESIAN_POINT('',(2.817798,0.,0.706627));
#4775=CARTESIAN_POINT('Origin',(2.725066,0.,0.670856));
#4776=CARTESIAN_POINT('',(2.725066,2.5,0.670856));
#4777=CARTESIAN_POINT('',(2.725066,2.5,0.670856));
#4778=CARTESIAN_POINT('',(2.725066,0.,0.670856));
#4779=CARTESIAN_POINT('Origin',(2.634201,0.,0.630578));
#4780=CARTESIAN_POINT('',(2.634201,2.5,0.630578));
#4781=CARTESIAN_POINT('',(2.634201,2.5,0.630578));
#4782=CARTESIAN_POINT('',(2.634201,0.,0.630578));
#4783=CARTESIAN_POINT('Origin',(2.545422,0.,0.585891));
#4784=CARTESIAN_POINT('',(2.545422,2.5,0.585891));
#4785=CARTESIAN_POINT('',(2.545422,2.5,0.585891));
#4786=CARTESIAN_POINT('',(2.545422,0.,0.585891));
#4787=CARTESIAN_POINT('Origin',(2.458942,0.,0.5369));
#4788=CARTESIAN_POINT('',(2.458942,2.5,0.5369));
#4789=CARTESIAN_POINT('',(2.458942,2.5,0.5369));
#4790=CARTESIAN_POINT('',(2.458942,0.,0.5369));
#4791=CARTESIAN_POINT('Origin',(2.37497,0.,0.483726));
#4792=CARTESIAN_POINT('',(2.37497,2.5,0.483726));
#4793=CARTESIAN_POINT('',(2.37497,2.5,0.483726));
#4794=CARTESIAN_POINT('',(2.37497,0.,0.483726));
#4795=CARTESIAN_POINT('Origin',(2.293709,0.,0.426495));
#4796=CARTESIAN_POINT('',(2.293709,2.5,0.426495));
#4797=CARTESIAN_POINT('',(2.293709,2.5,0.426495));
#4798=CARTESIAN_POINT('',(2.293709,0.,0.426495));
#4799=CARTESIAN_POINT('Origin',(2.215354,0.,0.365346));
#4800=CARTESIAN_POINT('',(2.215354,2.5,0.365346));
#4801=CARTESIAN_POINT('',(2.215354,2.5,0.365346));
#4802=CARTESIAN_POINT('',(2.215354,0.,0.365346));
#4803=CARTESIAN_POINT('Origin',(2.140093,0.,0.300426));
#4804=CARTESIAN_POINT('',(2.140093,2.5,0.300426));
#4805=CARTESIAN_POINT('',(2.140093,2.5,0.300426));
#4806=CARTESIAN_POINT('',(2.140093,0.,0.300426));
#4807=CARTESIAN_POINT('Origin',(2.068109,0.,0.231891));
#4808=CARTESIAN_POINT('',(2.068109,2.5,0.231891));
#4809=CARTESIAN_POINT('',(2.068109,2.5,0.231891));
#4810=CARTESIAN_POINT('',(2.068109,0.,0.231891));
#4811=CARTESIAN_POINT('Origin',(1.999574,0.,0.159907));
#4812=CARTESIAN_POINT('',(1.999574,2.5,0.159907));
#4813=CARTESIAN_POINT('',(1.999574,2.5,0.159907));
#4814=CARTESIAN_POINT('',(1.999574,0.,0.159907));
#4815=CARTESIAN_POINT('Origin',(1.934654,0.,0.084646));
#4816=CARTESIAN_POINT('',(1.934654,2.5,0.0846460000000002));
#4817=CARTESIAN_POINT('',(1.934654,2.5,0.084646));
#4818=CARTESIAN_POINT('',(1.934654,0.,0.084646));
#4819=CARTESIAN_POINT('Origin',(1.873505,0.,0.006291));
#4820=CARTESIAN_POINT('',(1.873505,2.5,0.00629100000000005));
#4821=CARTESIAN_POINT('',(1.873505,2.5,0.006291));
#4822=CARTESIAN_POINT('',(1.873505,0.,0.006291));
#4823=CARTESIAN_POINT('Origin',(1.816274,0.,-0.07497));
#4824=CARTESIAN_POINT('',(1.816274,2.5,-0.0749700000000004));
#4825=CARTESIAN_POINT('',(1.816274,2.5,-0.07497));
#4826=CARTESIAN_POINT('',(1.816274,0.,-0.07497));
#4827=CARTESIAN_POINT('Origin',(1.7631,0.,-0.158942));
#4828=CARTESIAN_POINT('',(1.7631,2.5,-0.158942));
#4829=CARTESIAN_POINT('',(1.7631,2.5,-0.158942));
#4830=CARTESIAN_POINT('',(1.7631,0.,-0.158942));
#4831=CARTESIAN_POINT('Origin',(1.714109,0.,-0.245422));
#4832=CARTESIAN_POINT('',(1.714109,2.5,-0.245422));
#4833=CARTESIAN_POINT('',(1.714109,2.5,-0.245422));
#4834=CARTESIAN_POINT('',(1.714109,0.,-0.245422));
#4835=CARTESIAN_POINT('Origin',(1.669422,0.,-0.334201));
#4836=CARTESIAN_POINT('',(1.669422,2.5,-0.334201));
#4837=CARTESIAN_POINT('',(1.669422,2.5,-0.334201));
#4838=CARTESIAN_POINT('',(1.669422,0.,-0.334201));
#4839=CARTESIAN_POINT('Origin',(1.629144,0.,-0.425066));
#4840=CARTESIAN_POINT('',(1.629144,2.5,-0.425066));
#4841=CARTESIAN_POINT('',(1.629144,2.5,-0.425066));
#4842=CARTESIAN_POINT('',(1.629144,0.,-0.425066));
#4843=CARTESIAN_POINT('Origin',(1.593373,0.,-0.517798));
#4844=CARTESIAN_POINT('',(1.593373,2.5,-0.517798));
#4845=CARTESIAN_POINT('',(1.593373,2.5,-0.517798));
#4846=CARTESIAN_POINT('',(1.593373,0.,-0.517798));
#4847=CARTESIAN_POINT('Origin',(1.562196,0.,-0.612174));
#4848=CARTESIAN_POINT('',(1.562196,2.5,-0.612174));
#4849=CARTESIAN_POINT('',(1.562196,2.5,-0.612174));
#4850=CARTESIAN_POINT('',(1.562196,0.,-0.612174));
#4851=CARTESIAN_POINT('Origin',(1.535687,0.,-0.707965));
#4852=CARTESIAN_POINT('',(1.535687,2.5,-0.707965));
#4853=CARTESIAN_POINT('',(1.535687,2.5,-0.707965));
#4854=CARTESIAN_POINT('',(1.535687,0.,-0.707965));
#4855=CARTESIAN_POINT('Origin',(1.51391,0.,-0.804942));
#4856=CARTESIAN_POINT('',(1.51391,2.5,-0.804942));
#4857=CARTESIAN_POINT('',(1.51391,2.5,-0.804942));
#4858=CARTESIAN_POINT('',(1.51391,0.,-0.804942));
#4859=CARTESIAN_POINT('Origin',(1.496918,0.,-0.902871));
#4860=CARTESIAN_POINT('',(1.496918,2.5,-0.902871));
#4861=CARTESIAN_POINT('',(1.496918,2.5,-0.902871));
#4862=CARTESIAN_POINT('',(1.496918,0.,-0.902871));
#4863=CARTESIAN_POINT('Origin',(1.484751,0.,-1.001515));
#4864=CARTESIAN_POINT('',(1.484751,2.5,-1.001515));
#4865=CARTESIAN_POINT('',(1.484751,2.5,-1.001515));
#4866=CARTESIAN_POINT('',(1.484751,0.,-1.001515));
#4867=CARTESIAN_POINT('Origin',(1.477439,0.,-1.100638));
#4868=CARTESIAN_POINT('',(1.477439,2.5,-1.100638));
#4869=CARTESIAN_POINT('',(1.477439,2.5,-1.100638));
#4870=CARTESIAN_POINT('',(1.477439,0.,-1.100638));
#4871=CARTESIAN_POINT('Origin',(1.475,0.,-1.2));
#4872=CARTESIAN_POINT('',(1.475,2.5,-1.2));
#4873=CARTESIAN_POINT('',(1.475,2.5,-1.2));
#4874=CARTESIAN_POINT('',(1.475,0.,-1.2));
#4875=CARTESIAN_POINT('Origin',(1.475,0.,-4.643821));
#4876=CARTESIAN_POINT('',(1.475,2.5,-4.643821));
#4877=CARTESIAN_POINT('',(1.475,2.5,-4.643821));
#4878=CARTESIAN_POINT('',(1.475,0.,-4.643821));
#4879=CARTESIAN_POINT('Origin',(1.5,0.,-4.668821));
#4880=CARTESIAN_POINT('',(1.5,2.5,-4.668821));
#4881=CARTESIAN_POINT('Origin',(8.05,2.5,-1.3344105));
#4882=UNCERTAINTY_MEASURE_WITH_UNIT(LENGTH_MEASURE(0.001),#4886,
'DISTANCE_ACCURACY_VALUE',
'Maximum model space distance between geometric entities at asserted c
onnectivities');
#4883=UNCERTAINTY_MEASURE_WITH_UNIT(LENGTH_MEASURE(0.001),#4886,
'DISTANCE_ACCURACY_VALUE',
'Maximum model space distance between geometric entities at asserted c
onnectivities');
#4884=(
GEOMETRIC_REPRESENTATION_CONTEXT(3)
GLOBAL_UNCERTAINTY_ASSIGNED_CONTEXT((#4882))
GLOBAL_UNIT_ASSIGNED_CONTEXT((#4886,#4888,#4889))
REPRESENTATION_CONTEXT('','3D')
);
#4885=(
GEOMETRIC_REPRESENTATION_CONTEXT(3)
GLOBAL_UNCERTAINTY_ASSIGNED_CONTEXT((#4883))
GLOBAL_UNIT_ASSIGNED_CONTEXT((#4886,#4888,#4889))
REPRESENTATION_CONTEXT('','3D')
);
#4886=(
LENGTH_UNIT()
NAMED_UNIT(*)
SI_UNIT(.CENTI.,.METRE.)
);
#4887=(
LENGTH_UNIT()
NAMED_UNIT(*)
SI_UNIT($,.METRE.)
);
#4888=(
NAMED_UNIT(*)
PLANE_ANGLE_UNIT()
SI_UNIT($,.RADIAN.)
);
#4889=(
NAMED_UNIT(*)
SI_UNIT($,.STERADIAN.)
SOLID_ANGLE_UNIT()
);
#4890=SHAPE_DEFINITION_REPRESENTATION(#4891,#4892);
#4891=PRODUCT_DEFINITION_SHAPE('',$,#4894);
#4892=SHAPE_REPRESENTATION('',(#3102),#4884);
#4893=PRODUCT_DEFINITION_CONTEXT('part definition',#4898,'design');
#4894=PRODUCT_DEFINITION('SEWCP-901_RF_STRAP','SEWCP-901_RF_STRAP v1',#4895,
#4893);
#4895=PRODUCT_DEFINITION_FORMATION('',$,#4900);
#4896=PRODUCT_RELATED_PRODUCT_CATEGORY('SEWCP-901_RF_STRAP v1',
'SEWCP-901_RF_STRAP v1',(#4900));
#4897=APPLICATION_PROTOCOL_DEFINITION('international standard',
'automotive_design',2009,#4898);
#4898=APPLICATION_CONTEXT(
'Core Data for Automotive Mechanical Design Process');
#4899=PRODUCT_CONTEXT('part definition',#4898,'mechanical');
#4900=PRODUCT('SEWCP-901_RF_STRAP','SEWCP-901_RF_STRAP v1',$,(#4899));
#4901=PRESENTATION_STYLE_ASSIGNMENT((#4902));
#4902=SURFACE_STYLE_USAGE(.BOTH.,#4903);
#4903=SURFACE_SIDE_STYLE('',(#4904));
#4904=SURFACE_STYLE_FILL_AREA(#4905);
#4905=FILL_AREA_STYLE('Copper - Polished',(#4906));
#4906=FILL_AREA_STYLE_COLOUR('Copper - Polished',#4907);
#4907=COLOUR_RGB('Copper - Polished',0.929411764705882,0.807843137254902,
0.764705882352941);
ENDSEC;
END-ISO-10303-21;
